,taken_at,id,media_type,is_unified_video,is_paid_partnership,comment_count,like_count,link,images,description,original_width,original_height,title
0,1651730961,2831246965393515273_30819697525,8,False,False,56010,2857572,https://www.instagram.com/p/CdKnB1LruMJ/,"{'low_resolution': {'width': 480, 'height': 600, 'url': 'https://instagram.fcnd1-1.fna.fbcdn.net/v/t51.2885-15/279778323_1255439211531082_8444815422967872333_n.jpg?stp=dst-jpg_e35_p480x480&_nc_ht=instagram.fcnd1-1.fna.fbcdn.net&_nc_cat=1&_nc_ohc=-6e_ic52ODwAX9TDuwj&edm=ACWDqb8BAAAA&ccb=7-4&ig_cache_key=MjgzMTI0Njk2MDE1MDY5MTQ1OA%3D%3D.2-ccb7-4&oh=00_AT_BrYe5vdGurRIa-L0_qHUa-JS6iGpKrQYqFCFpIduC0A&oe=627FAB6B&_nc_sid=1527a3', 'scans_profile': 'e35', 'estimated_scans_sizes': [5251, 10502, 15753, 21004, 26255, 31609, 912191, 47259, 47259]}, 'thumbnail': {'width': 480, 'height': 600, 'url': 'https://instagram.fcnd1-1.fna.fbcdn.net/v/t51.2885-15/279778323_1255439211531082_8444815422967872333_n.jpg?stp=dst-jpg_e35_p480x480&_nc_ht=instagram.fcnd1-1.fna.fbcdn.net&_nc_cat=1&_nc_ohc=-6e_ic52ODwAX9TDuwj&edm=ACWDqb8BAAAA&ccb=7-4&ig_cache_key=MjgzMTI0Njk2MDE1MDY5MTQ1OA%3D%3D.2-ccb7-4&oh=00_AT_BrYe5vdGurRIa-L0_qHUa-JS6iGpKrQYqFCFpIduC0A&oe=627FAB6B&_nc_sid=1527a3', 'scans_profile': 'e35', 'estimated_scans_sizes': [5251, 10502, 15753, 21004, 26255, 31609, 912191, 47259, 47259]}, 'standard_resolution': {'width': 1440, 'height': 1800, 'url': 'https://instagram.fcnd1-1.fna.fbcdn.net/v/t51.2885-15/279778323_1255439211531082_8444815422967872333_n.jpg?se=7&stp=dst-jpg_e35&_nc_ht=instagram.fcnd1-1.fna.fbcdn.net&_nc_cat=1&_nc_ohc=-6e_ic52ODwAX9TDuwj&edm=ACWDqb8BAAAA&ccb=7-4&ig_cache_key=MjgzMTI0Njk2MDE1MDY5MTQ1OA%3D%3D.2-ccb7-4&oh=00_AT_a6T7PKwWy9bsJQNTrLlik0O0Yit8quXywPjOwUCuFiQ&oe=627FAB6B&_nc_sid=1527a3', 'scans_profile': 'e35', 'estimated_scans_sizes': [26843, 53687, 80531, 107375, 134219, 150191, 191124, 217221, 241595]}}",,,,
1,1650947970,2824678766757742342_30819697525,8,False,False,37817,2345997,https://www.instagram.com/p/CczRl9hLwcG/,"{'low_resolution': {'width': 480, 'height': 600, 'url': 'https://instagram.fcnd1-1.fna.fbcdn.net/v/t51.2885-15/279240863_2859949277632333_7803066805247606411_n.jpg?stp=dst-jpg_e35_p480x480&_nc_ht=instagram.fcnd1-1.fna.fbcdn.net&_nc_cat=101&_nc_ohc=5zUs_-gzOOUAX8Y9zu5&edm=ACWDqb8BAAAA&ccb=7-4&ig_cache_key=MjgyNDY3ODc2MzQwMjIxNDk0Mg%3D%3D.2-ccb7-4&oh=00_AT_Ppd5ihk17wXXL6YLr7w-3xbz6nQGGYxFPsMY7ZbE-MA&oe=627FAFBE&_nc_sid=1527a3', 'scans_profile': 'e35', 'estimated_scans_sizes': [4259, 8518, 12777, 17036, 21295, 25638, 739880, 38332, 38332]}, 'thumbnail': {'width': 480, 'height': 600, 'url': 'https://instagram.fcnd1-1.fna.fbcdn.net/v/t51.2885-15/279240863_2859949277632333_7803066805247606411_n.jpg?stp=dst-jpg_e35_p480x480&_nc_ht=instagram.fcnd1-1.fna.fbcdn.net&_nc_cat=101&_nc_ohc=5zUs_-gzOOUAX8Y9zu5&edm=ACWDqb8BAAAA&ccb=7-4&ig_cache_key=MjgyNDY3ODc2MzQwMjIxNDk0Mg%3D%3D.2-ccb7-4&oh=00_AT_Ppd5ihk17wXXL6YLr7w-3xbz6nQGGYxFPsMY7ZbE-MA&oe=627FAFBE&_nc_sid=1527a3', 'scans_profile': 'e35', 'estimated_scans_sizes': [4259, 8518, 12777, 17036, 21295, 25638, 739880, 38332, 38332]}, 'standard_resolution': {'width': 1440, 'height': 1799, 'url': 'https://instagram.fcnd1-1.fna.fbcdn.net/v/t51.2885-15/279240863_2859949277632333_7803066805247606411_n.jpg?se=7&stp=dst-jpg_e35&_nc_ht=instagram.fcnd1-1.fna.fbcdn.net&_nc_cat=101&_nc_ohc=5zUs_-gzOOUAX8Y9zu5&edm=ACWDqb8BAAAA&ccb=7-4&ig_cache_key=MjgyNDY3ODc2MzQwMjIxNDk0Mg%3D%3D.2-ccb7-4&oh=00_AT_GKR__11hSjK6iWQcn2051QFVAQzKvQBDRMzxRZbdZbg&oe=627FAFBE&_nc_sid=1527a3', 'scans_profile': 'e35', 'estimated_scans_sizes': [16243, 32486, 48730, 64973, 81217, 90881, 115650, 131442, 146191]}}",,,,
2,1649063314,2808869122407892451_30819697525,8,False,False,53666,3098944,https://www.instagram.com/p/Cb7G5W1r4Xj/,"{'low_resolution': {'width': 480, 'height': 600, 'url': 'https://instagram.fcnd1-1.fna.fbcdn.net/v/t51.2885-15/277702702_545027757044592_8745830290026681564_n.jpg?stp=dst-jpg_e35_p480x480&_nc_ht=instagram.fcnd1-1.fna.fbcdn.net&_nc_cat=100&_nc_ohc=ivOwmsNdDE8AX-Q2dwu&edm=ACWDqb8BAAAA&ccb=7-4&ig_cache_key=MjgwODg2OTExOTMxMjI2OTEzMA%3D%3D.2-ccb7-4&oh=00_AT_fc2e2GDWtK4_Ou-JsxknpnTrmkt5EmqCrfAJUVmkTdw&oe=62802E4C&_nc_sid=1527a3', 'scans_profile': 'e35', 'estimated_scans_sizes': [5830, 11661, 17491, 23322, 29152, 35098, 1012879, 52475, 52475]}, 'thumbnail': {'width': 480, 'height': 600, 'url': 'https://instagram.fcnd1-1.fna.fbcdn.net/v/t51.2885-15/277702702_545027757044592_8745830290026681564_n.jpg?stp=dst-jpg_e35_p480x480&_nc_ht=instagram.fcnd1-1.fna.fbcdn.net&_nc_cat=100&_nc_ohc=ivOwmsNdDE8AX-Q2dwu&edm=ACWDqb8BAAAA&ccb=7-4&ig_cache_key=MjgwODg2OTExOTMxMjI2OTEzMA%3D%3D.2-ccb7-4&oh=00_AT_fc2e2GDWtK4_Ou-JsxknpnTrmkt5EmqCrfAJUVmkTdw&oe=62802E4C&_nc_sid=1527a3', 'scans_profile': 'e35', 'estimated_scans_sizes': [5830, 11661, 17491, 23322, 29152, 35098, 1012879, 52475, 52475]}, 'standard_resolution': {'width': 1440, 'height': 1800, 'url': 'https://instagram.fcnd1-1.fna.fbcdn.net/v/t51.2885-15/277702702_545027757044592_8745830290026681564_n.jpg?se=7&stp=dst-jpg_e35&_nc_ht=instagram.fcnd1-1.fna.fbcdn.net&_nc_cat=100&_nc_ohc=ivOwmsNdDE8AX-Q2dwu&edm=ACWDqb8BAAAA&ccb=7-4&ig_cache_key=MjgwODg2OTExOTMxMjI2OTEzMA%3D%3D.2-ccb7-4&oh=00_AT-wpS4Oh95bTcNTkMhqmcbThAu8VTN1Bwylywi3a1haXA&oe=62802E4C&_nc_sid=1527a3', 'scans_profile': 'e35', 'estimated_scans_sizes': [34504, 69009, 103514, 138019, 172524, 193053, 245668, 279214, 310544]}}","Ïö∞Î¶¨ Í≥ß,Î¥Ñ",,,
3,1648109901,2800871314840998621_30819697525,8,False,False,46404,2725065,https://www.instagram.com/p/CbesZ8GrdLd/,"{'low_resolution': {'width': 480, 'height': 600, 'url': 'https://instagram.fcnd1-1.fna.fbcdn.net/v/t51.2885-15/277255184_143073851543457_1034950820487206355_n.jpg?stp=dst-jpg_e35_p480x480&_nc_ht=instagram.fcnd1-1.fna.fbcdn.net&_nc_cat=109&_nc_ohc=HXcwyd9IDs8AX_piSQU&edm=ACWDqb8BAAAA&ccb=7-4&ig_cache_key=MjgwMDg3MDg2MDAyODIyMTUwOA%3D%3D.2-ccb7-4&oh=00_AT8xIg6zFCZYf_wLHI23O10HA6s8sp-0Kj5v96flfKy6Gw&oe=62806305&_nc_sid=1527a3', 'scans_profile': 'e35', 'estimated_scans_sizes': [4601, 9203, 13805, 18407, 23009, 27702, 799438, 41417, 41417]}, 'thumbnail': {'width': 480, 'height': 600, 'url': 'https://instagram.fcnd1-1.fna.fbcdn.net/v/t51.2885-15/277255184_143073851543457_1034950820487206355_n.jpg?stp=dst-jpg_e35_p480x480&_nc_ht=instagram.fcnd1-1.fna.fbcdn.net&_nc_cat=109&_nc_ohc=HXcwyd9IDs8AX_piSQU&edm=ACWDqb8BAAAA&ccb=7-4&ig_cache_key=MjgwMDg3MDg2MDAyODIyMTUwOA%3D%3D.2-ccb7-4&oh=00_AT8xIg6zFCZYf_wLHI23O10HA6s8sp-0Kj5v96flfKy6Gw&oe=62806305&_nc_sid=1527a3', 'scans_profile': 'e35', 'estimated_scans_sizes': [4601, 9203, 13805, 18407, 23009, 27702, 799438, 41417, 41417]}, 'standard_resolution': {'width': 480, 'height': 600, 'url': 'https://instagram.fcnd1-1.fna.fbcdn.net/v/t51.2885-15/277255184_143073851543457_1034950820487206355_n.jpg?stp=dst-jpg_e35_p480x480&_nc_ht=instagram.fcnd1-1.fna.fbcdn.net&_nc_cat=109&_nc_ohc=HXcwyd9IDs8AX_piSQU&edm=ACWDqb8BAAAA&ccb=7-4&ig_cache_key=MjgwMDg3MDg2MDAyODIyMTUwOA%3D%3D.2-ccb7-4&oh=00_AT8xIg6zFCZYf_wLHI23O10HA6s8sp-0Kj5v96flfKy6Gw&oe=62806305&_nc_sid=1527a3', 'scans_profile': 'e35', 'estimated_scans_sizes': [4601, 9203, 13805, 18407, 23009, 27702, 799438, 41417, 41417]}}",üï∫üï∫,,,
4,1646990017,2791477050122067091_30819697525,8,False,False,48338,3315948,https://www.instagram.com/p/Ca9UZZTLlyT/,"{'low_resolution': {'width': 480, 'height': 600, 'url': 'https://instagram.fcnd1-1.fna.fbcdn.net/v/t51.2885-15/275534756_115659621051276_1118029886112830744_n.jpg?stp=dst-jpg_e35_p480x480&_nc_ht=instagram.fcnd1-1.fna.fbcdn.net&_nc_cat=100&_nc_ohc=NtW3tmAazKkAX_zVQVM&edm=ACWDqb8BAAAA&ccb=7-4&ig_cache_key=Mjc5MTQ3NzA0NjI3MTc2OTg5Mg%3D%3D.2-ccb7-4&oh=00_AT9N7dugtkwaeyQYYCP8m95SEzuUMbql1YGR2RCSHFUQ_w&oe=627F3D1D&_nc_sid=1527a3', 'scans_profile': 'e35', 'estimated_scans_sizes': [4976, 9952, 14929, 19905, 24881, 29956, 864485, 44787, 44787]}, 'thumbnail': {'width': 480, 'height': 600, 'url': 'https://instagram.fcnd1-1.fna.fbcdn.net/v/t51.2885-15/275534756_115659621051276_1118029886112830744_n.jpg?stp=dst-jpg_e35_p480x480&_nc_ht=instagram.fcnd1-1.fna.fbcdn.net&_nc_cat=100&_nc_ohc=NtW3tmAazKkAX_zVQVM&edm=ACWDqb8BAAAA&ccb=7-4&ig_cache_key=Mjc5MTQ3NzA0NjI3MTc2OTg5Mg%3D%3D.2-ccb7-4&oh=00_AT9N7dugtkwaeyQYYCP8m95SEzuUMbql1YGR2RCSHFUQ_w&oe=627F3D1D&_nc_sid=1527a3', 'scans_profile': 'e35', 'estimated_scans_sizes': [4976, 9952, 14929, 19905, 24881, 29956, 864485, 44787, 44787]}, 'standard_resolution': {'width': 1440, 'height': 1800, 'url': 'https://instagram.fcnd1-1.fna.fbcdn.net/v/t51.2885-15/275534756_115659621051276_1118029886112830744_n.jpg?se=7&stp=dst-jpg_e35&_nc_ht=instagram.fcnd1-1.fna.fbcdn.net&_nc_cat=100&_nc_ohc=NtW3tmAazKkAX_zVQVM&edm=ACWDqb8BAAAA&ccb=7-4&ig_cache_key=Mjc5MTQ3NzA0NjI3MTc2OTg5Mg%3D%3D.2-ccb7-4&oh=00_AT_SqwfLHxTupigd_e3ypi9lfn12TOcw_rd4j0kmllt8QQ&oe=627F3D1D&_nc_sid=1527a3', 'scans_profile': 'e35', 'estimated_scans_sizes': [23599, 47199, 70799, 94399, 117999, 132040, 168027, 190970, 212399]}}",it must have been a nightmare,,,
5,1646898760,2790711526148759378_30819697525,8,False,False,74741,3408642,https://www.instagram.com/p/Ca6mVjir19S/,"{'low_resolution': {'width': 480, 'height': 600, 'url': 'https://instagram.fcnd1-1.fna.fbcdn.net/v/t51.2885-15/275470084_518519013121432_9203574035121733330_n.jpg?stp=dst-jpg_e35_p480x480&_nc_ht=instagram.fcnd1-1.fna.fbcdn.net&_nc_cat=104&_nc_ohc=6aNXJPPeiPoAX-SBHCi&edm=ACWDqb8BAAAA&ccb=7-4&ig_cache_key=Mjc5MDcxMTUyMTAzMTcyMjU5OQ%3D%3D.2-ccb7-4&oh=00_AT9dXh5ABJgKlfRiha4Fyqcm52gfVVUBGpIu4pNCVB9ULA&oe=627FC79C&_nc_sid=1527a3', 'scans_profile': 'e35', 'estimated_scans_sizes': [5529, 11059, 16588, 22118, 27647, 33286, 960582, 49766, 49766]}, 'thumbnail': {'width': 480, 'height': 600, 'url': 'https://instagram.fcnd1-1.fna.fbcdn.net/v/t51.2885-15/275470084_518519013121432_9203574035121733330_n.jpg?stp=dst-jpg_e35_p480x480&_nc_ht=instagram.fcnd1-1.fna.fbcdn.net&_nc_cat=104&_nc_ohc=6aNXJPPeiPoAX-SBHCi&edm=ACWDqb8BAAAA&ccb=7-4&ig_cache_key=Mjc5MDcxMTUyMTAzMTcyMjU5OQ%3D%3D.2-ccb7-4&oh=00_AT9dXh5ABJgKlfRiha4Fyqcm52gfVVUBGpIu4pNCVB9ULA&oe=627FC79C&_nc_sid=1527a3', 'scans_profile': 'e35', 'estimated_scans_sizes': [5529, 11059, 16588, 22118, 27647, 33286, 960582, 49766, 49766]}, 'standard_resolution': {'width': 1440, 'height': 1800, 'url': 'https://instagram.fcnd1-1.fna.fbcdn.net/v/t51.2885-15/275470084_518519013121432_9203574035121733330_n.jpg?se=7&stp=dst-jpg_e35&_nc_ht=instagram.fcnd1-1.fna.fbcdn.net&_nc_cat=104&_nc_ohc=6aNXJPPeiPoAX-SBHCi&edm=ACWDqb8BAAAA&ccb=7-4&ig_cache_key=Mjc5MDcxMTUyMTAzMTcyMjU5OQ%3D%3D.2-ccb7-4&oh=00_AT_x6mtorElXHgCHpn6_aP5mLrql9qsPpYmFmD0IlELLug&oe=627FC79C&_nc_sid=1527a3', 'scans_profile': 'e35', 'estimated_scans_sizes': [30386, 60772, 91158, 121544, 151930, 170009, 216343, 245885, 273475]}}",Ìá¥Í∑ºÎÑ§Ïª∑,,,
6,1646057876,2783657680165948377_30819697525,8,False,False,31299,2594620,https://www.instagram.com/p/CahielilEvZ/,"{'low_resolution': {'width': 480, 'height': 360, 'url': 'https://instagram.fcnd1-1.fna.fbcdn.net/v/t51.2885-15/274888241_152110150549906_4112038916268071777_n.jpg?stp=dst-jpg_e35_s480x480&_nc_ht=instagram.fcnd1-1.fna.fbcdn.net&_nc_cat=110&_nc_ohc=lWeYfBnF6_0AX9I4Neo&edm=ACWDqb8BAAAA&ccb=7-4&ig_cache_key=Mjc4MzY1NzY3NzI2MzY2MTY0OQ%3D%3D.2-ccb7-4&oh=00_AT-TfOMAu3nLYDUJyvA6tNADdsxxhjU2gkE418JEipUJ3g&oe=62808578&_nc_sid=1527a3', 'scans_profile': 'e35', 'estimated_scans_sizes': [3441, 6883, 10325, 13766, 17208, 20717, 597886, 30975, 30975]}, 'thumbnail': {'width': 480, 'height': 360, 'url': 'https://instagram.fcnd1-1.fna.fbcdn.net/v/t51.2885-15/274888241_152110150549906_4112038916268071777_n.jpg?stp=dst-jpg_e35_s480x480&_nc_ht=instagram.fcnd1-1.fna.fbcdn.net&_nc_cat=110&_nc_ohc=lWeYfBnF6_0AX9I4Neo&edm=ACWDqb8BAAAA&ccb=7-4&ig_cache_key=Mjc4MzY1NzY3NzI2MzY2MTY0OQ%3D%3D.2-ccb7-4&oh=00_AT-TfOMAu3nLYDUJyvA6tNADdsxxhjU2gkE418JEipUJ3g&oe=62808578&_nc_sid=1527a3', 'scans_profile': 'e35', 'estimated_scans_sizes': [3441, 6883, 10325, 13766, 17208, 20717, 597886, 30975, 30975]}, 'standard_resolution': {'width': 1440, 'height': 1080, 'url': 'https://instagram.fcnd1-1.fna.fbcdn.net/v/t51.2885-15/274888241_152110150549906_4112038916268071777_n.jpg?se=7&stp=dst-jpg_e35&_nc_ht=instagram.fcnd1-1.fna.fbcdn.net&_nc_cat=110&_nc_ohc=lWeYfBnF6_0AX9I4Neo&edm=ACWDqb8BAAAA&ccb=7-4&ig_cache_key=Mjc4MzY1NzY3NzI2MzY2MTY0OQ%3D%3D.2-ccb7-4&oh=00_AT8WhgEnCQ7O5cffpd2JWy3l2qMyPqERBEEkxFUsi5wCiQ&oe=62808578&_nc_sid=1527a3', 'scans_profile': 'e35', 'estimated_scans_sizes': [17499, 34999, 52499, 69999, 87499, 97911, 124596, 141609, 157499]}}",ÍΩÅÏãúÏäàÏ¶à,,,
7,1645694933,2780613098847163546_30819697525,8,False,False,53074,3190491,https://www.instagram.com/p/CaWuOGOlVSa/,"{'low_resolution': {'width': 480, 'height': 600, 'url': 'https://instagram.fcnd1-1.fna.fbcdn.net/v/t51.2885-15/274515452_1014018296204120_9090774394911749068_n.jpg?stp=dst-jpg_e35_p480x480&_nc_ht=instagram.fcnd1-1.fna.fbcdn.net&_nc_cat=108&_nc_ohc=sHc5Gzdgce4AX-wfSpS&edm=ACWDqb8BAAAA&ccb=7-4&ig_cache_key=Mjc4MDYxMzA5NTU3NTY4NzgwOQ%3D%3D.2-ccb7-4&oh=00_AT_x9Kt8kmHqTim5Jgu3E-U0ce_ChxdxgjkQUxK3g2eoKw&oe=62805256&_nc_sid=1527a3', 'scans_profile': 'e35', 'estimated_scans_sizes': [5674, 11349, 17024, 22699, 28373, 34160, 985818, 51073, 51073]}, 'thumbnail': {'width': 480, 'height': 600, 'url': 'https://instagram.fcnd1-1.fna.fbcdn.net/v/t51.2885-15/274515452_1014018296204120_9090774394911749068_n.jpg?stp=dst-jpg_e35_p480x480&_nc_ht=instagram.fcnd1-1.fna.fbcdn.net&_nc_cat=108&_nc_ohc=sHc5Gzdgce4AX-wfSpS&edm=ACWDqb8BAAAA&ccb=7-4&ig_cache_key=Mjc4MDYxMzA5NTU3NTY4NzgwOQ%3D%3D.2-ccb7-4&oh=00_AT_x9Kt8kmHqTim5Jgu3E-U0ce_ChxdxgjkQUxK3g2eoKw&oe=62805256&_nc_sid=1527a3', 'scans_profile': 'e35', 'estimated_scans_sizes': [5674, 11349, 17024, 22699, 28373, 34160, 985818, 51073, 51073]}, 'standard_resolution': {'width': 1440, 'height': 1800, 'url': 'https://instagram.fcnd1-1.fna.fbcdn.net/v/t51.2885-15/274515452_1014018296204120_9090774394911749068_n.jpg?se=7&stp=dst-jpg_e35&_nc_ht=instagram.fcnd1-1.fna.fbcdn.net&_nc_cat=108&_nc_ohc=sHc5Gzdgce4AX-wfSpS&edm=ACWDqb8BAAAA&ccb=7-4&ig_cache_key=Mjc4MDYxMzA5NTU3NTY4NzgwOQ%3D%3D.2-ccb7-4&oh=00_AT_WSI7jRmBzsE8goc8u3SL33awwN1qT78-oywBkii8KbQ&oe=62805256&_nc_sid=1527a3', 'scans_profile': 'e35', 'estimated_scans_sizes': [32335, 64670, 97006, 129341, 161677, 180916, 230222, 261659, 291019]}}","@Prada #PradaFW22 #PradaTriangle #Í¥ëÍ≥† 
ÎØ∏Ïö∞ÏπòÏïÑ ÌîÑÎùºÎã§ÏôÄ ÎùºÌîÑÏãúÎ®ºÏä§Í∞Ä Ìï®ÍªòÌïòÎäî ÌîÑÎùºÎã§ FW22 Ïó¨ÏÑ±Î≥µ Ïª¨Î†âÏÖò, 2022ÎÖÑ 2Ïõî 24Ïùº Ïò§ÌõÑ 10Ïãú ÌîÑÎùºÎã§ Îã∑Ïª¥ÏùÑ ÌÜµÌï¥ Ìï®Íªò Î≥¥ÏûêÍµ¨Ïöî",,,
8,1644892370,2773880710400677542_30819697525,8,False,False,40185,2995520,https://www.instagram.com/p/CZ-zc84vZam/,"{'low_resolution': {'width': 480, 'height': 325, 'url': 'https://instagram.fcnd1-1.fna.fbcdn.net/v/t51.2885-15/273959550_279105214366056_7723187982716327003_n.jpg?stp=dst-jpg_e35_s480x480&_nc_ht=instagram.fcnd1-1.fna.fbcdn.net&_nc_cat=100&_nc_ohc=GrN-qHnjYlIAX_qQU4k&edm=ACWDqb8BAAAA&ccb=7-4&ig_cache_key=Mjc3Mzg4MDcwNTgyODkwNjQzNQ%3D%3D.2-ccb7-4&oh=00_AT9Tdz5GlgZYXoMsCY9TPMXmTBc0rEpIMgLo1m_5ZhZICA&oe=627FD3E2&_nc_sid=1527a3', 'scans_profile': 'e35', 'estimated_scans_sizes': [3775, 7550, 11325, 15100, 18875, 22725, 655817, 33976, 33976]}, 'thumbnail': {'width': 480, 'height': 325, 'url': 'https://instagram.fcnd1-1.fna.fbcdn.net/v/t51.2885-15/273959550_279105214366056_7723187982716327003_n.jpg?stp=dst-jpg_e35_s480x480&_nc_ht=instagram.fcnd1-1.fna.fbcdn.net&_nc_cat=100&_nc_ohc=GrN-qHnjYlIAX_qQU4k&edm=ACWDqb8BAAAA&ccb=7-4&ig_cache_key=Mjc3Mzg4MDcwNTgyODkwNjQzNQ%3D%3D.2-ccb7-4&oh=00_AT9Tdz5GlgZYXoMsCY9TPMXmTBc0rEpIMgLo1m_5ZhZICA&oe=627FD3E2&_nc_sid=1527a3', 'scans_profile': 'e35', 'estimated_scans_sizes': [3775, 7550, 11325, 15100, 18875, 22725, 655817, 33976, 33976]}, 'standard_resolution': {'width': 1440, 'height': 975, 'url': 'https://instagram.fcnd1-1.fna.fbcdn.net/v/t51.2885-15/273959550_279105214366056_7723187982716327003_n.jpg?se=7&stp=dst-jpg_e35&_nc_ht=instagram.fcnd1-1.fna.fbcdn.net&_nc_cat=100&_nc_ohc=GrN-qHnjYlIAX_qQU4k&edm=ACWDqb8BAAAA&ccb=7-4&ig_cache_key=Mjc3Mzg4MDcwNTgyODkwNjQzNQ%3D%3D.2-ccb7-4&oh=00_AT8xurcUmwtikkOYuddMetOcexNZYqql1QyOV2B1dXNW-w&oe=627FD3E2&_nc_sid=1527a3', 'scans_profile': 'e35', 'estimated_scans_sizes': [24559, 49119, 73678, 98238, 122797, 137410, 174859, 198736, 221036]}}",one-o-one,,,
9,1644846103,2773492597733523867_30819697525,8,False,False,93708,3416110,https://www.instagram.com/p/CZ9bNKzFQGb/,"{'low_resolution': {'width': 480, 'height': 600, 'url': 'https://instagram.fcnd1-1.fna.fbcdn.net/v/t51.2885-15/273977494_858511868326363_2064309277532629094_n.jpg?stp=dst-jpg_e35_p480x480&_nc_ht=instagram.fcnd1-1.fna.fbcdn.net&_nc_cat=107&_nc_ohc=o1MDOV1STAMAX9HF5Fs&edm=ACWDqb8BAAAA&ccb=7-4&ig_cache_key=Mjc3MzQ5MjU5MzU4OTU3NTcwNQ%3D%3D.2-ccb7-4&oh=00_AT9T8PsAnnvrHZvjGyjX1nFCoyKRChdveNJfVzq-lcIJmw&oe=627F990A&_nc_sid=1527a3', 'scans_profile': 'e35', 'estimated_scans_sizes': [4271, 8542, 12814, 17085, 21357, 25712, 742023, 38443, 38443]}, 'thumbnail': {'width': 480, 'height': 600, 'url': 'https://instagram.fcnd1-1.fna.fbcdn.net/v/t51.2885-15/273977494_858511868326363_2064309277532629094_n.jpg?stp=dst-jpg_e35_p480x480&_nc_ht=instagram.fcnd1-1.fna.fbcdn.net&_nc_cat=107&_nc_ohc=o1MDOV1STAMAX9HF5Fs&edm=ACWDqb8BAAAA&ccb=7-4&ig_cache_key=Mjc3MzQ5MjU5MzU4OTU3NTcwNQ%3D%3D.2-ccb7-4&oh=00_AT9T8PsAnnvrHZvjGyjX1nFCoyKRChdveNJfVzq-lcIJmw&oe=627F990A&_nc_sid=1527a3', 'scans_profile': 'e35', 'estimated_scans_sizes': [4271, 8542, 12814, 17085, 21357, 25712, 742023, 38443, 38443]}, 'standard_resolution': {'width': 1440, 'height': 1799, 'url': 'https://instagram.fcnd1-1.fna.fbcdn.net/v/t51.2885-15/273977494_858511868326363_2064309277532629094_n.jpg?se=7&stp=dst-jpg_e35&_nc_ht=instagram.fcnd1-1.fna.fbcdn.net&_nc_cat=107&_nc_ohc=o1MDOV1STAMAX9HF5Fs&edm=ACWDqb8BAAAA&ccb=7-4&ig_cache_key=Mjc3MzQ5MjU5MzU4OTU3NTcwNQ%3D%3D.2-ccb7-4&oh=00_AT9ahIkbU0wHUs9M_wek4RawnJrhnXF2I1ZEexRl1DVFSw&oe=627F990A&_nc_sid=1527a3', 'scans_profile': 'e35', 'estimated_scans_sizes': [16356, 32712, 49069, 65425, 81782, 91514, 116455, 132357, 147208]}}",üéÇüç´,,,
10,1642415925,2753106780351826016_30819697525,1,False,False,40048,2817741,https://www.instagram.com/p/CY1AAe3lwhg/,"{'low_resolution': {'width': 480, 'height': 582, 'url': 'https://instagram.fcnd1-1.fna.fbcdn.net/v/t51.2885-15/271953956_143918171393911_7033592023265085340_n.jpg?stp=dst-jpg_e35_p480x480&_nc_ht=instagram.fcnd1-1.fna.fbcdn.net&_nc_cat=107&_nc_ohc=CY0efGZE0qkAX8dvnVs&edm=ACWDqb8BAAAA&ccb=7-4&ig_cache_key=Mjc1MzEwNjc4MDM1MTgyNjAxNg%3D%3D.2-ccb7-4&oh=00_AT_uKja4pwnNO2QkhxTAVLzNplYgY0I0s9SF81iHeIbbXg&oe=6280053E&_nc_sid=1527a3', 'scans_profile': 'e35', 'estimated_scans_sizes': [5738, 11476, 17215, 22953, 28692, 51646, 51646, 51646, 51646]}, 'thumbnail': {'width': 480, 'height': 582, 'url': 'https://instagram.fcnd1-1.fna.fbcdn.net/v/t51.2885-15/271953956_143918171393911_7033592023265085340_n.jpg?stp=dst-jpg_e35_p480x480&_nc_ht=instagram.fcnd1-1.fna.fbcdn.net&_nc_cat=107&_nc_ohc=CY0efGZE0qkAX8dvnVs&edm=ACWDqb8BAAAA&ccb=7-4&ig_cache_key=Mjc1MzEwNjc4MDM1MTgyNjAxNg%3D%3D.2-ccb7-4&oh=00_AT_uKja4pwnNO2QkhxTAVLzNplYgY0I0s9SF81iHeIbbXg&oe=6280053E&_nc_sid=1527a3', 'scans_profile': 'e35', 'estimated_scans_sizes': [5738, 11476, 17215, 22953, 28692, 51646, 51646, 51646, 51646]}, 'standard_resolution': {'width': 1440, 'height': 1747, 'url': 'https://instagram.fcnd1-1.fna.fbcdn.net/v/t51.2885-15/271953956_143918171393911_7033592023265085340_n.jpg?se=7&stp=dst-jpg_e35&_nc_ht=instagram.fcnd1-1.fna.fbcdn.net&_nc_cat=107&_nc_ohc=CY0efGZE0qkAX8dvnVs&edm=ACWDqb8BAAAA&ccb=7-4&ig_cache_key=Mjc1MzEwNjc4MDM1MTgyNjAxNg%3D%3D.2-ccb7-4&oh=00_AT8Y_AQ7TvlIMqWHi61sYB_aHlhExrIXXml00P2N8wmxEw&oe=6280053E&_nc_sid=1527a3', 'scans_profile': 'e35', 'estimated_scans_sizes': [37183, 74366, 111549, 148732, 185915, 334648, 334648, 334648, 334648]}}",,1440.0,1747.0,
11,1642314483,2752255823558017467_30819697525,8,False,False,45006,2885393,https://www.instagram.com/p/CYx-hbmLQG7/,"{'low_resolution': {'width': 480, 'height': 600, 'url': 'https://instagram.fcnd1-1.fna.fbcdn.net/v/t51.2885-15/271975024_3196715250559404_2778790606280198382_n.jpg?stp=dst-jpg_e35_p480x480&_nc_ht=instagram.fcnd1-1.fna.fbcdn.net&_nc_cat=100&_nc_ohc=l3hmxxD-0a4AX8NrhiJ&edm=ACWDqb8BAAAA&ccb=7-4&ig_cache_key=Mjc1MjI1NTgxOTIxMjY2NTcxMw%3D%3D.2-ccb7-4&oh=00_AT_kVsQbiWqVd-hS2qBqpKHFwXtDuS9rpHduAhPEYCifQA&oe=6280A925&_nc_sid=1527a3', 'scans_profile': 'e35', 'estimated_scans_sizes': [4601, 9202, 13804, 18405, 23007, 41413, 41413, 41413, 41413]}, 'thumbnail': {'width': 480, 'height': 600, 'url': 'https://instagram.fcnd1-1.fna.fbcdn.net/v/t51.2885-15/271975024_3196715250559404_2778790606280198382_n.jpg?stp=dst-jpg_e35_p480x480&_nc_ht=instagram.fcnd1-1.fna.fbcdn.net&_nc_cat=100&_nc_ohc=l3hmxxD-0a4AX8NrhiJ&edm=ACWDqb8BAAAA&ccb=7-4&ig_cache_key=Mjc1MjI1NTgxOTIxMjY2NTcxMw%3D%3D.2-ccb7-4&oh=00_AT_kVsQbiWqVd-hS2qBqpKHFwXtDuS9rpHduAhPEYCifQA&oe=6280A925&_nc_sid=1527a3', 'scans_profile': 'e35', 'estimated_scans_sizes': [4601, 9202, 13804, 18405, 23007, 41413, 41413, 41413, 41413]}, 'standard_resolution': {'width': 1440, 'height': 1799, 'url': 'https://instagram.fcnd1-1.fna.fbcdn.net/v/t51.2885-15/271975024_3196715250559404_2778790606280198382_n.jpg?se=7&stp=dst-jpg_e35&_nc_ht=instagram.fcnd1-1.fna.fbcdn.net&_nc_cat=100&_nc_ohc=l3hmxxD-0a4AX8NrhiJ&edm=ACWDqb8BAAAA&ccb=7-4&ig_cache_key=Mjc1MjI1NTgxOTIxMjY2NTcxMw%3D%3D.2-ccb7-4&oh=00_AT_f3B7TttcEKLNHV3YM1VcdDyX2Wt7mMVpZ-rsO0gRsOg&oe=6280A925&_nc_sid=1527a3', 'scans_profile': 'e35', 'estimated_scans_sizes': [26750, 53501, 80252, 107003, 133754, 240758, 240758, 240758, 240758]}}","ÎØ∏Ïö∞ÏπòÏïÑ ÌîÑÎùºÎã§ÏôÄ ÎùºÌîÑÏãúÎ®ºÏä§Í∞Ä Ìï®ÍªòÌïòÎäî ÌîÑÎùºÎã§ FW22 ÎÇ®ÏÑ±Î≥µ Ïª¨Î†âÏÖò, 2022ÎÖÑ 1Ïõî 16Ïùº Ïò§ÌõÑ 10Ïãú ÌîÑÎùºÎã§ Îã∑Ïª¥ÏùÑ ÌÜµÌï¥ Ìï®Íªò Î≥¥Ïã§ Ïàò ÏûàÏäµÎãàÎã§. 
@prada #pradafw22 #pradatriangle #Í¥ëÍ≥†",,,
12,1641552209,2745861404985054931_30819697525,8,False,False,44365,3013447,https://www.instagram.com/p/CYbQmZOltbT/,"{'low_resolution': {'width': 480, 'height': 362, 'url': 'https://instagram.fcnd1-1.fna.fbcdn.net/v/t51.2885-15/271384663_347473823516349_6397331989398671098_n.jpg?stp=dst-jpg_e35_s480x480&_nc_ht=instagram.fcnd1-1.fna.fbcdn.net&_nc_cat=109&_nc_ohc=teLN05naOVcAX_JRjSE&edm=ACWDqb8BAAAA&ccb=7-4&ig_cache_key=Mjc0NTg2MTM5OTkwOTc5MjMxOQ%3D%3D.2-ccb7-4&oh=00_AT9jcKdVpin9-mGHLnb6h0Ppqs4YxVmI-gZ5uVCxznBpTA&oe=627EDB03&_nc_sid=1527a3', 'scans_profile': 'e35', 'estimated_scans_sizes': [3530, 7061, 10591, 14122, 17652, 21253, 613331, 31775, 31775]}, 'thumbnail': {'width': 480, 'height': 362, 'url': 'https://instagram.fcnd1-1.fna.fbcdn.net/v/t51.2885-15/271384663_347473823516349_6397331989398671098_n.jpg?stp=dst-jpg_e35_s480x480&_nc_ht=instagram.fcnd1-1.fna.fbcdn.net&_nc_cat=109&_nc_ohc=teLN05naOVcAX_JRjSE&edm=ACWDqb8BAAAA&ccb=7-4&ig_cache_key=Mjc0NTg2MTM5OTkwOTc5MjMxOQ%3D%3D.2-ccb7-4&oh=00_AT9jcKdVpin9-mGHLnb6h0Ppqs4YxVmI-gZ5uVCxznBpTA&oe=627EDB03&_nc_sid=1527a3', 'scans_profile': 'e35', 'estimated_scans_sizes': [3530, 7061, 10591, 14122, 17652, 21253, 613331, 31775, 31775]}, 'standard_resolution': {'width': 1440, 'height': 1085, 'url': 'https://instagram.fcnd1-1.fna.fbcdn.net/v/t51.2885-15/271384663_347473823516349_6397331989398671098_n.jpg?se=7&stp=dst-jpg_e35&_nc_ht=instagram.fcnd1-1.fna.fbcdn.net&_nc_cat=109&_nc_ohc=teLN05naOVcAX_JRjSE&edm=ACWDqb8BAAAA&ccb=7-4&ig_cache_key=Mjc0NTg2MTM5OTkwOTc5MjMxOQ%3D%3D.2-ccb7-4&oh=00_AT-gW8uYlpOgiIm-UdobysA0jSd4Y27fE7X_crEw21a1bg&oe=627EDB03&_nc_sid=1527a3', 'scans_profile': 'e35', 'estimated_scans_sizes': [18475, 36950, 55426, 73901, 92376, 103369, 131541, 149503, 166278]}}","Adidas X Prada Re-Nylon collection
@prada #adidasforprada #Í¥ëÍ≥†",,,
13,1640428803,2736437599514619460_30819697525,8,False,False,67304,3301191,https://www.instagram.com/p/CX5x3-dF25E/,"{'low_resolution': {'width': 480, 'height': 600, 'url': 'https://instagram.fcnd1-1.fna.fbcdn.net/v/t51.2885-15/269895410_1237580713396738_8835276200206894964_n.jpg?stp=dst-jpg_e35_p480x480&_nc_ht=instagram.fcnd1-1.fna.fbcdn.net&_nc_cat=110&_nc_ohc=vA-A55B2dVAAX96wp2I&edm=ACWDqb8BAAAA&ccb=7-4&ig_cache_key=MjczNjQzNzU5NzQ2NzYzMDc4Mw%3D%3D.2-ccb7-4&oh=00_AT8BIPVd3NqXY9TYqdmr7SGlngJOlIg95NiGu3vM6fQ9jw&oe=627F111C&_nc_sid=1527a3', 'scans_profile': 'e35', 'estimated_scans_sizes': [4331, 8663, 12995, 17326, 21658, 26075, 752482, 38985, 38985]}, 'thumbnail': {'width': 480, 'height': 600, 'url': 'https://instagram.fcnd1-1.fna.fbcdn.net/v/t51.2885-15/269895410_1237580713396738_8835276200206894964_n.jpg?stp=dst-jpg_e35_p480x480&_nc_ht=instagram.fcnd1-1.fna.fbcdn.net&_nc_cat=110&_nc_ohc=vA-A55B2dVAAX96wp2I&edm=ACWDqb8BAAAA&ccb=7-4&ig_cache_key=MjczNjQzNzU5NzQ2NzYzMDc4Mw%3D%3D.2-ccb7-4&oh=00_AT8BIPVd3NqXY9TYqdmr7SGlngJOlIg95NiGu3vM6fQ9jw&oe=627F111C&_nc_sid=1527a3', 'scans_profile': 'e35', 'estimated_scans_sizes': [4331, 8663, 12995, 17326, 21658, 26075, 752482, 38985, 38985]}, 'standard_resolution': {'width': 1440, 'height': 1800, 'url': 'https://instagram.fcnd1-1.fna.fbcdn.net/v/t51.2885-15/269895410_1237580713396738_8835276200206894964_n.jpg?se=7&stp=dst-jpg_e35&_nc_ht=instagram.fcnd1-1.fna.fbcdn.net&_nc_cat=110&_nc_ohc=vA-A55B2dVAAX96wp2I&edm=ACWDqb8BAAAA&ccb=7-4&ig_cache_key=MjczNjQzNzU5NzQ2NzYzMDc4Mw%3D%3D.2-ccb7-4&oh=00_AT9QgWIK9h-syrUqQTddsPmbY1rDVlcRWR9dEcZFtF5rQQ&oe=627F111C&_nc_sid=1527a3', 'scans_profile': 'e35', 'estimated_scans_sizes': [16920, 33841, 50761, 67682, 84602, 94670, 120471, 136921, 152285]}}",üéÑ,,,
14,1639920154,2732170741898735851_30819697525,8,False,False,55444,3129829,https://www.instagram.com/p/CXqntBolvDr/,"{'low_resolution': {'width': 480, 'height': 600, 'url': 'https://instagram.fcnd1-1.fna.fbcdn.net/v/t51.2885-15/269021420_913902425975458_5732744840754420627_n.jpg?stp=dst-jpg_e35_p480x480&_nc_ht=instagram.fcnd1-1.fna.fbcdn.net&_nc_cat=110&_nc_ohc=XuQok4em5aIAX-R0GJl&edm=ACWDqb8BAAAA&ccb=7-4&ig_cache_key=MjczMjE3MDczODQwMDYxOTI1MA%3D%3D.2-ccb7-4&oh=00_AT_DMWPnBm5qTo0wpjAEgmmi6QaJB0fYfx426IT4Z1Yv_Q&oe=6280935D&_nc_sid=1527a3', 'scans_profile': 'e35', 'estimated_scans_sizes': [5513, 11027, 16540, 22054, 27567, 33190, 957814, 49622, 49622]}, 'thumbnail': {'width': 480, 'height': 600, 'url': 'https://instagram.fcnd1-1.fna.fbcdn.net/v/t51.2885-15/269021420_913902425975458_5732744840754420627_n.jpg?stp=dst-jpg_e35_p480x480&_nc_ht=instagram.fcnd1-1.fna.fbcdn.net&_nc_cat=110&_nc_ohc=XuQok4em5aIAX-R0GJl&edm=ACWDqb8BAAAA&ccb=7-4&ig_cache_key=MjczMjE3MDczODQwMDYxOTI1MA%3D%3D.2-ccb7-4&oh=00_AT_DMWPnBm5qTo0wpjAEgmmi6QaJB0fYfx426IT4Z1Yv_Q&oe=6280935D&_nc_sid=1527a3', 'scans_profile': 'e35', 'estimated_scans_sizes': [5513, 11027, 16540, 22054, 27567, 33190, 957814, 49622, 49622]}, 'standard_resolution': {'width': 1440, 'height': 1800, 'url': 'https://instagram.fcnd1-1.fna.fbcdn.net/v/t51.2885-15/269021420_913902425975458_5732744840754420627_n.jpg?se=7&stp=dst-jpg_e35&_nc_ht=instagram.fcnd1-1.fna.fbcdn.net&_nc_cat=110&_nc_ohc=XuQok4em5aIAX-R0GJl&edm=ACWDqb8BAAAA&ccb=7-4&ig_cache_key=MjczMjE3MDczODQwMDYxOTI1MA%3D%3D.2-ccb7-4&oh=00_AT8rvNKPrO9drg864-QJk649ToyNvE9JMlcW4ZIeyRI7eA&oe=6280935D&_nc_sid=1527a3', 'scans_profile': 'e35', 'estimated_scans_sizes': [30176, 60353, 90529, 120706, 150882, 168837, 214851, 244189, 271589]}}",,,,
15,1639232867,2726405354567839631_30819697525,8,False,False,84312,3397052,https://www.instagram.com/p/CXWIzmQvS-P/,"{'low_resolution': {'width': 480, 'height': 600, 'url': 'https://instagram.fcnd1-1.fna.fbcdn.net/v/t51.2885-15/265599297_581961039547792_5956936953768649033_n.jpg?stp=dst-jpg_e35_p480x480&_nc_ht=instagram.fcnd1-1.fna.fbcdn.net&_nc_cat=104&_nc_ohc=s6qDNwZhGx0AX8hA_-r&edm=ACWDqb8BAAAA&ccb=7-4&ig_cache_key=MjcyNjQwNTM1MDgwMTM1MDg0OA%3D%3D.2-ccb7-4&oh=00_AT_KuvApS_ig_ayPWJoBHNWGUoSNCw9xuEtjclE6rJRXXw&oe=62801A1F&_nc_sid=1527a3', 'scans_profile': 'e35', 'estimated_scans_sizes': [3749, 7499, 11248, 14998, 18747, 22571, 651373, 33746, 33746]}, 'thumbnail': {'width': 480, 'height': 600, 'url': 'https://instagram.fcnd1-1.fna.fbcdn.net/v/t51.2885-15/265599297_581961039547792_5956936953768649033_n.jpg?stp=dst-jpg_e35_p480x480&_nc_ht=instagram.fcnd1-1.fna.fbcdn.net&_nc_cat=104&_nc_ohc=s6qDNwZhGx0AX8hA_-r&edm=ACWDqb8BAAAA&ccb=7-4&ig_cache_key=MjcyNjQwNTM1MDgwMTM1MDg0OA%3D%3D.2-ccb7-4&oh=00_AT_KuvApS_ig_ayPWJoBHNWGUoSNCw9xuEtjclE6rJRXXw&oe=62801A1F&_nc_sid=1527a3', 'scans_profile': 'e35', 'estimated_scans_sizes': [3749, 7499, 11248, 14998, 18747, 22571, 651373, 33746, 33746]}, 'standard_resolution': {'width': 1440, 'height': 1800, 'url': 'https://instagram.fcnd1-1.fna.fbcdn.net/v/t51.2885-15/265599297_581961039547792_5956936953768649033_n.jpg?se=7&stp=dst-jpg_e35&_nc_ht=instagram.fcnd1-1.fna.fbcdn.net&_nc_cat=104&_nc_ohc=s6qDNwZhGx0AX8hA_-r&edm=ACWDqb8BAAAA&ccb=7-4&ig_cache_key=MjcyNjQwNTM1MDgwMTM1MDg0OA%3D%3D.2-ccb7-4&oh=00_AT-qLNBStCoJAsEF-rGuAzeOe1Fbbter3E3_lVU5A5WppQ&oe=62801A1F&_nc_sid=1527a3', 'scans_profile': 'e35', 'estimated_scans_sizes': [11971, 23943, 35914, 47886, 59857, 66980, 85235, 96874, 107744]}}",üèÜ,,,
16,1638961839,2724127348003879442_30819697525,2,True,False,21432,1584549,https://www.instagram.com/p/CXOC2PUsroS/,"{'low_resolution': {'width': 480, 'height': 853, 'url': 'https://instagram.fcnd1-1.fna.fbcdn.net/v/t51.2885-15/265119148_4510187479030187_2110102895965910515_n.jpg?stp=dst-jpg_e35_p480x480&_nc_ht=instagram.fcnd1-1.fna.fbcdn.net&_nc_cat=111&_nc_ohc=nvJkLZBCjywAX9jKVlz&edm=ACWDqb8BAAAA&ccb=7-4&ig_cache_key=MjcyNDEyNzM0ODAwMzg3OTQ0Mg%3D%3D.2-ccb7-4&oh=00_AT9rrgxTzVPl0sbDZu5Id_GgMgWjpW_H-aXsis0ziSNcsg&oe=628025BE&_nc_sid=1527a3', 'scans_profile': 'e35', 'estimated_scans_sizes': [5731, 11463, 17195, 22927, 28658, 34503, 995712, 51586, 51586]}, 'thumbnail': {'width': 480, 'height': 853, 'url': 'https://instagram.fcnd1-1.fna.fbcdn.net/v/t51.2885-15/265119148_4510187479030187_2110102895965910515_n.jpg?stp=dst-jpg_e35_p480x480&_nc_ht=instagram.fcnd1-1.fna.fbcdn.net&_nc_cat=111&_nc_ohc=nvJkLZBCjywAX9jKVlz&edm=ACWDqb8BAAAA&ccb=7-4&ig_cache_key=MjcyNDEyNzM0ODAwMzg3OTQ0Mg%3D%3D.2-ccb7-4&oh=00_AT9rrgxTzVPl0sbDZu5Id_GgMgWjpW_H-aXsis0ziSNcsg&oe=628025BE&_nc_sid=1527a3', 'scans_profile': 'e35', 'estimated_scans_sizes': [5731, 11463, 17195, 22927, 28658, 34503, 995712, 51586, 51586]}, 'standard_resolution': {'width': 480, 'height': 853, 'url': 'https://instagram.fcnd1-1.fna.fbcdn.net/v/t51.2885-15/265119148_4510187479030187_2110102895965910515_n.jpg?stp=dst-jpg_e35_p480x480&_nc_ht=instagram.fcnd1-1.fna.fbcdn.net&_nc_cat=111&_nc_ohc=nvJkLZBCjywAX9jKVlz&edm=ACWDqb8BAAAA&ccb=7-4&ig_cache_key=MjcyNDEyNzM0ODAwMzg3OTQ0Mg%3D%3D.2-ccb7-4&oh=00_AT9rrgxTzVPl0sbDZu5Id_GgMgWjpW_H-aXsis0ziSNcsg&oe=628025BE&_nc_sid=1527a3', 'scans_profile': 'e35', 'estimated_scans_sizes': [5731, 11463, 17195, 22927, 28658, 34503, 995712, 51586, 51586]}}","ÌîÑÎùºÎã§ 2021 ÌôÄÎ¶¨Îç∞Ïù¥
Ïã§Î≤Ñ Í∞ÄÏ£Ω Ïï°ÏÑºÌä∏Ïùò ÌòÑÎåÄÏ†ÅÏù∏ Ïã§Î£®Ïó£Í≥º Î™®ÎçòÌïú ÌÖåÏùºÎü¨ÎßÅÏùò Ï°∞Ìï©Ïù¥ ÌäπÏßïÏù∏ ÌååÌã∞Ïö©ÏúºÎ°ú ÎîîÏûêÏù∏Îêú ÌäπÎ≥Ñ Ïª¨Î†âÏÖòÏùÄ Ìù•Í≤®Ïö¥ Î™®ÏûÑÍ≥º ÏñºÏñ¥Î∂ôÏùÄ ÎïÖ ÏúÑÏóê ÌéºÏ≥êÏßÑ Í≤®Ïö∏ ÌíçÍ≤ΩÏóêÏÑú ÏòÅÍ∞êÏùÑ ÏñªÏóàÏäµÎãàÎã§.
 
@prada #pradaholiday21 @gq_korea",720.0,1280.0,
17,1638866790,2723334478617826477_30819697525,8,False,False,31272,2450104,https://www.instagram.com/p/CXLOkeKltSt/,"{'low_resolution': {'width': 480, 'height': 600, 'url': 'https://instagram.fcnd1-1.fna.fbcdn.net/v/t51.2885-15/265103951_325090082530459_2543922747616649415_n.jpg?stp=dst-jpg_e35_p480x480&_nc_ht=instagram.fcnd1-1.fna.fbcdn.net&_nc_cat=107&_nc_ohc=yiGRrsQ7_30AX_rSzC7&edm=ACWDqb8BAAAA&ccb=7-4&ig_cache_key=MjcyMzMzNDQ3NDM1NjMzODk0NQ%3D%3D.2-ccb7-4&oh=00_AT-ZTUabnM2hWu34AAS7MZ5OPiM_XWPNLCsctBivLZlbfw&oe=627ECC0C&_nc_sid=1527a3', 'scans_profile': 'e35', 'estimated_scans_sizes': [3285, 6570, 9855, 13140, 16425, 19775, 570696, 29566, 29566]}, 'thumbnail': {'width': 480, 'height': 600, 'url': 'https://instagram.fcnd1-1.fna.fbcdn.net/v/t51.2885-15/265103951_325090082530459_2543922747616649415_n.jpg?stp=dst-jpg_e35_p480x480&_nc_ht=instagram.fcnd1-1.fna.fbcdn.net&_nc_cat=107&_nc_ohc=yiGRrsQ7_30AX_rSzC7&edm=ACWDqb8BAAAA&ccb=7-4&ig_cache_key=MjcyMzMzNDQ3NDM1NjMzODk0NQ%3D%3D.2-ccb7-4&oh=00_AT-ZTUabnM2hWu34AAS7MZ5OPiM_XWPNLCsctBivLZlbfw&oe=627ECC0C&_nc_sid=1527a3', 'scans_profile': 'e35', 'estimated_scans_sizes': [3285, 6570, 9855, 13140, 16425, 19775, 570696, 29566, 29566]}, 'standard_resolution': {'width': 1440, 'height': 1800, 'url': 'https://instagram.fcnd1-1.fna.fbcdn.net/v/t51.2885-15/265103951_325090082530459_2543922747616649415_n.jpg?se=7&stp=dst-jpg_e35&_nc_ht=instagram.fcnd1-1.fna.fbcdn.net&_nc_cat=107&_nc_ohc=yiGRrsQ7_30AX_rSzC7&edm=ACWDqb8BAAAA&ccb=7-4&ig_cache_key=MjcyMzMzNDQ3NDM1NjMzODk0NQ%3D%3D.2-ccb7-4&oh=00_AT-yHlhuR0If5gTJ4IlXYhxSdETNoFNE6Mo0rswQkMf9DA&oe=627ECC0C&_nc_sid=1527a3', 'scans_profile': 'e35', 'estimated_scans_sizes': [8718, 17437, 26156, 34875, 43593, 48781, 62076, 70552, 78469]}}",dangÍ∑ÄÏó¨Ïö¥,,,
18,1636096476,2700095405140859744_30819697525,8,False,False,93451,3576741,https://www.instagram.com/p/CV4qncbFdtg/,"{'low_resolution': {'width': 480, 'height': 600, 'url': 'https://instagram.fcnd1-1.fna.fbcdn.net/v/t51.2885-15/253429956_308487417764198_3469077240182293230_n.jpg?stp=dst-jpg_e35_p480x480&_nc_ht=instagram.fcnd1-1.fna.fbcdn.net&_nc_cat=102&_nc_ohc=uY0j6nxsboMAX-yrLU1&edm=ACWDqb8BAAAA&ccb=7-4&ig_cache_key=MjcwMDA5NTQwMDA4MjYzNTU0OQ%3D%3D.2-ccb7-4&oh=00_AT_z_K54eTN65kML9JJJHF8eDN1gCBMg-4sGxnWaPRANaA&oe=627EE35F&_nc_sid=1527a3', 'scans_profile': 'e35', 'estimated_scans_sizes': [5056, 10113, 15169, 20226, 25282, 30438, 878407, 45509, 45509]}, 'thumbnail': {'width': 480, 'height': 600, 'url': 'https://instagram.fcnd1-1.fna.fbcdn.net/v/t51.2885-15/253429956_308487417764198_3469077240182293230_n.jpg?stp=dst-jpg_e35_p480x480&_nc_ht=instagram.fcnd1-1.fna.fbcdn.net&_nc_cat=102&_nc_ohc=uY0j6nxsboMAX-yrLU1&edm=ACWDqb8BAAAA&ccb=7-4&ig_cache_key=MjcwMDA5NTQwMDA4MjYzNTU0OQ%3D%3D.2-ccb7-4&oh=00_AT_z_K54eTN65kML9JJJHF8eDN1gCBMg-4sGxnWaPRANaA&oe=627EE35F&_nc_sid=1527a3', 'scans_profile': 'e35', 'estimated_scans_sizes': [5056, 10113, 15169, 20226, 25282, 30438, 878407, 45509, 45509]}, 'standard_resolution': {'width': 1440, 'height': 1800, 'url': 'https://instagram.fcnd1-1.fna.fbcdn.net/v/t51.2885-15/253429956_308487417764198_3469077240182293230_n.jpg?se=7&stp=dst-jpg_e35&_nc_ht=instagram.fcnd1-1.fna.fbcdn.net&_nc_cat=102&_nc_ohc=uY0j6nxsboMAX-yrLU1&edm=ACWDqb8BAAAA&ccb=7-4&ig_cache_key=MjcwMDA5NTQwMDA4MjYzNTU0OQ%3D%3D.2-ccb7-4&oh=00_AT8eZFb24XYqoEYzGB8ytDh33pF-PiYwpS02Iz1gm1-RFg&oe=627EE35F&_nc_sid=1527a3', 'scans_profile': 'e35', 'estimated_scans_sizes': [24521, 49042, 73564, 98085, 122607, 137197, 174588, 198428, 220693]}}",,,,
19,1635662825,2696457676372855170_30819697525,8,False,False,43611,2542116,https://www.instagram.com/p/CVrvfhgFEmC/,"{'low_resolution': {'width': 480, 'height': 600, 'url': 'https://instagram.fcnd1-1.fna.fbcdn.net/v/t51.2885-15/250141161_565978607844782_174599393074491869_n.jpg?stp=dst-jpg_e35_p480x480&_nc_ht=instagram.fcnd1-1.fna.fbcdn.net&_nc_cat=102&_nc_ohc=LtHeLFrGAO0AX9DNw8G&edm=ACWDqb8BAAAA&ccb=7-4&ig_cache_key=MjY5NjQ1NzY3NDM1MTE4NzA0NQ%3D%3D.2-ccb7-4&oh=00_AT9bgYBcAQHNwYfxXJxbqa05c0ICjsBN7EMa9-c89LtF4A&oe=628030CD&_nc_sid=1527a3', 'scans_profile': 'e35', 'estimated_scans_sizes': [4636, 9273, 13910, 18547, 23183, 27912, 805495, 41731, 41731]}, 'thumbnail': {'width': 480, 'height': 600, 'url': 'https://instagram.fcnd1-1.fna.fbcdn.net/v/t51.2885-15/250141161_565978607844782_174599393074491869_n.jpg?stp=dst-jpg_e35_p480x480&_nc_ht=instagram.fcnd1-1.fna.fbcdn.net&_nc_cat=102&_nc_ohc=LtHeLFrGAO0AX9DNw8G&edm=ACWDqb8BAAAA&ccb=7-4&ig_cache_key=MjY5NjQ1NzY3NDM1MTE4NzA0NQ%3D%3D.2-ccb7-4&oh=00_AT9bgYBcAQHNwYfxXJxbqa05c0ICjsBN7EMa9-c89LtF4A&oe=628030CD&_nc_sid=1527a3', 'scans_profile': 'e35', 'estimated_scans_sizes': [4636, 9273, 13910, 18547, 23183, 27912, 805495, 41731, 41731]}, 'standard_resolution': {'width': 1440, 'height': 1800, 'url': 'https://instagram.fcnd1-1.fna.fbcdn.net/v/t51.2885-15/250141161_565978607844782_174599393074491869_n.jpg?se=7&stp=dst-jpg_e35&_nc_ht=instagram.fcnd1-1.fna.fbcdn.net&_nc_cat=102&_nc_ohc=LtHeLFrGAO0AX9DNw8G&edm=ACWDqb8BAAAA&ccb=7-4&ig_cache_key=MjY5NjQ1NzY3NDM1MTE4NzA0NQ%3D%3D.2-ccb7-4&oh=00_AT9lCq5BT7M4sRPfB-VEMKRgMsEVOi-5gx1P7bQTAg2aTg&oe=628030CD&_nc_sid=1527a3', 'scans_profile': 'e35', 'estimated_scans_sizes': [19920, 39841, 59762, 79683, 99604, 111457, 141833, 161200, 179288]}}",trick or treat,,,
20,1635505228,2695135655586912444_30819697525,8,False,False,38117,2321006,https://www.instagram.com/p/CVnC5lsv1i8/,"{'low_resolution': {'width': 480, 'height': 320, 'url': 'https://instagram.fcnd1-1.fna.fbcdn.net/v/t51.2885-15/249085988_628514998325966_7307866312413346092_n.jpg?stp=dst-jpg_e35_s480x480&_nc_ht=instagram.fcnd1-1.fna.fbcdn.net&_nc_cat=102&_nc_ohc=AKNdkJy0UTIAX98NM-g&edm=ACWDqb8BAAAA&ccb=7-4&ig_cache_key=MjY5NTEzNTY1MTQxNzYxNjkwNg%3D%3D.2-ccb7-4&oh=00_AT_cBnAqZpdS7ZjBwd7JIv8VAhzoh1wh4t7aUrIgOiqxiw&oe=62802B87&_nc_sid=1527a3', 'scans_profile': 'e35', 'estimated_scans_sizes': [2962, 5925, 8888, 11850, 14813, 17834, 514669, 26664, 26664]}, 'thumbnail': {'width': 480, 'height': 320, 'url': 'https://instagram.fcnd1-1.fna.fbcdn.net/v/t51.2885-15/249085988_628514998325966_7307866312413346092_n.jpg?stp=dst-jpg_e35_s480x480&_nc_ht=instagram.fcnd1-1.fna.fbcdn.net&_nc_cat=102&_nc_ohc=AKNdkJy0UTIAX98NM-g&edm=ACWDqb8BAAAA&ccb=7-4&ig_cache_key=MjY5NTEzNTY1MTQxNzYxNjkwNg%3D%3D.2-ccb7-4&oh=00_AT_cBnAqZpdS7ZjBwd7JIv8VAhzoh1wh4t7aUrIgOiqxiw&oe=62802B87&_nc_sid=1527a3', 'scans_profile': 'e35', 'estimated_scans_sizes': [2962, 5925, 8888, 11850, 14813, 17834, 514669, 26664, 26664]}, 'standard_resolution': {'width': 1440, 'height': 960, 'url': 'https://instagram.fcnd1-1.fna.fbcdn.net/v/t51.2885-15/249085988_628514998325966_7307866312413346092_n.jpg?se=7&stp=dst-jpg_e35&_nc_ht=instagram.fcnd1-1.fna.fbcdn.net&_nc_cat=102&_nc_ohc=AKNdkJy0UTIAX98NM-g&edm=ACWDqb8BAAAA&ccb=7-4&ig_cache_key=MjY5NTEzNTY1MTQxNzYxNjkwNg%3D%3D.2-ccb7-4&oh=00_AT-DNOabWEyYU5ueZhZ0u7BS1d-dTS5eqXvPM-RKgYtqHA&oe=62802B87&_nc_sid=1527a3', 'scans_profile': 'e35', 'estimated_scans_sizes': [13981, 27962, 41944, 55925, 69907, 78225, 99545, 113138, 125833]}}",,,,
21,1635505210,2695135502922619783_30819697525,8,False,False,64833,2827986,https://www.instagram.com/p/CVnC3XhPxuH/,"{'low_resolution': {'width': 480, 'height': 600, 'url': 'https://instagram.fcnd1-1.fna.fbcdn.net/v/t51.2885-15/249998364_604071287287378_871553248490655357_n.jpg?stp=dst-jpg_e35_p480x480&_nc_ht=instagram.fcnd1-1.fna.fbcdn.net&_nc_cat=110&_nc_ohc=N62WsWrlFtEAX-Y8zol&edm=ACWDqb8BAAAA&ccb=7-4&ig_cache_key=MjY5NTEzNTQ5OTk2OTY5MzM3NQ%3D%3D.2-ccb7-4&oh=00_AT_BMgGvoWjVqdSTGX-ASNfiILRctpgHARWQXZYmnKTuoQ&oe=627F6577&_nc_sid=1527a3', 'scans_profile': 'e35', 'estimated_scans_sizes': [4034, 8069, 12103, 16138, 20172, 24286, 700869, 36311, 36311]}, 'thumbnail': {'width': 480, 'height': 600, 'url': 'https://instagram.fcnd1-1.fna.fbcdn.net/v/t51.2885-15/249998364_604071287287378_871553248490655357_n.jpg?stp=dst-jpg_e35_p480x480&_nc_ht=instagram.fcnd1-1.fna.fbcdn.net&_nc_cat=110&_nc_ohc=N62WsWrlFtEAX-Y8zol&edm=ACWDqb8BAAAA&ccb=7-4&ig_cache_key=MjY5NTEzNTQ5OTk2OTY5MzM3NQ%3D%3D.2-ccb7-4&oh=00_AT_BMgGvoWjVqdSTGX-ASNfiILRctpgHARWQXZYmnKTuoQ&oe=627F6577&_nc_sid=1527a3', 'scans_profile': 'e35', 'estimated_scans_sizes': [4034, 8069, 12103, 16138, 20172, 24286, 700869, 36311, 36311]}, 'standard_resolution': {'width': 1440, 'height': 1800, 'url': 'https://instagram.fcnd1-1.fna.fbcdn.net/v/t51.2885-15/249998364_604071287287378_871553248490655357_n.jpg?se=7&stp=dst-jpg_e35&_nc_ht=instagram.fcnd1-1.fna.fbcdn.net&_nc_cat=110&_nc_ohc=N62WsWrlFtEAX-Y8zol&edm=ACWDqb8BAAAA&ccb=7-4&ig_cache_key=MjY5NTEzNTQ5OTk2OTY5MzM3NQ%3D%3D.2-ccb7-4&oh=00_AT_GJ46vvey2KrXnQ7yUmq-M44ggsR8EbXJnyooTKhcMgQ&oe=627F6577&_nc_sid=1527a3', 'scans_profile': 'e35', 'estimated_scans_sizes': [14269, 28539, 42809, 57079, 71348, 79839, 101598, 115471, 128428]}}",,,,
22,1634310544,2685113920108433179_30819697525,8,False,False,56933,2747493,https://www.instagram.com/p/CVDcOJNhQ8b/,"{'low_resolution': {'width': 480, 'height': 600, 'url': 'https://instagram.fcnd1-1.fna.fbcdn.net/v/t51.2885-15/245529938_1039072806880318_1517887078484441310_n.jpg?stp=dst-jpg_e35_p480x480&_nc_ht=instagram.fcnd1-1.fna.fbcdn.net&_nc_cat=110&_nc_ohc=JTfwxaH13GgAX_0MwNI&edm=ACWDqb8BAAAA&ccb=7-4&ig_cache_key=MjY4NTExMzkwODg0MjY1OTY0Mg%3D%3D.2-ccb7-4&oh=00_AT9JYSNr1h4lIeJsdZHr2s_dtTyIfTc5Ls94w4H3C10GAg&oe=6280AA32&_nc_sid=1527a3', 'scans_profile': 'e35', 'estimated_scans_sizes': [5694, 11388, 17083, 22777, 28471, 34278, 989207, 51249, 51249]}, 'thumbnail': {'width': 480, 'height': 600, 'url': 'https://instagram.fcnd1-1.fna.fbcdn.net/v/t51.2885-15/245529938_1039072806880318_1517887078484441310_n.jpg?stp=dst-jpg_e35_p480x480&_nc_ht=instagram.fcnd1-1.fna.fbcdn.net&_nc_cat=110&_nc_ohc=JTfwxaH13GgAX_0MwNI&edm=ACWDqb8BAAAA&ccb=7-4&ig_cache_key=MjY4NTExMzkwODg0MjY1OTY0Mg%3D%3D.2-ccb7-4&oh=00_AT9JYSNr1h4lIeJsdZHr2s_dtTyIfTc5Ls94w4H3C10GAg&oe=6280AA32&_nc_sid=1527a3', 'scans_profile': 'e35', 'estimated_scans_sizes': [5694, 11388, 17083, 22777, 28471, 34278, 989207, 51249, 51249]}, 'standard_resolution': {'width': 1440, 'height': 1800, 'url': 'https://instagram.fcnd1-1.fna.fbcdn.net/v/t51.2885-15/245529938_1039072806880318_1517887078484441310_n.jpg?se=7&stp=dst-jpg_e35&_nc_ht=instagram.fcnd1-1.fna.fbcdn.net&_nc_cat=110&_nc_ohc=JTfwxaH13GgAX_0MwNI&edm=ACWDqb8BAAAA&ccb=7-4&ig_cache_key=MjY4NTExMzkwODg0MjY1OTY0Mg%3D%3D.2-ccb7-4&oh=00_AT_UVIt39cPCDXoOTJKoMq8-xeivQfYZRn-aLsFabKU0Jg&oe=6280AA32&_nc_sid=1527a3', 'scans_profile': 'e35', 'estimated_scans_sizes': [32602, 65205, 97808, 130410, 163013, 182411, 232125, 263821, 293424]}}",,,,
23,1634097903,2683330158636015552_30819697525,8,False,False,73077,3015002,https://www.instagram.com/p/CU9Go_4l5_A/,"{'low_resolution': {'width': 480, 'height': 362, 'url': 'https://instagram.fcnd1-1.fna.fbcdn.net/v/t51.2885-15/245189384_319682709920236_1279818735197226388_n.jpg?stp=dst-jpg_e35_s480x480&_nc_ht=instagram.fcnd1-1.fna.fbcdn.net&_nc_cat=104&_nc_ohc=YGGlH1yNOi8AX8IKgzT&edm=ACWDqb8BAAAA&ccb=7-4&ig_cache_key=MjY4MzMzMDE1NTkwMTMyNjg4NA%3D%3D.2-ccb7-4&oh=00_AT_Lnb_yOlNOwz9GT6rYmibk93tZtLZU4Nv_I19YK5wM0A&oe=627EDF29&_nc_sid=1527a3', 'scans_profile': 'e35', 'estimated_scans_sizes': [2898, 5796, 8695, 11593, 14492, 17447, 503515, 26086, 26086]}, 'thumbnail': {'width': 480, 'height': 362, 'url': 'https://instagram.fcnd1-1.fna.fbcdn.net/v/t51.2885-15/245189384_319682709920236_1279818735197226388_n.jpg?stp=dst-jpg_e35_s480x480&_nc_ht=instagram.fcnd1-1.fna.fbcdn.net&_nc_cat=104&_nc_ohc=YGGlH1yNOi8AX8IKgzT&edm=ACWDqb8BAAAA&ccb=7-4&ig_cache_key=MjY4MzMzMDE1NTkwMTMyNjg4NA%3D%3D.2-ccb7-4&oh=00_AT_Lnb_yOlNOwz9GT6rYmibk93tZtLZU4Nv_I19YK5wM0A&oe=627EDF29&_nc_sid=1527a3', 'scans_profile': 'e35', 'estimated_scans_sizes': [2898, 5796, 8695, 11593, 14492, 17447, 503515, 26086, 26086]}, 'standard_resolution': {'width': 1440, 'height': 1085, 'url': 'https://instagram.fcnd1-1.fna.fbcdn.net/v/t51.2885-15/245189384_319682709920236_1279818735197226388_n.jpg?se=7&stp=dst-jpg_e35&_nc_ht=instagram.fcnd1-1.fna.fbcdn.net&_nc_cat=104&_nc_ohc=YGGlH1yNOi8AX8IKgzT&edm=ACWDqb8BAAAA&ccb=7-4&ig_cache_key=MjY4MzMzMDE1NTkwMTMyNjg4NA%3D%3D.2-ccb7-4&oh=00_AT9Wjin7RACBXhtz-I5q6HCOd-s6j866nN2-oVJH5XyKRA&oe=627EDF29&_nc_sid=1527a3', 'scans_profile': 'e35', 'estimated_scans_sizes': [11511, 23023, 34535, 46047, 57558, 64408, 81961, 93153, 103606]}}",üå¥üå¥,,,
24,1632470664,2669679887108248366_30819697525,8,False,False,54137,2728496,https://www.instagram.com/p/CUMm7Z3F5Mu/,"{'low_resolution': {'width': 480, 'height': 600, 'url': 'https://instagram.fcnd1-1.fna.fbcdn.net/v/t51.2885-15/242916325_555772955728653_464701075146493420_n.jpg?stp=dst-jpg_e35_p480x480&_nc_ht=instagram.fcnd1-1.fna.fbcdn.net&_nc_cat=109&_nc_ohc=pwoEpUY6n64AX-tyhBz&edm=ACWDqb8BAAAA&ccb=7-4&ig_cache_key=MjY2OTY3OTg4NDc5Mjc2MTczMw%3D%3D.2-ccb7-4&oh=00_AT_Ao8rt_TAbelg4VXCpNex_nIZaWC6llB6EK-S_2t_Y5A&oe=627F3D60&_nc_sid=1527a3', 'scans_profile': 'e35', 'estimated_scans_sizes': [4657, 9315, 13973, 18631, 23289, 28039, 809167, 41921, 41921]}, 'thumbnail': {'width': 480, 'height': 600, 'url': 'https://instagram.fcnd1-1.fna.fbcdn.net/v/t51.2885-15/242916325_555772955728653_464701075146493420_n.jpg?stp=dst-jpg_e35_p480x480&_nc_ht=instagram.fcnd1-1.fna.fbcdn.net&_nc_cat=109&_nc_ohc=pwoEpUY6n64AX-tyhBz&edm=ACWDqb8BAAAA&ccb=7-4&ig_cache_key=MjY2OTY3OTg4NDc5Mjc2MTczMw%3D%3D.2-ccb7-4&oh=00_AT_Ao8rt_TAbelg4VXCpNex_nIZaWC6llB6EK-S_2t_Y5A&oe=627F3D60&_nc_sid=1527a3', 'scans_profile': 'e35', 'estimated_scans_sizes': [4657, 9315, 13973, 18631, 23289, 28039, 809167, 41921, 41921]}, 'standard_resolution': {'width': 1440, 'height': 1800, 'url': 'https://instagram.fcnd1-1.fna.fbcdn.net/v/t51.2885-15/242916325_555772955728653_464701075146493420_n.jpg?se=7&stp=dst-jpg_e35&_nc_ht=instagram.fcnd1-1.fna.fbcdn.net&_nc_cat=109&_nc_ohc=pwoEpUY6n64AX-tyhBz&edm=ACWDqb8BAAAA&ccb=7-4&ig_cache_key=MjY2OTY3OTg4NDc5Mjc2MTczMw%3D%3D.2-ccb7-4&oh=00_AT9CJX2y45k89DgPB6VBehx24nixG2HqDNiXVFeOin6jJQ&oe=627F3D60&_nc_sid=1527a3', 'scans_profile': 'e35', 'estimated_scans_sizes': [20139, 40278, 60418, 80557, 100696, 112679, 143388, 162968, 181254]}}","ÌîÑÎùºÎã§Ïùò 2022ÎÖÑ Î¥ÑÏó¨Î¶Ñ Ïó¨ÏÑ±Î≥µ Ìå®ÏÖòÏáºÍ∞Ä 9Ïõî 24Ïùº Ï†ÄÎÖÅ 10ÏãúÏóê ÏßÑÌñâÎê©ÎãàÎã§. ÎØ∏Ïö∞ÏπòÏïÑ ÌîÑÎùºÎã§ÏôÄ ÎùºÌîÑÏãúÎ™¨Ïä§Í∞Ä Ìï®ÍªòÌïòÎäî Ïù¥Î≤à Ïª¨Î†âÏÖòÏóêÎäî Î∞ÄÎùºÎÖ∏ÏôÄ ÏÉÅÌïòÏù¥ Îëê Í≥≥ÏóêÏÑú ÏßÑÌñâÎêúÎã§Í≥† Ìï©ÎãàÎã§. ÏÉàÎ°úÏö¥ ÌòïÏãùÏúºÎ°ú ÏßÑÌñâÎêòÎäî ÌîÑÎùºÎã§ ÏáºÎ•º Ìï®Íªò Í∞êÏÉÅÌï¥ Î≥¥Ïã§ÍπåÏöî?
@Prada #Prada #PradaSS22 #Í¥ëÍ≥†",,,
25,1631858078,2664541142650264087_30819697525,8,False,False,78664,3225676,https://www.instagram.com/p/CT6Wg1JFRoX/,"{'low_resolution': {'width': 480, 'height': 600, 'url': 'https://instagram.fcnd1-1.fna.fbcdn.net/v/t51.2885-15/242081521_3013332615620957_1379715204085347354_n.jpg?stp=dst-jpg_e35_p480x480&_nc_ht=instagram.fcnd1-1.fna.fbcdn.net&_nc_cat=105&_nc_ohc=SDLBXJZn-TIAX8yC6KL&edm=ACWDqb8BAAAA&ccb=7-4&ig_cache_key=MjY2NDU0MTE0MDY1Mzc1NTI3OA%3D%3D.2-ccb7-4&oh=00_AT-l_hhp2HmHnjox7gcSTWYXfibuFCTQgs13jxUO5p9sUw&oe=62804DB1&_nc_sid=1527a3', 'scans_profile': 'e35', 'estimated_scans_sizes': [5495, 10991, 16487, 21983, 27479, 33083, 954734, 49463, 49463]}, 'thumbnail': {'width': 480, 'height': 600, 'url': 'https://instagram.fcnd1-1.fna.fbcdn.net/v/t51.2885-15/242081521_3013332615620957_1379715204085347354_n.jpg?stp=dst-jpg_e35_p480x480&_nc_ht=instagram.fcnd1-1.fna.fbcdn.net&_nc_cat=105&_nc_ohc=SDLBXJZn-TIAX8yC6KL&edm=ACWDqb8BAAAA&ccb=7-4&ig_cache_key=MjY2NDU0MTE0MDY1Mzc1NTI3OA%3D%3D.2-ccb7-4&oh=00_AT-l_hhp2HmHnjox7gcSTWYXfibuFCTQgs13jxUO5p9sUw&oe=62804DB1&_nc_sid=1527a3', 'scans_profile': 'e35', 'estimated_scans_sizes': [5495, 10991, 16487, 21983, 27479, 33083, 954734, 49463, 49463]}, 'standard_resolution': {'width': 1440, 'height': 1800, 'url': 'https://instagram.fcnd1-1.fna.fbcdn.net/v/t51.2885-15/242081521_3013332615620957_1379715204085347354_n.jpg?se=7&stp=dst-jpg_e35&_nc_ht=instagram.fcnd1-1.fna.fbcdn.net&_nc_cat=105&_nc_ohc=SDLBXJZn-TIAX8yC6KL&edm=ACWDqb8BAAAA&ccb=7-4&ig_cache_key=MjY2NDU0MTE0MDY1Mzc1NTI3OA%3D%3D.2-ccb7-4&oh=00_AT_8ZDnupIpQBGaqTD1JxGzND-t_HAgM7EmYJZ2IX691YQ&oe=62804DB1&_nc_sid=1527a3', 'scans_profile': 'e35', 'estimated_scans_sizes': [29944, 59888, 89833, 119777, 149721, 167538, 213198, 242310, 269499]}}",,,,
26,1631609285,2662454114668396101_30819697525,8,False,False,80504,3067005,https://www.instagram.com/p/CTy7-k3lj5F/,"{'low_resolution': {'width': 480, 'height': 360, 'url': 'https://instagram.fcnd1-1.fna.fbcdn.net/v/t51.2885-15/241885293_451703349872049_640589961218200131_n.jpg?stp=dst-jpg_e35_s480x480&_nc_ht=instagram.fcnd1-1.fna.fbcdn.net&_nc_cat=109&_nc_ohc=5d2sCVXmN-8AX-9i9pA&edm=ACWDqb8BAAAA&ccb=7-4&ig_cache_key=MjY2MjQ1NDExMjU0NjAzMzk2Ng%3D%3D.2-ccb7-4&oh=00_AT91iIJ6vD9op2rZNRo--PGIYbT6EQZBeEcLGsJtm4dLtQ&oe=627FFBEF&_nc_sid=1527a3', 'scans_profile': 'e35', 'estimated_scans_sizes': [3476, 6953, 10430, 13906, 17383, 20928, 603967, 31290, 31290]}, 'thumbnail': {'width': 480, 'height': 360, 'url': 'https://instagram.fcnd1-1.fna.fbcdn.net/v/t51.2885-15/241885293_451703349872049_640589961218200131_n.jpg?stp=dst-jpg_e35_s480x480&_nc_ht=instagram.fcnd1-1.fna.fbcdn.net&_nc_cat=109&_nc_ohc=5d2sCVXmN-8AX-9i9pA&edm=ACWDqb8BAAAA&ccb=7-4&ig_cache_key=MjY2MjQ1NDExMjU0NjAzMzk2Ng%3D%3D.2-ccb7-4&oh=00_AT91iIJ6vD9op2rZNRo--PGIYbT6EQZBeEcLGsJtm4dLtQ&oe=627FFBEF&_nc_sid=1527a3', 'scans_profile': 'e35', 'estimated_scans_sizes': [3476, 6953, 10430, 13906, 17383, 20928, 603967, 31290, 31290]}, 'standard_resolution': {'width': 1440, 'height': 1080, 'url': 'https://instagram.fcnd1-1.fna.fbcdn.net/v/t51.2885-15/241885293_451703349872049_640589961218200131_n.jpg?se=7&stp=dst-jpg_e35&_nc_ht=instagram.fcnd1-1.fna.fbcdn.net&_nc_cat=109&_nc_ohc=5d2sCVXmN-8AX-9i9pA&edm=ACWDqb8BAAAA&ccb=7-4&ig_cache_key=MjY2MjQ1NDExMjU0NjAzMzk2Ng%3D%3D.2-ccb7-4&oh=00_AT9H7sSBd8d9ZaGawoUfH8youFkoZ0eP4WuMyQbb3cs_Xw&oe=627FFBEF&_nc_sid=1527a3', 'scans_profile': 'e35', 'estimated_scans_sizes': [17929, 35859, 53789, 71718, 89648, 100316, 127656, 145087, 161367]}}",,,,
27,1625919653,2614726023432854849_30819697525,8,False,False,54505,2881321,https://www.instagram.com/p/CRJX3cDr11B/,"{'low_resolution': {'width': 480, 'height': 600, 'url': 'https://instagram.fcnd1-1.fna.fbcdn.net/v/t51.2885-15/212672526_205232304859342_8570977268848184170_n.jpg?stp=dst-jpg_e35_p480x480&_nc_ht=instagram.fcnd1-1.fna.fbcdn.net&_nc_cat=110&_nc_ohc=3yw2QJakXk4AX_BeGqO&edm=ACWDqb8BAAAA&ccb=7-4&ig_cache_key=MjYxNDcyNjAxOTE4ODAwNDYxMQ%3D%3D.2-ccb7-4&oh=00_AT-0J9OUKxaauEGPWW3wt9bIUlpbAHDo-iTeZ2i3FfRgDw&oe=627FDFC5&_nc_sid=1527a3', 'scans_profile': 'e35', 'estimated_scans_sizes': [4740, 9481, 14222, 18963, 23703, 28538, 823570, 42667, 42667]}, 'thumbnail': {'width': 480, 'height': 600, 'url': 'https://instagram.fcnd1-1.fna.fbcdn.net/v/t51.2885-15/212672526_205232304859342_8570977268848184170_n.jpg?stp=dst-jpg_e35_p480x480&_nc_ht=instagram.fcnd1-1.fna.fbcdn.net&_nc_cat=110&_nc_ohc=3yw2QJakXk4AX_BeGqO&edm=ACWDqb8BAAAA&ccb=7-4&ig_cache_key=MjYxNDcyNjAxOTE4ODAwNDYxMQ%3D%3D.2-ccb7-4&oh=00_AT-0J9OUKxaauEGPWW3wt9bIUlpbAHDo-iTeZ2i3FfRgDw&oe=627FDFC5&_nc_sid=1527a3', 'scans_profile': 'e35', 'estimated_scans_sizes': [4740, 9481, 14222, 18963, 23703, 28538, 823570, 42667, 42667]}, 'standard_resolution': {'width': 1440, 'height': 1800, 'url': 'https://instagram.fcnd1-1.fna.fbcdn.net/v/t51.2885-15/212672526_205232304859342_8570977268848184170_n.jpg?se=7&stp=dst-jpg_e35&_nc_ht=instagram.fcnd1-1.fna.fbcdn.net&_nc_cat=110&_nc_ohc=3yw2QJakXk4AX_BeGqO&edm=ACWDqb8BAAAA&ccb=7-4&ig_cache_key=MjYxNDcyNjAxOTE4ODAwNDYxMQ%3D%3D.2-ccb7-4&oh=00_AT-fk_Jbwyy2EQQZiUg3zPbooFUiZFylL-qqpwSfWrFe-g&oe=627FDFC5&_nc_sid=1527a3', 'scans_profile': 'e35', 'estimated_scans_sizes': [21009, 42019, 63029, 84038, 105048, 117548, 149585, 170010, 189087]}}",,,,
28,1624173597,2600079045906361286_30819697525,8,False,False,82080,3260475,https://www.instagram.com/p/CQVVh3PL2vG/,"{'low_resolution': {'width': 480, 'height': 600, 'url': 'https://instagram.fcnd1-1.fna.fbcdn.net/v/t51.2885-15/202669273_548627936298281_3147237286682760378_n.jpg?stp=dst-jpg_e35_p480x480&_nc_ht=instagram.fcnd1-1.fna.fbcdn.net&_nc_cat=105&_nc_ohc=aO4AvALCmeAAX9Z4lwN&edm=ACWDqb8BAAAA&ccb=7-4&ig_cache_key=MjYwMDA3OTA0MjQwODEwNTE2OA%3D%3D.2-ccb7-4&oh=00_AT-Ay_IOdxlBfbvYwdaZ6DKXed8IZ4YtotnnyF-tJcYjSg&oe=627F5A6E&_nc_sid=1527a3', 'scans_profile': 'e35', 'estimated_scans_sizes': [5258, 10517, 15776, 21035, 26293, 31656, 913546, 47329, 47329]}, 'thumbnail': {'width': 480, 'height': 600, 'url': 'https://instagram.fcnd1-1.fna.fbcdn.net/v/t51.2885-15/202669273_548627936298281_3147237286682760378_n.jpg?stp=dst-jpg_e35_p480x480&_nc_ht=instagram.fcnd1-1.fna.fbcdn.net&_nc_cat=105&_nc_ohc=aO4AvALCmeAAX9Z4lwN&edm=ACWDqb8BAAAA&ccb=7-4&ig_cache_key=MjYwMDA3OTA0MjQwODEwNTE2OA%3D%3D.2-ccb7-4&oh=00_AT-Ay_IOdxlBfbvYwdaZ6DKXed8IZ4YtotnnyF-tJcYjSg&oe=627F5A6E&_nc_sid=1527a3', 'scans_profile': 'e35', 'estimated_scans_sizes': [5258, 10517, 15776, 21035, 26293, 31656, 913546, 47329, 47329]}, 'standard_resolution': {'width': 1440, 'height': 1800, 'url': 'https://instagram.fcnd1-1.fna.fbcdn.net/v/t51.2885-15/202669273_548627936298281_3147237286682760378_n.jpg?se=7&stp=dst-jpg_e35&_nc_ht=instagram.fcnd1-1.fna.fbcdn.net&_nc_cat=105&_nc_ohc=aO4AvALCmeAAX9Z4lwN&edm=ACWDqb8BAAAA&ccb=7-4&ig_cache_key=MjYwMDA3OTA0MjQwODEwNTE2OA%3D%3D.2-ccb7-4&oh=00_AT_IpuK2WBC10l4tXFal2k1WuMpGXNVcT3Kl4V_lY1oBAg&oe=627F5A6E&_nc_sid=1527a3', 'scans_profile': 'e35', 'estimated_scans_sizes': [26939, 53879, 80819, 107758, 134698, 150726, 191805, 217996, 242457]}}","@Prada #PradaSS22 #Í¥ëÍ≥†
Ïù¥ÌÉàÎ¶¨ÏïÑ ÏÇ¨Î•¥Îç∞ÎÉêÎ•º Î∞∞Í≤ΩÏúºÎ°ú ÏßÑÌñâÎêòÎäî Ïù¥Î≤à Ïª¨Î†âÏÖòÏùÄ Î∞îÎã§ Ìï¥Ïñë ÏÉùÎ¨º Î≥¥Ï°¥ÏùÑ ÏúÑÌïú Í∏∞Î∂ÄÍ∞Ä Ìï®Íªò ÏßÑÌñâÎê©ÎãàÎã§. 'Ïπ¥Ìè¨ Ïπ¥Î•¥Î≥¥ÎÇòÎùº(Capo Carbonara)' ÏßÄÏó≠Ïùò ÏÉùÌÉúÍ≥Ñ Î≥µÏõê ÌîÑÎ°úÏ†ùÌä∏Î•º ÏßÑÌñâÌïòÎäî Î©îÎìú Ïî®(MEDSEA) Ïû¨Îã®ÏùÑ ÌõÑÏõêÌïúÎã§Í≥† Ìï©ÎãàÎã§.",,,
29,1622431556,2585465744101099243_30819697525,1,False,False,69759,3123970,https://www.instagram.com/p/CPha2VYFkbr/,"{'low_resolution': {'width': 480, 'height': 480, 'url': 'https://instagram.fcnd1-1.fna.fbcdn.net/v/t51.2885-15/195226047_954511061971795_6093257607433979559_n.jpg?stp=dst-jpg_e35_s480x480&_nc_ht=instagram.fcnd1-1.fna.fbcdn.net&_nc_cat=107&_nc_ohc=9rKqDCLj5XYAX_5KWjC&edm=ACWDqb8BAAAA&ccb=7-4&ig_cache_key=MjU4NTQ2NTc0NDEwMTA5OTI0Mw%3D%3D.2-ccb7-4&oh=00_AT9TZFhyqnBkEOlAfLwMBJc6Z8zvA9RGqqE35xIHCqFffQ&oe=627FBCCB&_nc_sid=1527a3', 'scans_profile': 'e35', 'estimated_scans_sizes': [5540, 11080, 16621, 22161, 27702, 33351, 962471, 49864, 49864]}, 'thumbnail': {'width': 480, 'height': 480, 'url': 'https://instagram.fcnd1-1.fna.fbcdn.net/v/t51.2885-15/195226047_954511061971795_6093257607433979559_n.jpg?stp=dst-jpg_e35_s480x480&_nc_ht=instagram.fcnd1-1.fna.fbcdn.net&_nc_cat=107&_nc_ohc=9rKqDCLj5XYAX_5KWjC&edm=ACWDqb8BAAAA&ccb=7-4&ig_cache_key=MjU4NTQ2NTc0NDEwMTA5OTI0Mw%3D%3D.2-ccb7-4&oh=00_AT9TZFhyqnBkEOlAfLwMBJc6Z8zvA9RGqqE35xIHCqFffQ&oe=627FBCCB&_nc_sid=1527a3', 'scans_profile': 'e35', 'estimated_scans_sizes': [5540, 11080, 16621, 22161, 27702, 33351, 962471, 49864, 49864]}, 'standard_resolution': {'width': 1440, 'height': 1440, 'url': 'https://instagram.fcnd1-1.fna.fbcdn.net/v/t51.2885-15/195226047_954511061971795_6093257607433979559_n.jpg?se=7&stp=dst-jpg_e35&_nc_ht=instagram.fcnd1-1.fna.fbcdn.net&_nc_cat=107&_nc_ohc=9rKqDCLj5XYAX_5KWjC&edm=ACWDqb8BAAAA&ccb=7-4&ig_cache_key=MjU4NTQ2NTc0NDEwMTA5OTI0Mw%3D%3D.2-ccb7-4&oh=00_AT-Dppno89kgqys2m0wgyulyiuQ2WTPL1zTMnQb6L6osOw&oe=627FBCCB&_nc_sid=1527a3', 'scans_profile': 'e35', 'estimated_scans_sizes': [39420, 78841, 118262, 157682, 197103, 220557, 280667, 318992, 354786]}}",camouflage,1440.0,1440.0,
30,1619507335,2560935602943291117_30819697525,8,False,False,40111,2930171,https://www.instagram.com/p/COKRVzKFe7t/,"{'low_resolution': {'width': 480, 'height': 320, 'url': 'https://instagram.fcnd1-1.fna.fbcdn.net/v/t51.2885-15/177603425_385333945848325_3189051361372706249_n.jpg?stp=dst-jpg_e35_s480x480&_nc_ht=instagram.fcnd1-1.fna.fbcdn.net&_nc_cat=101&_nc_ohc=Hq4vHkogSfkAX8bsd2S&edm=ACWDqb8BAAAA&ccb=7-4&ig_cache_key=MjU2MDkzNTYwMDA4Mjg5NDYzOQ%3D%3D.2-ccb7-4&oh=00_AT-s22X5zMjY0i3Src-MvxIkzL7YAdpHS_TOWHwO0VuG7g&oe=627EE473&_nc_sid=1527a3', 'scans_profile': 'e35', 'estimated_scans_sizes': [4372, 8745, 13118, 17491, 21864, 26323, 759659, 39356, 39356]}, 'thumbnail': {'width': 480, 'height': 320, 'url': 'https://instagram.fcnd1-1.fna.fbcdn.net/v/t51.2885-15/177603425_385333945848325_3189051361372706249_n.jpg?stp=dst-jpg_e35_s480x480&_nc_ht=instagram.fcnd1-1.fna.fbcdn.net&_nc_cat=101&_nc_ohc=Hq4vHkogSfkAX8bsd2S&edm=ACWDqb8BAAAA&ccb=7-4&ig_cache_key=MjU2MDkzNTYwMDA4Mjg5NDYzOQ%3D%3D.2-ccb7-4&oh=00_AT-s22X5zMjY0i3Src-MvxIkzL7YAdpHS_TOWHwO0VuG7g&oe=627EE473&_nc_sid=1527a3', 'scans_profile': 'e35', 'estimated_scans_sizes': [4372, 8745, 13118, 17491, 21864, 26323, 759659, 39356, 39356]}, 'standard_resolution': {'width': 1440, 'height': 960, 'url': 'https://instagram.fcnd1-1.fna.fbcdn.net/v/t51.2885-15/177603425_385333945848325_3189051361372706249_n.jpg?se=7&stp=dst-jpg_e35&_nc_ht=instagram.fcnd1-1.fna.fbcdn.net&_nc_cat=101&_nc_ohc=Hq4vHkogSfkAX8bsd2S&edm=ACWDqb8BAAAA&ccb=7-4&ig_cache_key=MjU2MDkzNTYwMDA4Mjg5NDYzOQ%3D%3D.2-ccb7-4&oh=00_AT8pGoRgK6v6ncVRclV19U_09CcgMgPG4p66yoQduSxV7A&oe=627EE473&_nc_sid=1527a3', 'scans_profile': 'e35', 'estimated_scans_sizes': [35563, 71126, 106689, 142252, 177815, 198974, 253203, 287777, 320068]}}",,,,
31,1619507296,2560935276827684949_30819697525,8,False,False,38850,3236147,https://www.instagram.com/p/COKRRDcFLBV/,"{'low_resolution': {'width': 480, 'height': 320, 'url': 'https://instagram.fcnd1-1.fna.fbcdn.net/v/t51.2885-15/178375815_757914101576788_7335389258295713070_n.jpg?stp=dst-jpg_e35_s480x480&_nc_ht=instagram.fcnd1-1.fna.fbcdn.net&_nc_cat=104&_nc_ohc=94x8TZVaSaoAX94r--Z&edm=ACWDqb8BAAAA&ccb=7-4&ig_cache_key=MjU2MDkzNTI3NDAzNDMyNDcxNg%3D%3D.2-ccb7-4&oh=00_AT8YeP_i3R6L0kE3FQ6blisr3MZb6XBRCQhjQthPT9DdmQ&oe=6280323A&_nc_sid=1527a3', 'scans_profile': 'e35', 'estimated_scans_sizes': [3359, 6719, 10079, 13438, 16798, 20224, 583640, 30237, 30237]}, 'thumbnail': {'width': 480, 'height': 320, 'url': 'https://instagram.fcnd1-1.fna.fbcdn.net/v/t51.2885-15/178375815_757914101576788_7335389258295713070_n.jpg?stp=dst-jpg_e35_s480x480&_nc_ht=instagram.fcnd1-1.fna.fbcdn.net&_nc_cat=104&_nc_ohc=94x8TZVaSaoAX94r--Z&edm=ACWDqb8BAAAA&ccb=7-4&ig_cache_key=MjU2MDkzNTI3NDAzNDMyNDcxNg%3D%3D.2-ccb7-4&oh=00_AT8YeP_i3R6L0kE3FQ6blisr3MZb6XBRCQhjQthPT9DdmQ&oe=6280323A&_nc_sid=1527a3', 'scans_profile': 'e35', 'estimated_scans_sizes': [3359, 6719, 10079, 13438, 16798, 20224, 583640, 30237, 30237]}, 'standard_resolution': {'width': 1440, 'height': 960, 'url': 'https://instagram.fcnd1-1.fna.fbcdn.net/v/t51.2885-15/178375815_757914101576788_7335389258295713070_n.jpg?se=7&stp=dst-jpg_e35&_nc_ht=instagram.fcnd1-1.fna.fbcdn.net&_nc_cat=104&_nc_ohc=94x8TZVaSaoAX94r--Z&edm=ACWDqb8BAAAA&ccb=7-4&ig_cache_key=MjU2MDkzNTI3NDAzNDMyNDcxNg%3D%3D.2-ccb7-4&oh=00_AT_Hwrrx3ysM9n0Vi38xxfUHn0YCf7WR8cA4zeiuQKHHGQ&oe=6280323A&_nc_sid=1527a3', 'scans_profile': 'e35', 'estimated_scans_sizes': [18902, 37804, 56706, 75608, 94511, 105757, 134580, 152957, 170120]}}","_
Ìñ•ÏùÑ Îß°Í≤†Îã§Îäî ÏùòÏßÄ
ÎÑàÎ•º Ï∞çÍ≤†Îã§Îäî ÏùòÏßÄ",,,
32,1619507239,2560934800489185172_30819697525,8,False,False,27419,2585585,https://www.instagram.com/p/COKRKH0F_-U/,"{'low_resolution': {'width': 480, 'height': 320, 'url': 'https://instagram.fcnd1-1.fna.fbcdn.net/v/t51.2885-15/173087766_2853614738210096_4604088662396537936_n.jpg?stp=dst-jpg_e35_s480x480&_nc_ht=instagram.fcnd1-1.fna.fbcdn.net&_nc_cat=108&_nc_ohc=nN2NL8kWjpgAX_v4Y-K&edm=ACWDqb8BAAAA&ccb=7-4&ig_cache_key=MjU2MDkzNDc5NzQ2OTA2Njc4OQ%3D%3D.2-ccb7-4&oh=00_AT8DZK1BMbpFZeX-V7IHpvr5hpPvMEdZ92hluiQN_5ZO6A&oe=627FCE9A&_nc_sid=1527a3', 'scans_profile': 'e35', 'estimated_scans_sizes': [3818, 7637, 11456, 15275, 19094, 22988, 663422, 34370, 34370]}, 'thumbnail': {'width': 480, 'height': 320, 'url': 'https://instagram.fcnd1-1.fna.fbcdn.net/v/t51.2885-15/173087766_2853614738210096_4604088662396537936_n.jpg?stp=dst-jpg_e35_s480x480&_nc_ht=instagram.fcnd1-1.fna.fbcdn.net&_nc_cat=108&_nc_ohc=nN2NL8kWjpgAX_v4Y-K&edm=ACWDqb8BAAAA&ccb=7-4&ig_cache_key=MjU2MDkzNDc5NzQ2OTA2Njc4OQ%3D%3D.2-ccb7-4&oh=00_AT8DZK1BMbpFZeX-V7IHpvr5hpPvMEdZ92hluiQN_5ZO6A&oe=627FCE9A&_nc_sid=1527a3', 'scans_profile': 'e35', 'estimated_scans_sizes': [3818, 7637, 11456, 15275, 19094, 22988, 663422, 34370, 34370]}, 'standard_resolution': {'width': 1440, 'height': 960, 'url': 'https://instagram.fcnd1-1.fna.fbcdn.net/v/t51.2885-15/173087766_2853614738210096_4604088662396537936_n.jpg?se=7&stp=dst-jpg_e35&_nc_ht=instagram.fcnd1-1.fna.fbcdn.net&_nc_cat=108&_nc_ohc=nN2NL8kWjpgAX_v4Y-K&edm=ACWDqb8BAAAA&ccb=7-4&ig_cache_key=MjU2MDkzNDc5NzQ2OTA2Njc4OQ%3D%3D.2-ccb7-4&oh=00_AT_m-5lmUEewaO40whfs7eGiogwJ3tNXXIVcAIdNbUmlVQ&oe=627FCE9A&_nc_sid=1527a3', 'scans_profile': 'e35', 'estimated_scans_sizes': [25700, 51400, 77101, 102801, 128501, 143792, 182982, 207967, 231303]}}",ÂÆâÂØß,,,
33,1618675527,2553957891079288281_30819697525,8,False,False,144072,3571249,https://www.instagram.com/p/CNxeyulFjXZ/,"{'low_resolution': {'width': 480, 'height': 600, 'url': 'https://instagram.fcnd1-1.fna.fbcdn.net/v/t51.2885-15/174191036_185351376735806_1435430148117077082_n.jpg?stp=dst-jpg_e35_p480x480&_nc_ht=instagram.fcnd1-1.fna.fbcdn.net&_nc_cat=102&_nc_ohc=JiVkCVnYOWIAX8ad_BY&edm=ACWDqb8BAAAA&ccb=7-4&ig_cache_key=MjU1Mzk1Njc2OTMwNDg2Njk1Nw%3D%3D.2-ccb7-4&oh=00_AT9SRjbg36N2kaxb0hxMo7Gkz_S-yWzNhVtNsI0DkMuKKQ&oe=627F5B5C&_nc_sid=1527a3', 'scans_profile': 'e35', 'estimated_scans_sizes': [3843, 7687, 11531, 15375, 19218, 23138, 667728, 34594, 34594]}, 'thumbnail': {'width': 480, 'height': 600, 'url': 'https://instagram.fcnd1-1.fna.fbcdn.net/v/t51.2885-15/174191036_185351376735806_1435430148117077082_n.jpg?stp=dst-jpg_e35_p480x480&_nc_ht=instagram.fcnd1-1.fna.fbcdn.net&_nc_cat=102&_nc_ohc=JiVkCVnYOWIAX8ad_BY&edm=ACWDqb8BAAAA&ccb=7-4&ig_cache_key=MjU1Mzk1Njc2OTMwNDg2Njk1Nw%3D%3D.2-ccb7-4&oh=00_AT9SRjbg36N2kaxb0hxMo7Gkz_S-yWzNhVtNsI0DkMuKKQ&oe=627F5B5C&_nc_sid=1527a3', 'scans_profile': 'e35', 'estimated_scans_sizes': [3843, 7687, 11531, 15375, 19218, 23138, 667728, 34594, 34594]}, 'standard_resolution': {'width': 480, 'height': 600, 'url': 'https://instagram.fcnd1-1.fna.fbcdn.net/v/t51.2885-15/174191036_185351376735806_1435430148117077082_n.jpg?stp=dst-jpg_e35_p480x480&_nc_ht=instagram.fcnd1-1.fna.fbcdn.net&_nc_cat=102&_nc_ohc=JiVkCVnYOWIAX8ad_BY&edm=ACWDqb8BAAAA&ccb=7-4&ig_cache_key=MjU1Mzk1Njc2OTMwNDg2Njk1Nw%3D%3D.2-ccb7-4&oh=00_AT9SRjbg36N2kaxb0hxMo7Gkz_S-yWzNhVtNsI0DkMuKKQ&oe=627F5B5C&_nc_sid=1527a3', 'scans_profile': 'e35', 'estimated_scans_sizes': [3843, 7687, 11531, 15375, 19218, 23138, 667728, 34594, 34594]}}",,,,
34,1617620117,2545104470620406226_30819697525,1,False,False,52712,2867585,https://www.instagram.com/p/CNSBwgPloHS/,"{'low_resolution': {'width': 480, 'height': 600, 'url': 'https://instagram.fcnd1-1.fna.fbcdn.net/v/t51.2885-15/167009055_977237109749355_401756202231499745_n.jpg?stp=dst-jpg_e35_p480x480&_nc_ht=instagram.fcnd1-1.fna.fbcdn.net&_nc_cat=103&_nc_ohc=pW1lw9roHKEAX9ieUeg&edm=ACWDqb8BAAAA&ccb=7-4&ig_cache_key=MjU0NTEwNDQ3MDYyMDQwNjIyNg%3D%3D.2-ccb7-4&oh=00_AT-XEASbmbL4GO3qIgZCK3dkIxG-Kumujyg633Ztaj8aTg&oe=627F46D6&_nc_sid=1527a3', 'scans_profile': 'e35', 'estimated_scans_sizes': [6583, 13167, 19751, 26335, 32919, 39632, 1143736, 59255, 59255]}, 'thumbnail': {'width': 480, 'height': 600, 'url': 'https://instagram.fcnd1-1.fna.fbcdn.net/v/t51.2885-15/167009055_977237109749355_401756202231499745_n.jpg?stp=dst-jpg_e35_p480x480&_nc_ht=instagram.fcnd1-1.fna.fbcdn.net&_nc_cat=103&_nc_ohc=pW1lw9roHKEAX9ieUeg&edm=ACWDqb8BAAAA&ccb=7-4&ig_cache_key=MjU0NTEwNDQ3MDYyMDQwNjIyNg%3D%3D.2-ccb7-4&oh=00_AT-XEASbmbL4GO3qIgZCK3dkIxG-Kumujyg633Ztaj8aTg&oe=627F46D6&_nc_sid=1527a3', 'scans_profile': 'e35', 'estimated_scans_sizes': [6583, 13167, 19751, 26335, 32919, 39632, 1143736, 59255, 59255]}, 'standard_resolution': {'width': 1440, 'height': 1800, 'url': 'https://instagram.fcnd1-1.fna.fbcdn.net/v/t51.2885-15/167009055_977237109749355_401756202231499745_n.jpg?se=7&stp=dst-jpg_e35&_nc_ht=instagram.fcnd1-1.fna.fbcdn.net&_nc_cat=103&_nc_ohc=pW1lw9roHKEAX9ieUeg&edm=ACWDqb8BAAAA&ccb=7-4&ig_cache_key=MjU0NTEwNDQ3MDYyMDQwNjIyNg%3D%3D.2-ccb7-4&oh=00_AT91odlq3UKhA6QtCZNgK1QjnH0tK9KK-mjxcJGdKColPA&oe=627F46D6&_nc_sid=1527a3', 'scans_profile': 'e35', 'estimated_scans_sizes': [46175, 92350, 138525, 184700, 230876, 258349, 328759, 373650, 415577]}}",take a deeeeeep breath,1440.0,1800.0,
35,1616315048,2534156757686848940_30819697525,8,False,False,69324,3307976,https://www.instagram.com/p/CMrIiUDFI2s/,"{'low_resolution': {'width': 480, 'height': 600, 'url': 'https://instagram.fcnd1-1.fna.fbcdn.net/v/t51.2885-15/162599893_1403522409988378_7664775524754742084_n.jpg?stp=dst-jpg_e35_p480x480&_nc_ht=instagram.fcnd1-1.fna.fbcdn.net&_nc_cat=110&_nc_ohc=BG0Crv9YbVUAX-IPgG2&edm=ACWDqb8BAAAA&ccb=7-4&ig_cache_key=MjUzNDE1Njc1NDYzMzQ1NzQ2Ng%3D%3D.2-ccb7-4&oh=00_AT_sNSlpFnfbNJtz4m58kH4uafErS3eIwVhtwb7FdZNHeA&oe=62804987&_nc_sid=1527a3', 'scans_profile': 'e35', 'estimated_scans_sizes': [5611, 11223, 16834, 22446, 28057, 33780, 974836, 50504, 50504]}, 'thumbnail': {'width': 480, 'height': 600, 'url': 'https://instagram.fcnd1-1.fna.fbcdn.net/v/t51.2885-15/162599893_1403522409988378_7664775524754742084_n.jpg?stp=dst-jpg_e35_p480x480&_nc_ht=instagram.fcnd1-1.fna.fbcdn.net&_nc_cat=110&_nc_ohc=BG0Crv9YbVUAX-IPgG2&edm=ACWDqb8BAAAA&ccb=7-4&ig_cache_key=MjUzNDE1Njc1NDYzMzQ1NzQ2Ng%3D%3D.2-ccb7-4&oh=00_AT_sNSlpFnfbNJtz4m58kH4uafErS3eIwVhtwb7FdZNHeA&oe=62804987&_nc_sid=1527a3', 'scans_profile': 'e35', 'estimated_scans_sizes': [5611, 11223, 16834, 22446, 28057, 33780, 974836, 50504, 50504]}, 'standard_resolution': {'width': 1440, 'height': 1800, 'url': 'https://instagram.fcnd1-1.fna.fbcdn.net/v/t51.2885-15/162599893_1403522409988378_7664775524754742084_n.jpg?se=7&stp=dst-jpg_e35&_nc_ht=instagram.fcnd1-1.fna.fbcdn.net&_nc_cat=110&_nc_ohc=BG0Crv9YbVUAX-IPgG2&edm=ACWDqb8BAAAA&ccb=7-4&ig_cache_key=MjUzNDE1Njc1NDYzMzQ1NzQ2Ng%3D%3D.2-ccb7-4&oh=00_AT8SsXa1dGWiLsyHLIjAH3VZCjmPxyns4T0Ee9oMbYVbwQ&oe=62804987&_nc_sid=1527a3', 'scans_profile': 'e35', 'estimated_scans_sizes': [31478, 62956, 94435, 125913, 157392, 176121, 224120, 254724, 283306]}}",,,,
36,1615966668,2531234336663398498_30819697525,1,False,False,64042,3038800,https://www.instagram.com/p/CMgwDfYF-hi/,"{'low_resolution': {'width': 480, 'height': 428, 'url': 'https://instagram.fcnd1-1.fna.fbcdn.net/v/t51.2885-15/160690107_114966060650601_482210643674009430_n.jpg?stp=dst-jpg_e35_s480x480&_nc_ht=instagram.fcnd1-1.fna.fbcdn.net&_nc_cat=109&_nc_ohc=AhbwCb_fRvQAX9FLd9g&edm=ACWDqb8BAAAA&ccb=7-4&ig_cache_key=MjUzMTIzNDMzNjY2MzM5ODQ5OA%3D%3D.2-ccb7-4&oh=00_AT_DfsxKRuHd0WsKUY8yLZ5j6wXdvH1CpGW7f1iUVCNUyA&oe=6280219C&_nc_sid=1527a3', 'scans_profile': 'e35', 'estimated_scans_sizes': [4053, 8106, 12159, 16212, 20265, 24397, 704075, 36477, 36477]}, 'thumbnail': {'width': 480, 'height': 428, 'url': 'https://instagram.fcnd1-1.fna.fbcdn.net/v/t51.2885-15/160690107_114966060650601_482210643674009430_n.jpg?stp=dst-jpg_e35_s480x480&_nc_ht=instagram.fcnd1-1.fna.fbcdn.net&_nc_cat=109&_nc_ohc=AhbwCb_fRvQAX9FLd9g&edm=ACWDqb8BAAAA&ccb=7-4&ig_cache_key=MjUzMTIzNDMzNjY2MzM5ODQ5OA%3D%3D.2-ccb7-4&oh=00_AT_DfsxKRuHd0WsKUY8yLZ5j6wXdvH1CpGW7f1iUVCNUyA&oe=6280219C&_nc_sid=1527a3', 'scans_profile': 'e35', 'estimated_scans_sizes': [4053, 8106, 12159, 16212, 20265, 24397, 704075, 36477, 36477]}, 'standard_resolution': {'width': 1440, 'height': 1284, 'url': 'https://instagram.fcnd1-1.fna.fbcdn.net/v/t51.2885-15/160690107_114966060650601_482210643674009430_n.jpg?se=7&stp=dst-jpg_e35&_nc_ht=instagram.fcnd1-1.fna.fbcdn.net&_nc_cat=109&_nc_ohc=AhbwCb_fRvQAX9FLd9g&edm=ACWDqb8BAAAA&ccb=7-4&ig_cache_key=MjUzMTIzNDMzNjY2MzM5ODQ5OA%3D%3D.2-ccb7-4&oh=00_AT_hXsUvCkbpfPukdXQCUOx9y67h8jolXOYKMcaQEg3qDg&oe=6280219C&_nc_sid=1527a3', 'scans_profile': 'e35', 'estimated_scans_sizes': [21242, 42485, 63728, 84971, 106213, 118853, 151245, 171897, 191185]}}",09:10,1440.0,1284.0,
37,1613996371,2514706284248720671_30819697525,8,False,False,52488,2956242,https://www.instagram.com/p/CLmCArDFmUf/,"{'low_resolution': {'width': 480, 'height': 600, 'url': 'https://instagram.fcnd1-1.fna.fbcdn.net/v/t51.2885-15/152400380_464806454655057_881970646594545953_n.jpg?stp=dst-jpg_e35_p480x480&_nc_ht=instagram.fcnd1-1.fna.fbcdn.net&_nc_cat=109&_nc_ohc=VX2exIgsyMoAX8nPlV1&edm=ACWDqb8BAAAA&ccb=7-4&ig_cache_key=MjUxNDcwNjI4MTE0NTAyNDYyNw%3D%3D.2-ccb7-4&oh=00_AT_XruGjGvB_Uqzf0LyK6c-ad4RouTtnRjZ4jCu9NIFVPQ&oe=627F3B91&_nc_sid=1527a3', 'scans_profile': 'e35', 'estimated_scans_sizes': [4932, 9865, 14798, 19731, 24664, 29694, 856942, 44396, 44396]}, 'thumbnail': {'width': 480, 'height': 600, 'url': 'https://instagram.fcnd1-1.fna.fbcdn.net/v/t51.2885-15/152400380_464806454655057_881970646594545953_n.jpg?stp=dst-jpg_e35_p480x480&_nc_ht=instagram.fcnd1-1.fna.fbcdn.net&_nc_cat=109&_nc_ohc=VX2exIgsyMoAX8nPlV1&edm=ACWDqb8BAAAA&ccb=7-4&ig_cache_key=MjUxNDcwNjI4MTE0NTAyNDYyNw%3D%3D.2-ccb7-4&oh=00_AT_XruGjGvB_Uqzf0LyK6c-ad4RouTtnRjZ4jCu9NIFVPQ&oe=627F3B91&_nc_sid=1527a3', 'scans_profile': 'e35', 'estimated_scans_sizes': [4932, 9865, 14798, 19731, 24664, 29694, 856942, 44396, 44396]}, 'standard_resolution': {'width': 1440, 'height': 1800, 'url': 'https://instagram.fcnd1-1.fna.fbcdn.net/v/t51.2885-15/152400380_464806454655057_881970646594545953_n.jpg?se=7&stp=dst-jpg_e35&_nc_ht=instagram.fcnd1-1.fna.fbcdn.net&_nc_cat=109&_nc_ohc=VX2exIgsyMoAX8nPlV1&edm=ACWDqb8BAAAA&ccb=7-4&ig_cache_key=MjUxNDcwNjI4MTE0NTAyNDYyNw%3D%3D.2-ccb7-4&oh=00_AT-PhqZS0hW0qjOAz6GI56FaHK8BGkMKIh_Qxv13BcPsWw&oe=627F3B91&_nc_sid=1527a3', 'scans_profile': 'e35', 'estimated_scans_sizes': [23109, 46218, 69327, 92436, 115545, 129295, 164533, 186999, 207982]}}","#BurberryAW21 #BurberryShow #Ad
""taking my seat to watch the @burberry men's show""",,,
38,1613908095,2513965772705236075_30819697525,1,False,False,69128,3010761,https://www.instagram.com/p/CLjZoz7lgRr/,"{'low_resolution': {'width': 480, 'height': 600, 'url': 'https://instagram.fcnd1-1.fna.fbcdn.net/v/t51.2885-15/152779540_868377890387809_5689521086823310939_n.jpg?stp=dst-jpg_e35_p480x480&_nc_ht=instagram.fcnd1-1.fna.fbcdn.net&_nc_cat=101&_nc_ohc=-rH7EzT943kAX9sj-US&edm=ACWDqb8BAAAA&ccb=7-4&ig_cache_key=MjUxMzk2NTc3MjcwNTIzNjA3NQ%3D%3D.2-ccb7-4&oh=00_AT_l6pg0Y85J4bdRqmtLDIpe_h3bC8HsIgPiuTpbutQ83Q&oe=627EECEF&_nc_sid=1527a3', 'scans_profile': 'e35', 'estimated_scans_sizes': [6203, 12406, 18609, 24812, 31016, 37341, 1077605, 55829, 55829]}, 'thumbnail': {'width': 480, 'height': 600, 'url': 'https://instagram.fcnd1-1.fna.fbcdn.net/v/t51.2885-15/152779540_868377890387809_5689521086823310939_n.jpg?stp=dst-jpg_e35_p480x480&_nc_ht=instagram.fcnd1-1.fna.fbcdn.net&_nc_cat=101&_nc_ohc=-rH7EzT943kAX9sj-US&edm=ACWDqb8BAAAA&ccb=7-4&ig_cache_key=MjUxMzk2NTc3MjcwNTIzNjA3NQ%3D%3D.2-ccb7-4&oh=00_AT_l6pg0Y85J4bdRqmtLDIpe_h3bC8HsIgPiuTpbutQ83Q&oe=627EECEF&_nc_sid=1527a3', 'scans_profile': 'e35', 'estimated_scans_sizes': [6203, 12406, 18609, 24812, 31016, 37341, 1077605, 55829, 55829]}, 'standard_resolution': {'width': 1440, 'height': 1800, 'url': 'https://instagram.fcnd1-1.fna.fbcdn.net/v/t51.2885-15/152779540_868377890387809_5689521086823310939_n.jpg?se=7&stp=dst-jpg_e35&_nc_ht=instagram.fcnd1-1.fna.fbcdn.net&_nc_cat=101&_nc_ohc=-rH7EzT943kAX9sj-US&edm=ACWDqb8BAAAA&ccb=7-4&ig_cache_key=MjUxMzk2NTc3MjcwNTIzNjA3NQ%3D%3D.2-ccb7-4&oh=00_AT8zidoZpy7vrbHsSGoUw0-z07DQOfuFHj4jYuOoJWt0Iw&oe=627EECEF&_nc_sid=1527a3', 'scans_profile': 'e35', 'estimated_scans_sizes': [40030, 80060, 120090, 160120, 200150, 223966, 285006, 323923, 360270]}}",,1440.0,1800.0,
39,1613291004,2508789241804550993_30819697525,1,False,False,174854,3445307,https://www.instagram.com/p/CLRAoX2FPNR/,"{'low_resolution': {'width': 480, 'height': 600, 'url': 'https://instagram.fcnd1-1.fna.fbcdn.net/v/t51.2885-15/149990916_235613498228828_5211980632351923674_n.jpg?stp=dst-jpg_e35_p480x480&_nc_ht=instagram.fcnd1-1.fna.fbcdn.net&_nc_cat=108&_nc_ohc=YPz1EF2I7LwAX8ykM5s&edm=ACWDqb8BAAAA&ccb=7-4&ig_cache_key=MjUwODc4OTI0MTgwNDU1MDk5Mw%3D%3D.2-ccb7-4&oh=00_AT9Dx6uSxZAIqb7FAgSpB8XQKOTfVgydWbVFmZ1P0nkAkA&oe=627FE0F5&_nc_sid=1527a3', 'scans_profile': 'e35', 'estimated_scans_sizes': [5147, 10294, 15442, 20589, 25737, 30985, 894204, 46327, 46327]}, 'thumbnail': {'width': 480, 'height': 600, 'url': 'https://instagram.fcnd1-1.fna.fbcdn.net/v/t51.2885-15/149990916_235613498228828_5211980632351923674_n.jpg?stp=dst-jpg_e35_p480x480&_nc_ht=instagram.fcnd1-1.fna.fbcdn.net&_nc_cat=108&_nc_ohc=YPz1EF2I7LwAX8ykM5s&edm=ACWDqb8BAAAA&ccb=7-4&ig_cache_key=MjUwODc4OTI0MTgwNDU1MDk5Mw%3D%3D.2-ccb7-4&oh=00_AT9Dx6uSxZAIqb7FAgSpB8XQKOTfVgydWbVFmZ1P0nkAkA&oe=627FE0F5&_nc_sid=1527a3', 'scans_profile': 'e35', 'estimated_scans_sizes': [5147, 10294, 15442, 20589, 25737, 30985, 894204, 46327, 46327]}, 'standard_resolution': {'width': 1440, 'height': 1800, 'url': 'https://instagram.fcnd1-1.fna.fbcdn.net/v/t51.2885-15/149990916_235613498228828_5211980632351923674_n.jpg?se=7&stp=dst-jpg_e35&_nc_ht=instagram.fcnd1-1.fna.fbcdn.net&_nc_cat=108&_nc_ohc=YPz1EF2I7LwAX8ykM5s&edm=ACWDqb8BAAAA&ccb=7-4&ig_cache_key=MjUwODc4OTI0MTgwNDU1MDk5Mw%3D%3D.2-ccb7-4&oh=00_AT_aIVzf2K8rljG87V1Vli91BrghOOS_XUexGsiGFy2PeQ&oe=627FE0F5&_nc_sid=1527a3', 'scans_profile': 'e35', 'estimated_scans_sizes': [25592, 51184, 76776, 102368, 127961, 143187, 182212, 207093, 230330]}}",üéÇ,1440.0,1800.0,
40,1612330593,2500732478145118619_30819697525,2,False,False,43184,2785766,https://www.instagram.com/p/CK0YvB-H0Gb/,"{'low_resolution': {'width': 480, 'height': 600, 'url': 'https://instagram.fcnd1-1.fna.fbcdn.net/v/t51.2885-15/145182603_452187142624895_4223956770297866673_n.jpg?stp=dst-jpg_e35_p480x480&_nc_ht=instagram.fcnd1-1.fna.fbcdn.net&_nc_cat=111&_nc_ohc=xwNJh8-zs7sAX9069xC&edm=ACWDqb8BAAAA&ccb=7-4&ig_cache_key=MjUwMDczMjQ3ODE0NTExODYxOQ%3D%3D.2-ccb7-4&oh=00_AT_HS46ZH2QXsV7AVyLIaDMnBRHz4BvBrVe_A5WOxE8U9g&oe=62802D5D&_nc_sid=1527a3', 'scans_profile': 'e35', 'estimated_scans_sizes': [5387, 10774, 16162, 21549, 26937, 32431, 935906, 48487, 48487]}, 'thumbnail': {'width': 480, 'height': 600, 'url': 'https://instagram.fcnd1-1.fna.fbcdn.net/v/t51.2885-15/145182603_452187142624895_4223956770297866673_n.jpg?stp=dst-jpg_e35_p480x480&_nc_ht=instagram.fcnd1-1.fna.fbcdn.net&_nc_cat=111&_nc_ohc=xwNJh8-zs7sAX9069xC&edm=ACWDqb8BAAAA&ccb=7-4&ig_cache_key=MjUwMDczMjQ3ODE0NTExODYxOQ%3D%3D.2-ccb7-4&oh=00_AT_HS46ZH2QXsV7AVyLIaDMnBRHz4BvBrVe_A5WOxE8U9g&oe=62802D5D&_nc_sid=1527a3', 'scans_profile': 'e35', 'estimated_scans_sizes': [5387, 10774, 16162, 21549, 26937, 32431, 935906, 48487, 48487]}, 'standard_resolution': {'width': 480, 'height': 600, 'url': 'https://instagram.fcnd1-1.fna.fbcdn.net/v/t51.2885-15/145182603_452187142624895_4223956770297866673_n.jpg?stp=dst-jpg_e35_p480x480&_nc_ht=instagram.fcnd1-1.fna.fbcdn.net&_nc_cat=111&_nc_ohc=xwNJh8-zs7sAX9069xC&edm=ACWDqb8BAAAA&ccb=7-4&ig_cache_key=MjUwMDczMjQ3ODE0NTExODYxOQ%3D%3D.2-ccb7-4&oh=00_AT_HS46ZH2QXsV7AVyLIaDMnBRHz4BvBrVe_A5WOxE8U9g&oe=62802D5D&_nc_sid=1527a3', 'scans_profile': 'e35', 'estimated_scans_sizes': [5387, 10774, 16162, 21549, 26937, 32431, 935906, 48487, 48487]}}",,720.0,900.0,
41,1609752376,2479105073328076634_30819697525,1,False,False,28360,2444127,https://www.instagram.com/p/CJnjO3olrda/,"{'low_resolution': {'width': 480, 'height': 600, 'url': 'https://instagram.fcnd1-1.fna.fbcdn.net/v/t51.2885-15/135330899_267008051429948_854341129084670704_n.jpg?stp=dst-jpg_e35_p480x480&_nc_ht=instagram.fcnd1-1.fna.fbcdn.net&_nc_cat=108&_nc_ohc=cg2EpeGKHlgAX-GtpIx&edm=ACWDqb8BAAAA&ccb=7-4&ig_cache_key=MjQ3OTEwNTA3MzMyODA3NjYzNA%3D%3D.2-ccb7-4&oh=00_AT-YvBVWxz6Md6ncmtwlX8ejBphsvM02Nf4nkSl9JKEnag&oe=6280AC09&_nc_sid=1527a3', 'scans_profile': 'e35', 'estimated_scans_sizes': [4958, 9916, 14874, 19832, 24790, 29845, 861297, 44622, 44622]}, 'thumbnail': {'width': 480, 'height': 600, 'url': 'https://instagram.fcnd1-1.fna.fbcdn.net/v/t51.2885-15/135330899_267008051429948_854341129084670704_n.jpg?stp=dst-jpg_e35_p480x480&_nc_ht=instagram.fcnd1-1.fna.fbcdn.net&_nc_cat=108&_nc_ohc=cg2EpeGKHlgAX-GtpIx&edm=ACWDqb8BAAAA&ccb=7-4&ig_cache_key=MjQ3OTEwNTA3MzMyODA3NjYzNA%3D%3D.2-ccb7-4&oh=00_AT-YvBVWxz6Md6ncmtwlX8ejBphsvM02Nf4nkSl9JKEnag&oe=6280AC09&_nc_sid=1527a3', 'scans_profile': 'e35', 'estimated_scans_sizes': [4958, 9916, 14874, 19832, 24790, 29845, 861297, 44622, 44622]}, 'standard_resolution': {'width': 1440, 'height': 1800, 'url': 'https://instagram.fcnd1-1.fna.fbcdn.net/v/t51.2885-15/135330899_267008051429948_854341129084670704_n.jpg?se=7&stp=dst-jpg_e35&_nc_ht=instagram.fcnd1-1.fna.fbcdn.net&_nc_cat=108&_nc_ohc=cg2EpeGKHlgAX-GtpIx&edm=ACWDqb8BAAAA&ccb=7-4&ig_cache_key=MjQ3OTEwNTA3MzMyODA3NjYzNA%3D%3D.2-ccb7-4&oh=00_AT9IDX6JiHq2idT3Y2KsLYIGBkia4HlGx0B5mY6zuJxBsg&oe=6280AC09&_nc_sid=1527a3', 'scans_profile': 'e35', 'estimated_scans_sizes': [23391, 46783, 70175, 93567, 116958, 130876, 166545, 189286, 210526]}}",#TOMFORD,1440.0,1800.0,
42,1609482605,2476842070637465901_30819697525,1,False,False,66138,3149464,https://www.instagram.com/p/CJfgr2JFtEt/,"{'low_resolution': {'width': 480, 'height': 600, 'url': 'https://instagram.fcnd1-1.fna.fbcdn.net/v/t51.2885-15/135653274_2802609009957717_5229073051403628342_n.jpg?stp=dst-jpg_e35_p480x480&_nc_ht=instagram.fcnd1-1.fna.fbcdn.net&_nc_cat=109&_nc_ohc=RVJ_JVFFmKsAX-nJHT2&edm=ACWDqb8BAAAA&ccb=7-4&ig_cache_key=MjQ3Njg0MjA3MDYzNzQ2NTkwMQ%3D%3D.2-ccb7-4&oh=00_AT-D7M2SfQ0FAn5jAQXS6jwPmTWlRNIaQtV4SEDEUSVoEg&oe=627FFE61&_nc_sid=1527a3', 'scans_profile': 'e35', 'estimated_scans_sizes': [4734, 9468, 14202, 18936, 23671, 28498, 822424, 42608, 42608]}, 'thumbnail': {'width': 480, 'height': 600, 'url': 'https://instagram.fcnd1-1.fna.fbcdn.net/v/t51.2885-15/135653274_2802609009957717_5229073051403628342_n.jpg?stp=dst-jpg_e35_p480x480&_nc_ht=instagram.fcnd1-1.fna.fbcdn.net&_nc_cat=109&_nc_ohc=RVJ_JVFFmKsAX-nJHT2&edm=ACWDqb8BAAAA&ccb=7-4&ig_cache_key=MjQ3Njg0MjA3MDYzNzQ2NTkwMQ%3D%3D.2-ccb7-4&oh=00_AT-D7M2SfQ0FAn5jAQXS6jwPmTWlRNIaQtV4SEDEUSVoEg&oe=627FFE61&_nc_sid=1527a3', 'scans_profile': 'e35', 'estimated_scans_sizes': [4734, 9468, 14202, 18936, 23671, 28498, 822424, 42608, 42608]}, 'standard_resolution': {'width': 1440, 'height': 1800, 'url': 'https://instagram.fcnd1-1.fna.fbcdn.net/v/t51.2885-15/135653274_2802609009957717_5229073051403628342_n.jpg?se=7&stp=dst-jpg_e35&_nc_ht=instagram.fcnd1-1.fna.fbcdn.net&_nc_cat=109&_nc_ohc=RVJ_JVFFmKsAX-nJHT2&edm=ACWDqb8BAAAA&ccb=7-4&ig_cache_key=MjQ3Njg0MjA3MDYzNzQ2NTkwMQ%3D%3D.2-ccb7-4&oh=00_AT_YT4juLjpX8GqhjXkWRECJAhRf_tEDk6Ht8mZpOjAf7A&oe=627FFE61&_nc_sid=1527a3', 'scans_profile': 'e35', 'estimated_scans_sizes': [20939, 41879, 62819, 83758, 104698, 117156, 149086, 169444, 188457]}}",,1440.0,1800.0,
43,1609482552,2476841630378108396_30819697525,8,False,False,60007,3271636,https://www.instagram.com/p/CJfglcHliXs/,"{'low_resolution': {'width': 480, 'height': 600, 'url': 'https://instagram.fcnd1-1.fna.fbcdn.net/v/t51.2885-15/134543858_227594678849067_8856847611630615386_n.jpg?stp=dst-jpg_e35_p480x480&_nc_ht=instagram.fcnd1-1.fna.fbcdn.net&_nc_cat=103&_nc_ohc=xrzdJIBbDQ0AX8-3hfm&edm=ACWDqb8BAAAA&ccb=7-4&ig_cache_key=MjQ3Njg0MTYyODA0NjA3NzY5OA%3D%3D.2-ccb7-4&oh=00_AT8ZLxCQcouexDNeMnbULVPQ0Wu3WG6-V8lfY_IxRU6koA&oe=628074F4&_nc_sid=1527a3', 'scans_profile': 'e35', 'estimated_scans_sizes': [5348, 10696, 16044, 21392, 26740, 32194, 929073, 48133, 48133]}, 'thumbnail': {'width': 480, 'height': 600, 'url': 'https://instagram.fcnd1-1.fna.fbcdn.net/v/t51.2885-15/134543858_227594678849067_8856847611630615386_n.jpg?stp=dst-jpg_e35_p480x480&_nc_ht=instagram.fcnd1-1.fna.fbcdn.net&_nc_cat=103&_nc_ohc=xrzdJIBbDQ0AX8-3hfm&edm=ACWDqb8BAAAA&ccb=7-4&ig_cache_key=MjQ3Njg0MTYyODA0NjA3NzY5OA%3D%3D.2-ccb7-4&oh=00_AT8ZLxCQcouexDNeMnbULVPQ0Wu3WG6-V8lfY_IxRU6koA&oe=628074F4&_nc_sid=1527a3', 'scans_profile': 'e35', 'estimated_scans_sizes': [5348, 10696, 16044, 21392, 26740, 32194, 929073, 48133, 48133]}, 'standard_resolution': {'width': 1440, 'height': 1800, 'url': 'https://instagram.fcnd1-1.fna.fbcdn.net/v/t51.2885-15/134543858_227594678849067_8856847611630615386_n.jpg?se=7&stp=dst-jpg_e35&_nc_ht=instagram.fcnd1-1.fna.fbcdn.net&_nc_cat=103&_nc_ohc=xrzdJIBbDQ0AX8-3hfm&edm=ACWDqb8BAAAA&ccb=7-4&ig_cache_key=MjQ3Njg0MTYyODA0NjA3NzY5OA%3D%3D.2-ccb7-4&oh=00_AT_P3mhY3cPrGGIJe943KdjytkFdnXmTB88_WqJ2kUdUag&oe=628074F4&_nc_sid=1527a3', 'scans_profile': 'e35', 'estimated_scans_sizes': [28050, 56101, 84152, 112202, 140253, 156942, 199715, 226986, 252456]}}",thanks to 2020,,,
44,1608873384,2471731553401014735_30819697525,1,False,False,108213,3366207,https://www.instagram.com/p/CJNWsCEl4nP/,"{'low_resolution': {'width': 480, 'height': 600, 'url': 'https://instagram.fcnd1-1.fna.fbcdn.net/v/t51.2885-15/132279405_712053576390522_1013172845418973952_n.jpg?stp=dst-jpg_e35_p480x480&_nc_ht=instagram.fcnd1-1.fna.fbcdn.net&_nc_cat=106&_nc_ohc=pOjQa1L_tP0AX_okFoV&edm=ACWDqb8BAAAA&ccb=7-4&ig_cache_key=MjQ3MTczMTU1MzQwMTAxNDczNQ%3D%3D.2-ccb7-4&oh=00_AT9h8iMyFSqGPhVpHfnrTCkCwzR5mO0nEqzIdJONkgz_nQ&oe=627EF7EC&_nc_sid=1527a3', 'scans_profile': 'e35', 'estimated_scans_sizes': [5481, 10963, 16444, 21926, 27407, 32997, 952242, 49334, 49334]}, 'thumbnail': {'width': 480, 'height': 600, 'url': 'https://instagram.fcnd1-1.fna.fbcdn.net/v/t51.2885-15/132279405_712053576390522_1013172845418973952_n.jpg?stp=dst-jpg_e35_p480x480&_nc_ht=instagram.fcnd1-1.fna.fbcdn.net&_nc_cat=106&_nc_ohc=pOjQa1L_tP0AX_okFoV&edm=ACWDqb8BAAAA&ccb=7-4&ig_cache_key=MjQ3MTczMTU1MzQwMTAxNDczNQ%3D%3D.2-ccb7-4&oh=00_AT9h8iMyFSqGPhVpHfnrTCkCwzR5mO0nEqzIdJONkgz_nQ&oe=627EF7EC&_nc_sid=1527a3', 'scans_profile': 'e35', 'estimated_scans_sizes': [5481, 10963, 16444, 21926, 27407, 32997, 952242, 49334, 49334]}, 'standard_resolution': {'width': 1440, 'height': 1800, 'url': 'https://instagram.fcnd1-1.fna.fbcdn.net/v/t51.2885-15/132279405_712053576390522_1013172845418973952_n.jpg?se=7&stp=dst-jpg_e35&_nc_ht=instagram.fcnd1-1.fna.fbcdn.net&_nc_cat=106&_nc_ohc=pOjQa1L_tP0AX_okFoV&edm=ACWDqb8BAAAA&ccb=7-4&ig_cache_key=MjQ3MTczMTU1MzQwMTAxNDczNQ%3D%3D.2-ccb7-4&oh=00_AT-ib0YBSeEpJx5gxTLeR7imjITbjn1ByfgG6jwVzHJ5Ew&oe=627EF7EC&_nc_sid=1527a3', 'scans_profile': 'e35', 'estimated_scans_sizes': [29757, 59514, 89272, 119029, 148786, 166491, 211867, 240797, 267816]}}",merrychristmas,1440.0,1800.0,
