,taken_at,id,media_type,is_unified_video,is_paid_partnership,comment_count,like_count,link,images,description,original_width,original_height,next_max_id
0,1651315703,2827763532435976106_50326975911,8,False,False,0,10353727,https://www.instagram.com/p/Cc-O_Nbpm-q/,"{'low_resolution': {'width': 480, 'height': 480, 'url': 'https://instagram.fotp3-1.fna.fbcdn.net/v/t51.2885-15/279413190_412939660373492_445143389833086369_n.webp?stp=dst-jpg_e35_s480x480&_nc_ht=instagram.fotp3-1.fna.fbcdn.net&_nc_cat=1&_nc_ohc=jZBE7piYf8oAX--i0ba&edm=ACWDqb8BAAAA&ccb=7-4&ig_cache_key=MjgyNzc2MzUyODk5NjY0MDA0OA%3D%3D.2-ccb7-4&oh=00_AT82SP_0iu_UDa8cDWkapkx6Ket8EYay4RKcujyUCaQy3A&oe=627BF6D1&_nc_sid=1527a3', 'scans_profile': 'e35', 'estimated_scans_sizes': [6843, 13686, 20530, 27373, 34217, 42713, 551651, 61591, 61591]}, 'thumbnail': {'width': 480, 'height': 480, 'url': 'https://instagram.fotp3-1.fna.fbcdn.net/v/t51.2885-15/279413190_412939660373492_445143389833086369_n.webp?stp=dst-jpg_e35_s480x480&_nc_ht=instagram.fotp3-1.fna.fbcdn.net&_nc_cat=1&_nc_ohc=jZBE7piYf8oAX--i0ba&edm=ACWDqb8BAAAA&ccb=7-4&ig_cache_key=MjgyNzc2MzUyODk5NjY0MDA0OA%3D%3D.2-ccb7-4&oh=00_AT82SP_0iu_UDa8cDWkapkx6Ket8EYay4RKcujyUCaQy3A&oe=627BF6D1&_nc_sid=1527a3', 'scans_profile': 'e35', 'estimated_scans_sizes': [6843, 13686, 20530, 27373, 34217, 42713, 551651, 61591, 61591]}, 'standard_resolution': {'width': 1440, 'height': 1440, 'url': 'https://instagram.fotp3-1.fna.fbcdn.net/v/t51.2885-15/279413190_412939660373492_445143389833086369_n.webp?se=7&stp=dst-jpg_e35&_nc_ht=instagram.fotp3-1.fna.fbcdn.net&_nc_cat=1&_nc_ohc=jZBE7piYf8oAX--i0ba&edm=ACWDqb8BAAAA&ccb=7-4&ig_cache_key=MjgyNzc2MzUyODk5NjY0MDA0OA%3D%3D.2-ccb7-4&oh=00_AT-EkQHzqst2zHy_yKvGiM0UJzIaEbsngKb6HJ0_H2PevA&oe=627BF6D1&_nc_sid=1527a3', 'scans_profile': 'e35', 'estimated_scans_sizes': [31873, 63746, 95619, 127492, 159365, 192353, 232859, 259328, 286857]}}",THAT THAT üî•üî•,,,
1,1651029505,2825362731684456435_50326975911,8,False,False,0,8423015,https://www.instagram.com/p/Cc1tG9frefz/,"{'low_resolution': {'width': 480, 'height': 478, 'url': 'https://instagram.fotp3-1.fna.fbcdn.net/v/t51.2885-15/279210401_673613247246508_4068864673299978857_n.webp?stp=dst-jpg_e35_s480x480&_nc_ht=instagram.fotp3-1.fna.fbcdn.net&_nc_cat=1&_nc_ohc=XG1-icn0K08AX8KTw0X&edm=ACWDqb8BAAAA&ccb=7-4&ig_cache_key=MjgyNTM2MjcyODQzODEwNTg1OQ%3D%3D.2-ccb7-4&oh=00_AT-K7rG8RuvE6dnACyN2YsoxB70uvVGrXWCYc_IfRvkEoA&oe=627C8196&_nc_sid=1527a3', 'scans_profile': 'e35', 'estimated_scans_sizes': [4073, 8147, 12221, 16295, 20369, 25427, 328399, 36665, 36665]}, 'thumbnail': {'width': 480, 'height': 478, 'url': 'https://instagram.fotp3-1.fna.fbcdn.net/v/t51.2885-15/279210401_673613247246508_4068864673299978857_n.webp?stp=dst-jpg_e35_s480x480&_nc_ht=instagram.fotp3-1.fna.fbcdn.net&_nc_cat=1&_nc_ohc=XG1-icn0K08AX8KTw0X&edm=ACWDqb8BAAAA&ccb=7-4&ig_cache_key=MjgyNTM2MjcyODQzODEwNTg1OQ%3D%3D.2-ccb7-4&oh=00_AT-K7rG8RuvE6dnACyN2YsoxB70uvVGrXWCYc_IfRvkEoA&oe=627C8196&_nc_sid=1527a3', 'scans_profile': 'e35', 'estimated_scans_sizes': [4073, 8147, 12221, 16295, 20369, 25427, 328399, 36665, 36665]}, 'standard_resolution': {'width': 952, 'height': 948, 'url': 'https://instagram.fotp3-1.fna.fbcdn.net/v/t51.2885-15/279210401_673613247246508_4068864673299978857_n.webp?se=8&stp=dst-jpg_e35&_nc_ht=instagram.fotp3-1.fna.fbcdn.net&_nc_cat=1&_nc_ohc=XG1-icn0K08AX8KTw0X&edm=ACWDqb8BAAAA&ccb=7-4&ig_cache_key=MjgyNTM2MjcyODQzODEwNTg1OQ%3D%3D.2-ccb7-4&oh=00_AT8BQ-jtmn3W5HsucovN_0j17RmRVwfm9C_GHDZXeNZY3A&oe=627C8196&_nc_sid=1527a3', 'scans_profile': 'e35', 'estimated_scans_sizes': [8950, 17901, 26852, 35803, 44754, 54018, 65394, 72827, 80558]}}","PSY
Ï†ïÍ∑ú9Ïßë [Ïã∏Îã§9]
Full-Length Album [PSY 9th]

Track List:
#2. That That prod.&ft. SUGA of BTS *Title Track 

2022.04.29 (Fri) 6PM KST

@agustd 

#PSY #Ïã∏Ïù¥ #ThatThat
#Ïã∏Îã§9 #PSY9th #220429_6pmKST
#PNATION #ÌîºÎÑ§Ïù¥ÏÖò",,,
2,1650943669,2824642689669373751_50326975911,8,False,False,0,8958350,https://www.instagram.com/p/CczJY-HJZ83/,"{'low_resolution': {'width': 480, 'height': 491, 'url': 'https://instagram.fotp3-1.fna.fbcdn.net/v/t51.2885-15/279191425_313449797423303_3528966062936992578_n.webp?stp=dst-jpg_e35_p480x480&_nc_ht=instagram.fotp3-1.fna.fbcdn.net&_nc_cat=1&_nc_ohc=V5QUHrfzmsAAX-Qu9tE&edm=ACWDqb8BAAAA&ccb=7-4&ig_cache_key=MjgyNDY0MjY4NTcwOTg2ODY5Mg%3D%3D.2-ccb7-4&oh=00_AT_ftJmLvvL5zor9R1GPxBh_O8TYrQ8ol7L-8BingbDbOQ&oe=627C9861&_nc_sid=1527a3', 'scans_profile': 'e35', 'estimated_scans_sizes': [4022, 8044, 12066, 16088, 20110, 25104, 324231, 36199, 36199]}, 'thumbnail': {'width': 480, 'height': 491, 'url': 'https://instagram.fotp3-1.fna.fbcdn.net/v/t51.2885-15/279191425_313449797423303_3528966062936992578_n.webp?stp=dst-jpg_e35_p480x480&_nc_ht=instagram.fotp3-1.fna.fbcdn.net&_nc_cat=1&_nc_ohc=V5QUHrfzmsAAX-Qu9tE&edm=ACWDqb8BAAAA&ccb=7-4&ig_cache_key=MjgyNDY0MjY4NTcwOTg2ODY5Mg%3D%3D.2-ccb7-4&oh=00_AT_ftJmLvvL5zor9R1GPxBh_O8TYrQ8ol7L-8BingbDbOQ&oe=627C9861&_nc_sid=1527a3', 'scans_profile': 'e35', 'estimated_scans_sizes': [4022, 8044, 12066, 16088, 20110, 25104, 324231, 36199, 36199]}, 'standard_resolution': {'width': 951, 'height': 973, 'url': 'https://instagram.fotp3-1.fna.fbcdn.net/v/t51.2885-15/279191425_313449797423303_3528966062936992578_n.webp?se=8&stp=dst-jpg_e35&_nc_ht=instagram.fotp3-1.fna.fbcdn.net&_nc_cat=1&_nc_ohc=V5QUHrfzmsAAX-Qu9tE&edm=ACWDqb8BAAAA&ccb=7-4&ig_cache_key=MjgyNDY0MjY4NTcwOTg2ODY5Mg%3D%3D.2-ccb7-4&oh=00_AT-NsTyfYKiKfa1m4AV4JMZk-qM010xUphY_ByxCeOTnWA&oe=627C9861&_nc_sid=1527a3', 'scans_profile': 'e35', 'estimated_scans_sizes': [8631, 17262, 25894, 34525, 43156, 52090, 63059, 70227, 77682]}}","PSY
Ï†ïÍ∑ú9Ïßë [Ïã∏Îã§9]
Full-Length Album [PSY 9th]

Track List:
#2. That That (prod. SUGA of BTS) *Title Track 

@agustd 

2022.04.29 (Fri) 6PM KST

#PSY #Ïã∏Ïù¥ #ThatThat
#Ïã∏Îã§9 #PSY9th #220429_6pmKST
#PNATION #ÌîºÎÑ§Ïù¥ÏÖò",,,
3,1650319629,2819407859572243758_50326975911,8,False,False,0,9887824,https://www.instagram.com/p/CcgjIKqv30u/,"{'low_resolution': {'width': 480, 'height': 320, 'url': 'https://instagram.fotp3-1.fna.fbcdn.net/v/t51.2885-15/278738974_693979018421142_4072482491096727383_n.webp?stp=dst-jpg_e35_s480x480&_nc_ht=instagram.fotp3-1.fna.fbcdn.net&_nc_cat=1&_nc_ohc=7biO26FWYtsAX82caqb&edm=ACWDqb8BAAAA&ccb=7-4&ig_cache_key=MjgxOTQwNzg1NDQwNDg0NzIyNg%3D%3D.2-ccb7-4&oh=00_AT-ffExIZyg6Cyng2EEQNNb6xemHxli2HiQdtfJQgCoIHw&oe=627BF81A&_nc_sid=1527a3', 'scans_profile': 'e35', 'estimated_scans_sizes': [3614, 7228, 10843, 14457, 18072, 22560, 291368, 32530, 32530]}, 'thumbnail': {'width': 480, 'height': 320, 'url': 'https://instagram.fotp3-1.fna.fbcdn.net/v/t51.2885-15/278738974_693979018421142_4072482491096727383_n.webp?stp=dst-jpg_e35_s480x480&_nc_ht=instagram.fotp3-1.fna.fbcdn.net&_nc_cat=1&_nc_ohc=7biO26FWYtsAX82caqb&edm=ACWDqb8BAAAA&ccb=7-4&ig_cache_key=MjgxOTQwNzg1NDQwNDg0NzIyNg%3D%3D.2-ccb7-4&oh=00_AT-ffExIZyg6Cyng2EEQNNb6xemHxli2HiQdtfJQgCoIHw&oe=627BF81A&_nc_sid=1527a3', 'scans_profile': 'e35', 'estimated_scans_sizes': [3614, 7228, 10843, 14457, 18072, 22560, 291368, 32530, 32530]}, 'standard_resolution': {'width': 1440, 'height': 960, 'url': 'https://instagram.fotp3-1.fna.fbcdn.net/v/t51.2885-15/278738974_693979018421142_4072482491096727383_n.webp?se=7&stp=dst-jpg_e35&_nc_ht=instagram.fotp3-1.fna.fbcdn.net&_nc_cat=1&_nc_ohc=7biO26FWYtsAX82caqb&edm=ACWDqb8BAAAA&ccb=7-4&ig_cache_key=MjgxOTQwNzg1NDQwNDg0NzIyNg%3D%3D.2-ccb7-4&oh=00_AT9rIh8bbS6FxWnTXxEMeWa2Ra0a7ttVmsEp5OIgQS04kg&oe=627BF81A&_nc_sid=1527a3', 'scans_profile': 'e35', 'estimated_scans_sizes': [14905, 29810, 44715, 59620, 74525, 89952, 108894, 121272, 134145]}}",In Vegas,,,
4,1649645184,2813750208019313696_50326975911,8,False,False,0,10988726,https://www.instagram.com/p/CcMcugDrDQg/,"{'low_resolution': {'width': 480, 'height': 320, 'url': 'https://instagram.fotp3-1.fna.fbcdn.net/v/t51.2885-15/278079891_994690594512397_9113622433825811097_n.webp?stp=dst-jpg_e35_s480x480&_nc_ht=instagram.fotp3-1.fna.fbcdn.net&_nc_cat=1&_nc_ohc=0b-O31tVavcAX_s_oX7&edm=ACWDqb8BAAAA&ccb=7-4&ig_cache_key=MjgxMzc1MDIwMzgxNjY0NTE3NQ%3D%3D.2-ccb7-4&oh=00_AT_4lv8qmHbzLymQsrx12t6Ri0ByWxXxx2nnuLQ-D7likw&oe=627BE513&_nc_sid=1527a3', 'scans_profile': 'e35', 'estimated_scans_sizes': [3203, 6406, 9609, 12812, 16015, 19992, 258199, 28827, 28827]}, 'thumbnail': {'width': 480, 'height': 320, 'url': 'https://instagram.fotp3-1.fna.fbcdn.net/v/t51.2885-15/278079891_994690594512397_9113622433825811097_n.webp?stp=dst-jpg_e35_s480x480&_nc_ht=instagram.fotp3-1.fna.fbcdn.net&_nc_cat=1&_nc_ohc=0b-O31tVavcAX_s_oX7&edm=ACWDqb8BAAAA&ccb=7-4&ig_cache_key=MjgxMzc1MDIwMzgxNjY0NTE3NQ%3D%3D.2-ccb7-4&oh=00_AT_4lv8qmHbzLymQsrx12t6Ri0ByWxXxx2nnuLQ-D7likw&oe=627BE513&_nc_sid=1527a3', 'scans_profile': 'e35', 'estimated_scans_sizes': [3203, 6406, 9609, 12812, 16015, 19992, 258199, 28827, 28827]}, 'standard_resolution': {'width': 1440, 'height': 960, 'url': 'https://instagram.fotp3-1.fna.fbcdn.net/v/t51.2885-15/278079891_994690594512397_9113622433825811097_n.webp?se=7&stp=dst-jpg_e35&_nc_ht=instagram.fotp3-1.fna.fbcdn.net&_nc_cat=1&_nc_ohc=0b-O31tVavcAX_s_oX7&edm=ACWDqb8BAAAA&ccb=7-4&ig_cache_key=MjgxMzc1MDIwMzgxNjY0NTE3NQ%3D%3D.2-ccb7-4&oh=00_AT-mbOxliCjnuwUmR13P5a6C0-P_hVpt_0pc84tBcBBsIg&oe=627BE513&_nc_sid=1527a3', 'scans_profile': 'e35', 'estimated_scans_sizes': [12350, 24700, 37050, 49400, 61750, 74532, 90227, 100483, 111150]}}",in Las Vegas,,,
5,1649458454,2812183796361698830_50326975911,1,False,False,0,8818973,https://www.instagram.com/p/CcG4kNhP54O/,"{'low_resolution': {'width': 480, 'height': 600, 'url': 'https://instagram.fotp3-1.fna.fbcdn.net/v/t51.2885-15/277694035_129499336328604_1077121999007269006_n.webp?stp=dst-jpg_e35_p480x480&_nc_ht=instagram.fotp3-1.fna.fbcdn.net&_nc_cat=1&_nc_ohc=-OdYKrRkLlEAX8MMsZv&edm=ACWDqb8BAAAA&ccb=7-4&ig_cache_key=MjgxMjE4Mzc5NjM2MTY5ODgzMA%3D%3D.2-ccb7-4&oh=00_AT_0rfWcrV57d6sGY6Cjnje-FQEs3qnm95jPf9gyGp4dJQ&oe=627C014A&_nc_sid=1527a3', 'scans_profile': 'e35', 'estimated_scans_sizes': [3666, 7333, 11000, 14667, 18334, 22887, 295595, 33002, 33002]}, 'thumbnail': {'width': 480, 'height': 600, 'url': 'https://instagram.fotp3-1.fna.fbcdn.net/v/t51.2885-15/277694035_129499336328604_1077121999007269006_n.webp?stp=dst-jpg_e35_p480x480&_nc_ht=instagram.fotp3-1.fna.fbcdn.net&_nc_cat=1&_nc_ohc=-OdYKrRkLlEAX8MMsZv&edm=ACWDqb8BAAAA&ccb=7-4&ig_cache_key=MjgxMjE4Mzc5NjM2MTY5ODgzMA%3D%3D.2-ccb7-4&oh=00_AT_0rfWcrV57d6sGY6Cjnje-FQEs3qnm95jPf9gyGp4dJQ&oe=627C014A&_nc_sid=1527a3', 'scans_profile': 'e35', 'estimated_scans_sizes': [3666, 7333, 11000, 14667, 18334, 22887, 295595, 33002, 33002]}, 'standard_resolution': {'width': 1440, 'height': 1800, 'url': 'https://instagram.fotp3-1.fna.fbcdn.net/v/t51.2885-15/277694035_129499336328604_1077121999007269006_n.webp?se=7&stp=dst-jpg_e35&_nc_ht=instagram.fotp3-1.fna.fbcdn.net&_nc_cat=1&_nc_ohc=-OdYKrRkLlEAX8MMsZv&edm=ACWDqb8BAAAA&ccb=7-4&ig_cache_key=MjgxMjE4Mzc5NjM2MTY5ODgzMA%3D%3D.2-ccb7-4&oh=00_AT-SI9CeFOliZT56Sku7XvxjVjHYoTu7mgYxOmF-tpdHjg&oe=627C014A&_nc_sid=1527a3', 'scans_profile': 'e35', 'estimated_scans_sizes': [10619, 21238, 31857, 42476, 53095, 64086, 77581, 86400, 95572]}}",üèà,1440.0,1800.0,
6,1649123197,2809371463409641082_50326975911,1,False,False,0,11624523,https://www.instagram.com/p/Cb85HYWpqZ6/,"{'low_resolution': {'width': 480, 'height': 360, 'url': 'https://instagram.fotp3-1.fna.fbcdn.net/v/t51.2885-15/277834605_715946482905138_5264506398079109875_n.webp?stp=dst-jpg_e35_s480x480&_nc_ht=instagram.fotp3-1.fna.fbcdn.net&_nc_cat=1&_nc_ohc=XiCIvBD10kcAX9L-081&edm=ACWDqb8BAAAA&ccb=7-4&ig_cache_key=MjgwOTM3MTQ2MzQwOTY0MTA4Mg%3D%3D.2-ccb7-4&oh=00_AT-CkciQAGHY8glRNt4CHi9E1Rtl7L00S7jUC60rytqcZw&oe=627C985E&_nc_sid=1527a3', 'scans_profile': 'e35', 'estimated_scans_sizes': [5783, 11566, 17350, 23133, 28917, 36097, 466205, 52051, 52051]}, 'thumbnail': {'width': 480, 'height': 360, 'url': 'https://instagram.fotp3-1.fna.fbcdn.net/v/t51.2885-15/277834605_715946482905138_5264506398079109875_n.webp?stp=dst-jpg_e35_s480x480&_nc_ht=instagram.fotp3-1.fna.fbcdn.net&_nc_cat=1&_nc_ohc=XiCIvBD10kcAX9L-081&edm=ACWDqb8BAAAA&ccb=7-4&ig_cache_key=MjgwOTM3MTQ2MzQwOTY0MTA4Mg%3D%3D.2-ccb7-4&oh=00_AT-CkciQAGHY8glRNt4CHi9E1Rtl7L00S7jUC60rytqcZw&oe=627C985E&_nc_sid=1527a3', 'scans_profile': 'e35', 'estimated_scans_sizes': [5783, 11566, 17350, 23133, 28917, 36097, 466205, 52051, 52051]}, 'standard_resolution': {'width': 1440, 'height': 1080, 'url': 'https://instagram.fotp3-1.fna.fbcdn.net/v/t51.2885-15/277834605_715946482905138_5264506398079109875_n.webp?se=7&stp=dst-jpg_e35&_nc_ht=instagram.fotp3-1.fna.fbcdn.net&_nc_cat=1&_nc_ohc=XiCIvBD10kcAX9L-081&edm=ACWDqb8BAAAA&ccb=7-4&ig_cache_key=MjgwOTM3MTQ2MzQwOTY0MTA4Mg%3D%3D.2-ccb7-4&oh=00_AT-iUkR7MUKf3Jsv950CwF9ppl6mWA76gKp-E6_vjbPpsA&oe=627C985E&_nc_sid=1527a3', 'scans_profile': 'e35', 'estimated_scans_sizes': [28943, 57886, 86829, 115772, 144715, 174671, 211453, 235489, 260487]}}",üòÑ,1440.0,1080.0,
7,1649116149,2809312333772719448_50326975911,8,False,False,0,11862592,https://www.instagram.com/p/Cb8rq7lpYVY/,"{'low_resolution': {'width': 480, 'height': 600, 'url': 'https://instagram.fotp3-1.fna.fbcdn.net/v/t51.2885-15/277967441_322472873202872_6693673290940262071_n.webp?stp=dst-jpg_e35_p480x480&_nc_ht=instagram.fotp3-1.fna.fbcdn.net&_nc_cat=1&_nc_ohc=cWLDCeUREYMAX_D9WaZ&edm=ACWDqb8BAAAA&ccb=7-4&ig_cache_key=MjgwOTMxMjMyODU1NDkyMzM1OA%3D%3D.2-ccb7-4&oh=00_AT9JjOC0emNC5M0KnCdAPHMSH-BhmciShrWjcEBGxWCPHQ&oe=627B8E28&_nc_sid=1527a3', 'scans_profile': 'e35', 'estimated_scans_sizes': [4289, 8579, 12868, 17158, 21447, 26773, 345782, 38606, 38606]}, 'thumbnail': {'width': 480, 'height': 600, 'url': 'https://instagram.fotp3-1.fna.fbcdn.net/v/t51.2885-15/277967441_322472873202872_6693673290940262071_n.webp?stp=dst-jpg_e35_p480x480&_nc_ht=instagram.fotp3-1.fna.fbcdn.net&_nc_cat=1&_nc_ohc=cWLDCeUREYMAX_D9WaZ&edm=ACWDqb8BAAAA&ccb=7-4&ig_cache_key=MjgwOTMxMjMyODU1NDkyMzM1OA%3D%3D.2-ccb7-4&oh=00_AT9JjOC0emNC5M0KnCdAPHMSH-BhmciShrWjcEBGxWCPHQ&oe=627B8E28&_nc_sid=1527a3', 'scans_profile': 'e35', 'estimated_scans_sizes': [4289, 8579, 12868, 17158, 21447, 26773, 345782, 38606, 38606]}, 'standard_resolution': {'width': 1440, 'height': 1800, 'url': 'https://instagram.fotp3-1.fna.fbcdn.net/v/t51.2885-15/277967441_322472873202872_6693673290940262071_n.webp?se=7&stp=dst-jpg_e35&_nc_ht=instagram.fotp3-1.fna.fbcdn.net&_nc_cat=1&_nc_ohc=cWLDCeUREYMAX_D9WaZ&edm=ACWDqb8BAAAA&ccb=7-4&ig_cache_key=MjgwOTMxMjMyODU1NDkyMzM1OA%3D%3D.2-ccb7-4&oh=00_AT9PmO0aMl8AOSIKkduP3JXMSmFGw5lsA3uB9qPHrrBmpw&oe=627B8E28&_nc_sid=1527a3', 'scans_profile': 'e35', 'estimated_scans_sizes': [13553, 27107, 40661, 54214, 67768, 81796, 99021, 110276, 121983]}}",30,,,
8,1648862831,2807187348824357033_50326975911,1,False,False,0,9996051,https://www.instagram.com/p/Cb1IgVIpXip/,"{'low_resolution': {'width': 480, 'height': 480, 'url': 'https://instagram.fotp3-1.fna.fbcdn.net/v/t51.2885-15/277776514_281279250849673_8389463003651177557_n.webp?stp=dst-jpg_e35_s480x480&_nc_ht=instagram.fotp3-1.fna.fbcdn.net&_nc_cat=1&_nc_ohc=FpiQcYMKMbcAX-WpAp_&edm=ACWDqb8BAAAA&ccb=7-4&ig_cache_key=MjgwNzE4NzM0ODgyNDM1NzAzMw%3D%3D.2-ccb7-4&oh=00_AT_XxTR9Wc5P-aHaOGqKEqz37aaCHmQGwniJzN9i3bYh-w&oe=627D2BB7&_nc_sid=1527a3', 'scans_profile': 'e35', 'estimated_scans_sizes': [4300, 8600, 12900, 17200, 21501, 26839, 346641, 38702, 38702]}, 'thumbnail': {'width': 480, 'height': 480, 'url': 'https://instagram.fotp3-1.fna.fbcdn.net/v/t51.2885-15/277776514_281279250849673_8389463003651177557_n.webp?stp=dst-jpg_e35_s480x480&_nc_ht=instagram.fotp3-1.fna.fbcdn.net&_nc_cat=1&_nc_ohc=FpiQcYMKMbcAX-WpAp_&edm=ACWDqb8BAAAA&ccb=7-4&ig_cache_key=MjgwNzE4NzM0ODgyNDM1NzAzMw%3D%3D.2-ccb7-4&oh=00_AT_XxTR9Wc5P-aHaOGqKEqz37aaCHmQGwniJzN9i3bYh-w&oe=627D2BB7&_nc_sid=1527a3', 'scans_profile': 'e35', 'estimated_scans_sizes': [4300, 8600, 12900, 17200, 21501, 26839, 346641, 38702, 38702]}, 'standard_resolution': {'width': 750, 'height': 750, 'url': 'https://instagram.fotp3-1.fna.fbcdn.net/v/t51.2885-15/277776514_281279250849673_8389463003651177557_n.webp?stp=dst-jpg_e35&_nc_ht=instagram.fotp3-1.fna.fbcdn.net&_nc_cat=1&_nc_ohc=FpiQcYMKMbcAX-WpAp_&edm=ACWDqb8BAAAA&ccb=7-4&ig_cache_key=MjgwNzE4NzM0ODgyNDM1NzAzMw%3D%3D.2-ccb7-4&oh=00_AT_4FJg1nAbL-pwGo0R3DmhuakdmKfZt9gOS00khwyKaFg&oe=627D2BB7&_nc_sid=1527a3', 'scans_profile': 'e35', 'estimated_scans_sizes': [7428, 14856, 22285, 29713, 37142, 44830, 54271, 60440, 66856]}}",ÎÇòÎäî ÌùëÎ∞±ÏúºÎ°ú Ïò¨Î¶¥Îûò,750.0,750.0,
9,1648706057,2805872239343833628_50326975911,8,False,False,0,11328800,https://www.instagram.com/p/Cbwde9_OBIc/,"{'low_resolution': {'width': 480, 'height': 600, 'url': 'https://instagram.fotp3-1.fna.fbcdn.net/v/t51.2885-15/277592308_524359492738127_190760271855529491_n.webp?stp=dst-jpg_e35_p480x480&_nc_ht=instagram.fotp3-1.fna.fbcdn.net&_nc_cat=1&_nc_ohc=pttMZoS3xPwAX9mAY5c&edm=ACWDqb8BAAAA&ccb=7-4&ig_cache_key=MjgwNTg3MjIzNTYzNjA5NjgwMQ%3D%3D.2-ccb7-4&oh=00_AT9Q6_riCIzxTiEeJcCKBvbMCvupIcdwxXEvGO1Rw_WNyw&oe=627C1773&_nc_sid=1527a3', 'scans_profile': 'e35', 'estimated_scans_sizes': [8582, 17165, 25748, 34331, 42913, 53569, 691860, 77245, 77245]}, 'thumbnail': {'width': 480, 'height': 600, 'url': 'https://instagram.fotp3-1.fna.fbcdn.net/v/t51.2885-15/277592308_524359492738127_190760271855529491_n.webp?stp=dst-jpg_e35_p480x480&_nc_ht=instagram.fotp3-1.fna.fbcdn.net&_nc_cat=1&_nc_ohc=pttMZoS3xPwAX9mAY5c&edm=ACWDqb8BAAAA&ccb=7-4&ig_cache_key=MjgwNTg3MjIzNTYzNjA5NjgwMQ%3D%3D.2-ccb7-4&oh=00_AT9Q6_riCIzxTiEeJcCKBvbMCvupIcdwxXEvGO1Rw_WNyw&oe=627C1773&_nc_sid=1527a3', 'scans_profile': 'e35', 'estimated_scans_sizes': [8582, 17165, 25748, 34331, 42913, 53569, 691860, 77245, 77245]}, 'standard_resolution': {'width': 1440, 'height': 1800, 'url': 'https://instagram.fotp3-1.fna.fbcdn.net/v/t51.2885-15/277592308_524359492738127_190760271855529491_n.webp?se=7&stp=dst-jpg_e35&_nc_ht=instagram.fotp3-1.fna.fbcdn.net&_nc_cat=1&_nc_ohc=pttMZoS3xPwAX9mAY5c&edm=ACWDqb8BAAAA&ccb=7-4&ig_cache_key=MjgwNTg3MjIzNTYzNjA5NjgwMQ%3D%3D.2-ccb7-4&oh=00_AT_kQspmVpeaQJYtyOGZdYNF8zajHCRopVq_2atyyI0HGQ&oe=627C1773&_nc_sid=1527a3', 'scans_profile': 'e35', 'estimated_scans_sizes': [39877, 79755, 119633, 159511, 199389, 240663, 291341, 324458, 358901]}}",(ÎåÄÏ∂© ÏàòÌä∏ Ïù¥Î™®Ìã∞ÏΩò),,,
10,1647836839,2798580703420683248_50326975911,8,False,False,0,11447173,https://www.instagram.com/p/CbWjlJ-pxPw/,"{'low_resolution': {'width': 480, 'height': 320, 'url': 'https://instagram.fotp3-1.fna.fbcdn.net/v/t51.2885-15/276041855_939208633453689_3097914752679794009_n.webp?stp=dst-jpg_e35_s480x480&_nc_ht=instagram.fotp3-1.fna.fbcdn.net&_nc_cat=1&_nc_ohc=mzTiBGLRBKIAX9kYVfC&edm=ACWDqb8BAAAA&ccb=7-4&ig_cache_key=Mjc5ODU4MDY5ODU4ODY5MDcxMg%3D%3D.2-ccb7-4&oh=00_AT8gmNNRxoSbXL10eCfcxtHZ_X-diZ35EwNNEmzqX2hLWA&oe=627C3364&_nc_sid=1527a3', 'scans_profile': 'e35', 'estimated_scans_sizes': [5616, 11233, 16850, 22466, 28083, 35056, 452760, 50550, 50550]}, 'thumbnail': {'width': 480, 'height': 320, 'url': 'https://instagram.fotp3-1.fna.fbcdn.net/v/t51.2885-15/276041855_939208633453689_3097914752679794009_n.webp?stp=dst-jpg_e35_s480x480&_nc_ht=instagram.fotp3-1.fna.fbcdn.net&_nc_cat=1&_nc_ohc=mzTiBGLRBKIAX9kYVfC&edm=ACWDqb8BAAAA&ccb=7-4&ig_cache_key=Mjc5ODU4MDY5ODU4ODY5MDcxMg%3D%3D.2-ccb7-4&oh=00_AT8gmNNRxoSbXL10eCfcxtHZ_X-diZ35EwNNEmzqX2hLWA&oe=627C3364&_nc_sid=1527a3', 'scans_profile': 'e35', 'estimated_scans_sizes': [5616, 11233, 16850, 22466, 28083, 35056, 452760, 50550, 50550]}, 'standard_resolution': {'width': 1440, 'height': 960, 'url': 'https://instagram.fotp3-1.fna.fbcdn.net/v/t51.2885-15/276041855_939208633453689_3097914752679794009_n.webp?se=7&stp=dst-jpg_e35&_nc_ht=instagram.fotp3-1.fna.fbcdn.net&_nc_cat=1&_nc_ohc=mzTiBGLRBKIAX9kYVfC&edm=ACWDqb8BAAAA&ccb=7-4&ig_cache_key=Mjc5ODU4MDY5ODU4ODY5MDcxMg%3D%3D.2-ccb7-4&oh=00_AT_LWuD4aKSbN7ELwLKIJtSgqlT36Gw790tJaYQVJ4XZOQ&oe=627C3364&_nc_sid=1527a3', 'scans_profile': 'e35', 'estimated_scans_sizes': [29592, 59185, 88778, 118370, 147963, 178591, 216199, 240774, 266334]}}",‚ò∫Ô∏è,,,
11,1647176403,2793040567475816508_50326975911,8,False,False,0,12783117,https://www.instagram.com/p/CbC35kTpsg8/,"{'low_resolution': {'width': 480, 'height': 601, 'url': 'https://instagram.fotp3-1.fna.fbcdn.net/v/t51.2885-15/275646515_2406248096183489_1809473607068240173_n.webp?stp=dst-jpg_e35_p480x480&_nc_ht=instagram.fotp3-1.fna.fbcdn.net&_nc_cat=1&_nc_ohc=Rsk_vuCp1kkAX_WWutR&edm=ACWDqb8BAAAA&ccb=7-4&ig_cache_key=Mjc5MzA0MDU2MjYzNTQxMzI5Ng%3D%3D.2-ccb7-4&oh=00_AT_dTeOqlb3LypbIW5ztBuo-Am0JYQJautPG06H1vTOXRw&oe=627C77FD&_nc_sid=1527a3', 'scans_profile': 'e35', 'estimated_scans_sizes': [3176, 6353, 9530, 12707, 15883, 19828, 256086, 28591, 28591]}, 'thumbnail': {'width': 480, 'height': 601, 'url': 'https://instagram.fotp3-1.fna.fbcdn.net/v/t51.2885-15/275646515_2406248096183489_1809473607068240173_n.webp?stp=dst-jpg_e35_p480x480&_nc_ht=instagram.fotp3-1.fna.fbcdn.net&_nc_cat=1&_nc_ohc=Rsk_vuCp1kkAX_WWutR&edm=ACWDqb8BAAAA&ccb=7-4&ig_cache_key=Mjc5MzA0MDU2MjYzNTQxMzI5Ng%3D%3D.2-ccb7-4&oh=00_AT_dTeOqlb3LypbIW5ztBuo-Am0JYQJautPG06H1vTOXRw&oe=627C77FD&_nc_sid=1527a3', 'scans_profile': 'e35', 'estimated_scans_sizes': [3176, 6353, 9530, 12707, 15883, 19828, 256086, 28591, 28591]}, 'standard_resolution': {'width': 1440, 'height': 1802, 'url': 'https://instagram.fotp3-1.fna.fbcdn.net/v/t51.2885-15/275646515_2406248096183489_1809473607068240173_n.webp?se=7&stp=dst-jpg_e35&_nc_ht=instagram.fotp3-1.fna.fbcdn.net&_nc_cat=1&_nc_ohc=Rsk_vuCp1kkAX_WWutR&edm=ACWDqb8BAAAA&ccb=7-4&ig_cache_key=Mjc5MzA0MDU2MjYzNTQxMzI5Ng%3D%3D.2-ccb7-4&oh=00_AT83TZwbxPmbRhL6Ipd5_N7X4pNbLA0SOLQVMsxASuAIgA&oe=627C77FD&_nc_sid=1527a3', 'scans_profile': 'e35', 'estimated_scans_sizes': [8483, 16967, 25451, 33934, 42418, 51198, 61980, 69025, 76353]}}",ÏàòÍ≥†ÌïòÏÖ®ÏäµÎãàÎã§ ‚ò∫Ô∏è,,,
12,1647093195,2792342571905725767_50326975911,8,False,False,0,11909184,https://www.instagram.com/p/CbAZMZRpDVH/,"{'low_resolution': {'width': 480, 'height': 480, 'url': 'https://instagram.fotp3-1.fna.fbcdn.net/v/t51.2885-15/275730093_1660710457616272_1796699651241978648_n.webp?stp=dst-jpg_e35_s480x480&_nc_ht=instagram.fotp3-1.fna.fbcdn.net&_nc_cat=1&_nc_ohc=POkHdfnW4DoAX_bFBWp&edm=ACWDqb8BAAAA&ccb=7-4&ig_cache_key=Mjc5MjM0MjU2NzAxNTE5OTExMQ%3D%3D.2-ccb7-4&oh=00_AT-Ar7R9s4XAriT_D6Sj7yfgrBLrjkXc9iMxK_2thVkPUQ&oe=627CFDD6&_nc_sid=1527a3', 'scans_profile': 'e35', 'estimated_scans_sizes': [1810, 3621, 5432, 7242, 9053, 11301, 145964, 16296, 16296]}, 'thumbnail': {'width': 480, 'height': 480, 'url': 'https://instagram.fotp3-1.fna.fbcdn.net/v/t51.2885-15/275730093_1660710457616272_1796699651241978648_n.webp?stp=dst-jpg_e35_s480x480&_nc_ht=instagram.fotp3-1.fna.fbcdn.net&_nc_cat=1&_nc_ohc=POkHdfnW4DoAX_bFBWp&edm=ACWDqb8BAAAA&ccb=7-4&ig_cache_key=Mjc5MjM0MjU2NzAxNTE5OTExMQ%3D%3D.2-ccb7-4&oh=00_AT-Ar7R9s4XAriT_D6Sj7yfgrBLrjkXc9iMxK_2thVkPUQ&oe=627CFDD6&_nc_sid=1527a3', 'scans_profile': 'e35', 'estimated_scans_sizes': [1810, 3621, 5432, 7242, 9053, 11301, 145964, 16296, 16296]}, 'standard_resolution': {'width': 1440, 'height': 1440, 'url': 'https://instagram.fotp3-1.fna.fbcdn.net/v/t51.2885-15/275730093_1660710457616272_1796699651241978648_n.webp?se=7&stp=dst-jpg_e35&_nc_ht=instagram.fotp3-1.fna.fbcdn.net&_nc_cat=1&_nc_ohc=POkHdfnW4DoAX_bFBWp&edm=ACWDqb8BAAAA&ccb=7-4&ig_cache_key=Mjc5MjM0MjU2NzAxNTE5OTExMQ%3D%3D.2-ccb7-4&oh=00_AT805UjUq5ZJhl2h5V-oyygq3it1OFEcCmQfHJnmiOseuQ&oe=627CFDD6&_nc_sid=1527a3', 'scans_profile': 'e35', 'estimated_scans_sizes': [4027, 8054, 12081, 16108, 20135, 24303, 29421, 32765, 36243]}}",Ïù∏Ïä§ÌÉÄÎäî Ï¢Ä ÏûëÏúÑÏ†ÅÏù∏ ÎßõÏù¥ÏßÄ,,,
13,1646920037,2790890010518500110_50326975911,1,False,False,0,10758157,https://www.instagram.com/p/Ca7O62EJDMO/,"{'low_resolution': {'width': 480, 'height': 480, 'url': 'https://instagram.fotp3-1.fna.fbcdn.net/v/t51.2885-15/275538877_1313320439149091_981813935949055122_n.webp?stp=dst-jpg_e35_s480x480&_nc_ht=instagram.fotp3-1.fna.fbcdn.net&_nc_cat=1&_nc_ohc=xAwKSNYx79cAX_OSH2E&edm=ACWDqb8BAAAA&ccb=7-4&ig_cache_key=Mjc5MDg5MDAxMDUxODUwMDExMA%3D%3D.2-ccb7-4&oh=00_AT_ArvIg81eCdrHmDjm2I4QlyExJLwISNYTWzWht4K0NZA&oe=627C8113&_nc_sid=1527a3', 'scans_profile': 'e35', 'estimated_scans_sizes': [2700, 5400, 8101, 10801, 13501, 16854, 217682, 24303, 24303]}, 'thumbnail': {'width': 480, 'height': 480, 'url': 'https://instagram.fotp3-1.fna.fbcdn.net/v/t51.2885-15/275538877_1313320439149091_981813935949055122_n.webp?stp=dst-jpg_e35_s480x480&_nc_ht=instagram.fotp3-1.fna.fbcdn.net&_nc_cat=1&_nc_ohc=xAwKSNYx79cAX_OSH2E&edm=ACWDqb8BAAAA&ccb=7-4&ig_cache_key=Mjc5MDg5MDAxMDUxODUwMDExMA%3D%3D.2-ccb7-4&oh=00_AT_ArvIg81eCdrHmDjm2I4QlyExJLwISNYTWzWht4K0NZA&oe=627C8113&_nc_sid=1527a3', 'scans_profile': 'e35', 'estimated_scans_sizes': [2700, 5400, 8101, 10801, 13501, 16854, 217682, 24303, 24303]}, 'standard_resolution': {'width': 1440, 'height': 1440, 'url': 'https://instagram.fotp3-1.fna.fbcdn.net/v/t51.2885-15/275538877_1313320439149091_981813935949055122_n.webp?se=7&stp=dst-jpg_e35&_nc_ht=instagram.fotp3-1.fna.fbcdn.net&_nc_cat=1&_nc_ohc=xAwKSNYx79cAX_OSH2E&edm=ACWDqb8BAAAA&ccb=7-4&ig_cache_key=Mjc5MDg5MDAxMDUxODUwMDExMA%3D%3D.2-ccb7-4&oh=00_AT8elxOBe0NKwQAfWTRBVTCBZlB7AzTh90mYHA8gbjw4gw&oe=627C8113&_nc_sid=1527a3', 'scans_profile': 'e35', 'estimated_scans_sizes': [7500, 15000, 22500, 30000, 37500, 45263, 54794, 61023, 67500]}}",ÏÜîÏßÅÌûà Ïö∞Î¶¨ ÏûòÌïòÏûêÎÇò~,1440.0,1440.0,
14,1646811561,2789980055385081387_50326975911,1,False,False,0,10433252,https://www.instagram.com/p/Ca4ABQTpwYr/,"{'low_resolution': {'width': 480, 'height': 480, 'url': 'https://instagram.fotp3-1.fna.fbcdn.net/v/t51.2885-15/275417796_3092123007710446_7063504485923542902_n.webp?stp=dst-jpg_e35_s480x480&_nc_ht=instagram.fotp3-1.fna.fbcdn.net&_nc_cat=110&_nc_ohc=rf_KQDENGm4AX9ZJVPi&edm=ACWDqb8BAAAA&ccb=7-4&ig_cache_key=Mjc4OTk4MDA1NTM4NTA4MTM4Nw%3D%3D.2-ccb7-4&oh=00_AT_TsbFqUT1W1pdHpwZz3wr66Qm__FQz23BtknTE9uHgLg&oe=627CD016&_nc_sid=1527a3', 'scans_profile': 'e35', 'estimated_scans_sizes': [3981, 7963, 11945, 15926, 19908, 24851, 320963, 35835, 35835]}, 'thumbnail': {'width': 480, 'height': 480, 'url': 'https://instagram.fotp3-1.fna.fbcdn.net/v/t51.2885-15/275417796_3092123007710446_7063504485923542902_n.webp?stp=dst-jpg_e35_s480x480&_nc_ht=instagram.fotp3-1.fna.fbcdn.net&_nc_cat=110&_nc_ohc=rf_KQDENGm4AX9ZJVPi&edm=ACWDqb8BAAAA&ccb=7-4&ig_cache_key=Mjc4OTk4MDA1NTM4NTA4MTM4Nw%3D%3D.2-ccb7-4&oh=00_AT_TsbFqUT1W1pdHpwZz3wr66Qm__FQz23BtknTE9uHgLg&oe=627CD016&_nc_sid=1527a3', 'scans_profile': 'e35', 'estimated_scans_sizes': [3981, 7963, 11945, 15926, 19908, 24851, 320963, 35835, 35835]}, 'standard_resolution': {'width': 1440, 'height': 1440, 'url': 'https://instagram.fotp3-1.fna.fbcdn.net/v/t51.2885-15/275417796_3092123007710446_7063504485923542902_n.webp?se=7&stp=dst-jpg_e35&_nc_ht=instagram.fotp3-1.fna.fbcdn.net&_nc_cat=110&_nc_ohc=rf_KQDENGm4AX9ZJVPi&edm=ACWDqb8BAAAA&ccb=7-4&ig_cache_key=Mjc4OTk4MDA1NTM4NTA4MTM4Nw%3D%3D.2-ccb7-4&oh=00_AT91mtKsCLO2pVNsInaqyZnXH-oOOU0q8FDoR0-5mr6hiQ&oe=627CD016&_nc_sid=1527a3', 'scans_profile': 'e35', 'estimated_scans_sizes': [13723, 27446, 41169, 54892, 68615, 82818, 100258, 111654, 123507]}}",Í≥†ÎßàÏõåÏö©~,1440.0,1440.0,
15,1646423617,2786725740400771313_50326975911,8,False,False,0,11631533,https://www.instagram.com/p/CascEvTBoDx/,"{'low_resolution': {'width': 480, 'height': 600, 'url': 'https://instagram.fotp3-1.fna.fbcdn.net/v/t51.2885-15/275071715_933763080667094_537819954166744530_n.webp?stp=dst-jpg_e35_p480x480&_nc_ht=instagram.fotp3-1.fna.fbcdn.net&_nc_cat=1&_nc_ohc=fvAs0QbWMVEAX_WcAZX&edm=ACWDqb8BAAAA&ccb=7-4&ig_cache_key=Mjc4NjcyNTczNjA4OTA5NDU5Mw%3D%3D.2-ccb7-4&oh=00_AT9v0jUu7i4jUzbR3v6kbYWsSDuLGJZbY91yOMiIeNBbIA&oe=627C7F42&_nc_sid=1527a3', 'scans_profile': 'e35', 'estimated_scans_sizes': [3750, 7501, 11251, 15002, 18752, 23409, 302336, 33755, 33755]}, 'thumbnail': {'width': 480, 'height': 600, 'url': 'https://instagram.fotp3-1.fna.fbcdn.net/v/t51.2885-15/275071715_933763080667094_537819954166744530_n.webp?stp=dst-jpg_e35_p480x480&_nc_ht=instagram.fotp3-1.fna.fbcdn.net&_nc_cat=1&_nc_ohc=fvAs0QbWMVEAX_WcAZX&edm=ACWDqb8BAAAA&ccb=7-4&ig_cache_key=Mjc4NjcyNTczNjA4OTA5NDU5Mw%3D%3D.2-ccb7-4&oh=00_AT9v0jUu7i4jUzbR3v6kbYWsSDuLGJZbY91yOMiIeNBbIA&oe=627C7F42&_nc_sid=1527a3', 'scans_profile': 'e35', 'estimated_scans_sizes': [3750, 7501, 11251, 15002, 18752, 23409, 302336, 33755, 33755]}, 'standard_resolution': {'width': 1080, 'height': 1350, 'url': 'https://instagram.fotp3-1.fna.fbcdn.net/v/t51.2885-15/275071715_933763080667094_537819954166744530_n.webp?se=7&stp=dst-jpg_e35&_nc_ht=instagram.fotp3-1.fna.fbcdn.net&_nc_cat=1&_nc_ohc=fvAs0QbWMVEAX_WcAZX&edm=ACWDqb8BAAAA&ccb=7-4&ig_cache_key=Mjc4NjcyNTczNjA4OTA5NDU5Mw%3D%3D.2-ccb7-4&oh=00_AT9-ng4uChJlOZcqY08VefIincBIJEitkAF5mosXVV63eQ&oe=627C7F42&_nc_sid=1527a3', 'scans_profile': 'e35', 'estimated_scans_sizes': [7958, 15917, 23875, 31834, 39792, 48030, 58144, 64753, 71627]}}",ÌôÄÎ¶¨,,,
16,1646148942,2784421602636759035_50326975911,1,False,False,0,10557738,https://www.instagram.com/p/CakQLHyFn_7/,"{'low_resolution': {'width': 480, 'height': 480, 'url': 'https://instagram.fotp3-1.fna.fbcdn.net/v/t51.2885-15/274971640_1299220893930649_20930588548640533_n.webp?stp=dst-jpg_e35_s480x480&_nc_ht=instagram.fotp3-1.fna.fbcdn.net&_nc_cat=1&_nc_ohc=bDZ2GNtn4CQAX83SP9h&edm=ACWDqb8BAAAA&ccb=7-4&ig_cache_key=Mjc4NDQyMTYwMjYzNjc1OTAzNQ%3D%3D.2-ccb7-4&oh=00_AT8Drz0bzPRL1RKQLBsGR4XQEbpqPS4cDWO1ZxkFntM64g&oe=627BC173&_nc_sid=1527a3', 'scans_profile': 'e35', 'estimated_scans_sizes': [2833, 5666, 8499, 11332, 14166, 17683, 228387, 25499, 25499]}, 'thumbnail': {'width': 480, 'height': 480, 'url': 'https://instagram.fotp3-1.fna.fbcdn.net/v/t51.2885-15/274971640_1299220893930649_20930588548640533_n.webp?stp=dst-jpg_e35_s480x480&_nc_ht=instagram.fotp3-1.fna.fbcdn.net&_nc_cat=1&_nc_ohc=bDZ2GNtn4CQAX83SP9h&edm=ACWDqb8BAAAA&ccb=7-4&ig_cache_key=Mjc4NDQyMTYwMjYzNjc1OTAzNQ%3D%3D.2-ccb7-4&oh=00_AT8Drz0bzPRL1RKQLBsGR4XQEbpqPS4cDWO1ZxkFntM64g&oe=627BC173&_nc_sid=1527a3', 'scans_profile': 'e35', 'estimated_scans_sizes': [2833, 5666, 8499, 11332, 14166, 17683, 228387, 25499, 25499]}, 'standard_resolution': {'width': 1080, 'height': 1080, 'url': 'https://instagram.fotp3-1.fna.fbcdn.net/v/t51.2885-15/274971640_1299220893930649_20930588548640533_n.webp?se=7&stp=dst-jpg_e35&_nc_ht=instagram.fotp3-1.fna.fbcdn.net&_nc_cat=1&_nc_ohc=bDZ2GNtn4CQAX83SP9h&edm=ACWDqb8BAAAA&ccb=7-4&ig_cache_key=Mjc4NDQyMTYwMjYzNjc1OTAzNQ%3D%3D.2-ccb7-4&oh=00_AT8ZfgKFCi8B2Sx07d-sSGUUB1Ak-ldYQ8JX59qo0ue0Pg&oe=627BC173&_nc_sid=1527a3', 'scans_profile': 'e35', 'estimated_scans_sizes': [5848, 11696, 17544, 23392, 29240, 35293, 42725, 47582, 52633]}}",üåÖ,1080.0,1080.0,
17,1645689320,2780566015453858527_50326975911,1,False,False,0,11795191,https://www.instagram.com/p/CaWjg8Zporf/,"{'low_resolution': {'width': 480, 'height': 600, 'url': 'https://instagram.fotp3-3.fna.fbcdn.net/v/t51.2885-15/274553507_476547887352608_5432878597008584393_n.webp?stp=dst-jpg_e35_p480x480&_nc_ht=instagram.fotp3-3.fna.fbcdn.net&_nc_cat=108&_nc_ohc=18vmU4ibhswAX9u7Ilr&edm=ACWDqb8BAAAA&ccb=7-4&ig_cache_key=Mjc4MDU2NjAxNTQ1Mzg1ODUyNw%3D%3D.2-ccb7-4&oh=00_AT9mi_aWTBgjEm_6dT8gleurMnOTwZU4GFXdNZXhABhp6A&oe=627D2E77&_nc_sid=1527a3', 'scans_profile': 'e35', 'estimated_scans_sizes': [6620, 13240, 19860, 26480, 33101, 41320, 533661, 59582, 59582]}, 'thumbnail': {'width': 480, 'height': 600, 'url': 'https://instagram.fotp3-3.fna.fbcdn.net/v/t51.2885-15/274553507_476547887352608_5432878597008584393_n.webp?stp=dst-jpg_e35_p480x480&_nc_ht=instagram.fotp3-3.fna.fbcdn.net&_nc_cat=108&_nc_ohc=18vmU4ibhswAX9u7Ilr&edm=ACWDqb8BAAAA&ccb=7-4&ig_cache_key=Mjc4MDU2NjAxNTQ1Mzg1ODUyNw%3D%3D.2-ccb7-4&oh=00_AT9mi_aWTBgjEm_6dT8gleurMnOTwZU4GFXdNZXhABhp6A&oe=627D2E77&_nc_sid=1527a3', 'scans_profile': 'e35', 'estimated_scans_sizes': [6620, 13240, 19860, 26480, 33101, 41320, 533661, 59582, 59582]}, 'standard_resolution': {'width': 1440, 'height': 1800, 'url': 'https://instagram.fotp3-3.fna.fbcdn.net/v/t51.2885-15/274553507_476547887352608_5432878597008584393_n.webp?se=7&stp=dst-jpg_e35&_nc_ht=instagram.fotp3-3.fna.fbcdn.net&_nc_cat=108&_nc_ohc=18vmU4ibhswAX9u7Ilr&edm=ACWDqb8BAAAA&ccb=7-4&ig_cache_key=Mjc4MDU2NjAxNTQ1Mzg1ODUyNw%3D%3D.2-ccb7-4&oh=00_AT9-_wLspwUNESEufqtjNaYLycU6A0g1uAE1Gr-1v8wfeA&oe=627D2E77&_nc_sid=1527a3', 'scans_profile': 'e35', 'estimated_scans_sizes': [26625, 53250, 79875, 106500, 133126, 160683, 194520, 216631, 239627]}}",‚ò∫,1440.0,1800.0,
18,1644556895,2771066541895359956_50326975911,1,False,False,0,8668813,https://www.instagram.com/p/CZ0zlaOpJ3U/,"{'low_resolution': {'width': 480, 'height': 480, 'url': 'https://instagram.fotp3-1.fna.fbcdn.net/v/t51.2885-15/273801601_700892631274510_2017358980943877564_n.webp?stp=dst-jpg_e35_s480x480&_nc_ht=instagram.fotp3-1.fna.fbcdn.net&_nc_cat=1&_nc_ohc=2lkCwnRNB1YAX8Tvwpa&edm=ACWDqb8BAAAA&ccb=7-4&ig_cache_key=Mjc3MTA2NjU0MTg5NTM1OTk1Ng%3D%3D.2-ccb7-4&oh=00_AT_wUKksbHpXmEEOUY1cl_4kssfje4VU9zTgKxY8jZb3Cg&oe=627D303C&_nc_sid=1527a3', 'scans_profile': 'e35', 'estimated_scans_sizes': [3607, 7215, 10823, 14431, 18038, 22518, 290826, 32470, 32470]}, 'thumbnail': {'width': 480, 'height': 480, 'url': 'https://instagram.fotp3-1.fna.fbcdn.net/v/t51.2885-15/273801601_700892631274510_2017358980943877564_n.webp?stp=dst-jpg_e35_s480x480&_nc_ht=instagram.fotp3-1.fna.fbcdn.net&_nc_cat=1&_nc_ohc=2lkCwnRNB1YAX8Tvwpa&edm=ACWDqb8BAAAA&ccb=7-4&ig_cache_key=Mjc3MTA2NjU0MTg5NTM1OTk1Ng%3D%3D.2-ccb7-4&oh=00_AT_wUKksbHpXmEEOUY1cl_4kssfje4VU9zTgKxY8jZb3Cg&oe=627D303C&_nc_sid=1527a3', 'scans_profile': 'e35', 'estimated_scans_sizes': [3607, 7215, 10823, 14431, 18038, 22518, 290826, 32470, 32470]}, 'standard_resolution': {'width': 1080, 'height': 1080, 'url': 'https://instagram.fotp3-1.fna.fbcdn.net/v/t51.2885-15/273801601_700892631274510_2017358980943877564_n.webp?se=7&stp=dst-jpg_e35&_nc_ht=instagram.fotp3-1.fna.fbcdn.net&_nc_cat=1&_nc_ohc=2lkCwnRNB1YAX8Tvwpa&edm=ACWDqb8BAAAA&ccb=7-4&ig_cache_key=Mjc3MTA2NjU0MTg5NTM1OTk1Ng%3D%3D.2-ccb7-4&oh=00_AT-0ntHsJdy8tHv_sH_FIY7fiRtjVZnsC42PNLnAf3LZuQ&oe=627D303C&_nc_sid=1527a3', 'scans_profile': 'e35', 'estimated_scans_sizes': [8517, 17035, 25553, 34071, 42589, 51405, 62230, 69304, 76661]}}",üëç,1080.0,1080.0,
19,1644485097,2770464258027651678_50326975911,1,False,False,0,11556364,https://www.instagram.com/p/CZyqpBqp4Je/,"{'low_resolution': {'width': 480, 'height': 600, 'url': 'https://instagram.fotp3-1.fna.fbcdn.net/v/t51.2885-15/273569615_1616931848664466_9011400826806360845_n.webp?stp=dst-jpg_e35_p480x480&_nc_ht=instagram.fotp3-1.fna.fbcdn.net&_nc_cat=1&_nc_ohc=aEPw5yrW2KoAX9QINwX&edm=ACWDqb8BAAAA&ccb=7-4&ig_cache_key=Mjc3MDQ2NDI1ODAyNzY1MTY3OA%3D%3D.2-ccb7-4&oh=00_AT9yAyDhjXJC6lcEAPzvcLf1uZPG1dBmrgqSofDtA4_TlA&oe=627CDE17&_nc_sid=1527a3', 'scans_profile': 'e35', 'estimated_scans_sizes': [5354, 10708, 16062, 21416, 26771, 33418, 431606, 48188, 48188]}, 'thumbnail': {'width': 480, 'height': 600, 'url': 'https://instagram.fotp3-1.fna.fbcdn.net/v/t51.2885-15/273569615_1616931848664466_9011400826806360845_n.webp?stp=dst-jpg_e35_p480x480&_nc_ht=instagram.fotp3-1.fna.fbcdn.net&_nc_cat=1&_nc_ohc=aEPw5yrW2KoAX9QINwX&edm=ACWDqb8BAAAA&ccb=7-4&ig_cache_key=Mjc3MDQ2NDI1ODAyNzY1MTY3OA%3D%3D.2-ccb7-4&oh=00_AT9yAyDhjXJC6lcEAPzvcLf1uZPG1dBmrgqSofDtA4_TlA&oe=627CDE17&_nc_sid=1527a3', 'scans_profile': 'e35', 'estimated_scans_sizes': [5354, 10708, 16062, 21416, 26771, 33418, 431606, 48188, 48188]}, 'standard_resolution': {'width': 1440, 'height': 1800, 'url': 'https://instagram.fotp3-1.fna.fbcdn.net/v/t51.2885-15/273569615_1616931848664466_9011400826806360845_n.webp?se=7&stp=dst-jpg_e35&_nc_ht=instagram.fotp3-1.fna.fbcdn.net&_nc_cat=1&_nc_ohc=aEPw5yrW2KoAX9QINwX&edm=ACWDqb8BAAAA&ccb=7-4&ig_cache_key=Mjc3MDQ2NDI1ODAyNzY1MTY3OA%3D%3D.2-ccb7-4&oh=00_AT-_vyKMFALdtcU6UWQrzJZqzhXfYsqvK3UAJEURrmIEuA&oe=627CDE17&_nc_sid=1527a3', 'scans_profile': 'e35', 'estimated_scans_sizes': [19136, 38273, 57410, 76547, 95683, 115490, 139810, 155703, 172231]}}",ÏñºÎπ°,1440.0,1800.0,
20,1644407138,2769810286099007192_50326975911,1,False,False,0,9608716,https://www.instagram.com/p/CZwV8e2J4bY/,"{'low_resolution': {'width': 480, 'height': 480, 'url': 'https://instagram.fotp3-1.fna.fbcdn.net/v/t51.2885-15/273475482_264686905743272_29878973181100352_n.webp?stp=dst-jpg_e35_s480x480&_nc_ht=instagram.fotp3-1.fna.fbcdn.net&_nc_cat=1&_nc_ohc=IWkvYfv7MOUAX-_H8qe&edm=ACWDqb8BAAAA&ccb=7-4&ig_cache_key=Mjc2OTgxMDI4NjA5OTAwNzE5Mg%3D%3D.2-ccb7-4&oh=00_AT8dgXX-W1n3o04HvzUv2u0maUtYey4GlKxX_XdwB5CnmA&oe=627C2261&_nc_sid=1527a3', 'scans_profile': 'e35', 'estimated_scans_sizes': [5445, 10891, 16337, 21782, 27228, 33989, 438982, 49011, 49011]}, 'thumbnail': {'width': 480, 'height': 480, 'url': 'https://instagram.fotp3-1.fna.fbcdn.net/v/t51.2885-15/273475482_264686905743272_29878973181100352_n.webp?stp=dst-jpg_e35_s480x480&_nc_ht=instagram.fotp3-1.fna.fbcdn.net&_nc_cat=1&_nc_ohc=IWkvYfv7MOUAX-_H8qe&edm=ACWDqb8BAAAA&ccb=7-4&ig_cache_key=Mjc2OTgxMDI4NjA5OTAwNzE5Mg%3D%3D.2-ccb7-4&oh=00_AT8dgXX-W1n3o04HvzUv2u0maUtYey4GlKxX_XdwB5CnmA&oe=627C2261&_nc_sid=1527a3', 'scans_profile': 'e35', 'estimated_scans_sizes': [5445, 10891, 16337, 21782, 27228, 33989, 438982, 49011, 49011]}, 'standard_resolution': {'width': 1440, 'height': 1440, 'url': 'https://instagram.fotp3-1.fna.fbcdn.net/v/t51.2885-15/273475482_264686905743272_29878973181100352_n.webp?se=7&stp=dst-jpg_e35&_nc_ht=instagram.fotp3-1.fna.fbcdn.net&_nc_cat=1&_nc_ohc=IWkvYfv7MOUAX-_H8qe&edm=ACWDqb8BAAAA&ccb=7-4&ig_cache_key=Mjc2OTgxMDI4NjA5OTAwNzE5Mg%3D%3D.2-ccb7-4&oh=00_AT-VgCul_WcIhLzxls8yLySFjWRqxi-lA68uKdE2N45Bwg&oe=627C2261&_nc_sid=1527a3', 'scans_profile': 'e35', 'estimated_scans_sizes': [22338, 44676, 67014, 89352, 111690, 134810, 163198, 181749, 201042]}}",ÏΩòÏÑúÌä∏ ÌïòÍ≥† Ïã∂ÏäµÎãàÎã§....,1440.0,1440.0,
21,1644386959,2769641015112808584_50326975911,1,False,False,0,11333400,https://www.instagram.com/p/CZvvdQ9JriI/,"{'low_resolution': {'width': 480, 'height': 480, 'url': 'https://instagram.fotp3-1.fna.fbcdn.net/v/t51.2885-15/273615870_650475422740112_4142846091722098511_n.webp?stp=dst-jpg_e35_s480x480&_nc_ht=instagram.fotp3-1.fna.fbcdn.net&_nc_cat=1&_nc_ohc=iGqSd2YdHRQAX-RVKSr&edm=ACWDqb8BAAAA&ccb=7-4&ig_cache_key=Mjc2OTY0MTAxNTExMjgwODU4NA%3D%3D.2-ccb7-4&oh=00_AT9nUlnIlkiB2yvfnFGVYvoaaJnIpqQ4xTPAgytU2Zc8EA&oe=627BE8C8&_nc_sid=1527a3', 'scans_profile': 'e35', 'estimated_scans_sizes': [2662, 5325, 7988, 10651, 13314, 16620, 214659, 23966, 23966]}, 'thumbnail': {'width': 480, 'height': 480, 'url': 'https://instagram.fotp3-1.fna.fbcdn.net/v/t51.2885-15/273615870_650475422740112_4142846091722098511_n.webp?stp=dst-jpg_e35_s480x480&_nc_ht=instagram.fotp3-1.fna.fbcdn.net&_nc_cat=1&_nc_ohc=iGqSd2YdHRQAX-RVKSr&edm=ACWDqb8BAAAA&ccb=7-4&ig_cache_key=Mjc2OTY0MTAxNTExMjgwODU4NA%3D%3D.2-ccb7-4&oh=00_AT9nUlnIlkiB2yvfnFGVYvoaaJnIpqQ4xTPAgytU2Zc8EA&oe=627BE8C8&_nc_sid=1527a3', 'scans_profile': 'e35', 'estimated_scans_sizes': [2662, 5325, 7988, 10651, 13314, 16620, 214659, 23966, 23966]}, 'standard_resolution': {'width': 788, 'height': 788, 'url': 'https://instagram.fotp3-1.fna.fbcdn.net/v/t51.2885-15/273615870_650475422740112_4142846091722098511_n.webp?stp=dst-jpg_e35&_nc_ht=instagram.fotp3-1.fna.fbcdn.net&_nc_cat=1&_nc_ohc=iGqSd2YdHRQAX-RVKSr&edm=ACWDqb8BAAAA&ccb=7-4&ig_cache_key=Mjc2OTY0MTAxNTExMjgwODU4NA%3D%3D.2-ccb7-4&oh=00_AT93Id4Nqt4mhn37CmnodW8L_F-hpJjfuYV8NA6601pARA&oe=627BE8C8&_nc_sid=1527a3', 'scans_profile': 'e35', 'estimated_scans_sizes': [3725, 7451, 11176, 14902, 18627, 22483, 27218, 30312, 33530]}}",[Î¶¨ÎπôÌè¨Ïù∏Ìä∏] Í±¥Î∞òÏùÑ Ïπ† Îïê Î®º Í≥≥ÏùÑ Î¥êÏïº ÏûàÏñ¥Î≥¥Ïù∏Îã§.,788.0,788.0,
22,1644310582,2769000316512204177_50326975911,1,False,False,0,10773881,https://www.instagram.com/p/CZtdx34p3WR/,"{'low_resolution': {'width': 480, 'height': 480, 'url': 'https://instagram.fotp3-3.fna.fbcdn.net/v/t51.2885-15/273580366_978749099741245_4402560328631028703_n.webp?stp=dst-jpg_e35_s480x480&_nc_ht=instagram.fotp3-3.fna.fbcdn.net&_nc_cat=101&_nc_ohc=WKVHU8lfCSQAX--NCb8&edm=ACWDqb8BAAAA&ccb=7-4&ig_cache_key=Mjc2OTAwMDMxNjUxMjIwNDE3Nw%3D%3D.2-ccb7-4&oh=00_AT-Qn0ajsFjePPf5ADNdgxwN7L2194yIhogFGSD41q1qfA&oe=627CC3B8&_nc_sid=1527a3', 'scans_profile': 'e35', 'estimated_scans_sizes': [3119, 6239, 9359, 12479, 15599, 19473, 251501, 28079, 28079]}, 'thumbnail': {'width': 480, 'height': 480, 'url': 'https://instagram.fotp3-3.fna.fbcdn.net/v/t51.2885-15/273580366_978749099741245_4402560328631028703_n.webp?stp=dst-jpg_e35_s480x480&_nc_ht=instagram.fotp3-3.fna.fbcdn.net&_nc_cat=101&_nc_ohc=WKVHU8lfCSQAX--NCb8&edm=ACWDqb8BAAAA&ccb=7-4&ig_cache_key=Mjc2OTAwMDMxNjUxMjIwNDE3Nw%3D%3D.2-ccb7-4&oh=00_AT-Qn0ajsFjePPf5ADNdgxwN7L2194yIhogFGSD41q1qfA&oe=627CC3B8&_nc_sid=1527a3', 'scans_profile': 'e35', 'estimated_scans_sizes': [3119, 6239, 9359, 12479, 15599, 19473, 251501, 28079, 28079]}, 'standard_resolution': {'width': 1001, 'height': 1001, 'url': 'https://instagram.fotp3-3.fna.fbcdn.net/v/t51.2885-15/273580366_978749099741245_4402560328631028703_n.webp?se=7&stp=dst-jpg_e35&_nc_ht=instagram.fotp3-3.fna.fbcdn.net&_nc_cat=101&_nc_ohc=WKVHU8lfCSQAX--NCb8&edm=ACWDqb8BAAAA&ccb=7-4&ig_cache_key=Mjc2OTAwMDMxNjUxMjIwNDE3Nw%3D%3D.2-ccb7-4&oh=00_AT9bUmCLyf5SYUlyIkfXakrxYZJ0LAV6Pn39lvHkP5T0rg&oe=627CC3B8&_nc_sid=1527a3', 'scans_profile': 'e35', 'estimated_scans_sizes': [6238, 12476, 18714, 24952, 31191, 37648, 45576, 50756, 56144]}}",D,1001.0,1001.0,
23,1643965450,2766105145394959601_50326975911,1,False,False,0,10891388,https://www.instagram.com/p/CZjLflqpZTx/,"{'low_resolution': {'width': 480, 'height': 480, 'url': 'https://instagram.fotp3-1.fna.fbcdn.net/v/t51.2885-15/258777235_109425214988783_4411774028966809242_n.webp?stp=dst-jpg_e35_s480x480&_nc_ht=instagram.fotp3-1.fna.fbcdn.net&_nc_cat=111&_nc_ohc=ec8zCx0j7MIAX8dtkgj&edm=ACWDqb8BAAAA&ccb=7-4&ig_cache_key=Mjc2NjEwNTE0NTM5NDk1OTYwMQ%3D%3D.2-ccb7-4&oh=00_AT8Ckgf4GojiQEFvBwDN7wuqGs4vSdgUDrk1FgFT0d7IBw&oe=627BB4A0&_nc_sid=1527a3', 'scans_profile': 'e35', 'estimated_scans_sizes': [3834, 7668, 11503, 15337, 19171, 23932, 309092, 34509, 34509]}, 'thumbnail': {'width': 480, 'height': 480, 'url': 'https://instagram.fotp3-1.fna.fbcdn.net/v/t51.2885-15/258777235_109425214988783_4411774028966809242_n.webp?stp=dst-jpg_e35_s480x480&_nc_ht=instagram.fotp3-1.fna.fbcdn.net&_nc_cat=111&_nc_ohc=ec8zCx0j7MIAX8dtkgj&edm=ACWDqb8BAAAA&ccb=7-4&ig_cache_key=Mjc2NjEwNTE0NTM5NDk1OTYwMQ%3D%3D.2-ccb7-4&oh=00_AT8Ckgf4GojiQEFvBwDN7wuqGs4vSdgUDrk1FgFT0d7IBw&oe=627BB4A0&_nc_sid=1527a3', 'scans_profile': 'e35', 'estimated_scans_sizes': [3834, 7668, 11503, 15337, 19171, 23932, 309092, 34509, 34509]}, 'standard_resolution': {'width': 1001, 'height': 1001, 'url': 'https://instagram.fotp3-1.fna.fbcdn.net/v/t51.2885-15/258777235_109425214988783_4411774028966809242_n.webp?se=7&stp=dst-jpg_e35&_nc_ht=instagram.fotp3-1.fna.fbcdn.net&_nc_cat=111&_nc_ohc=ec8zCx0j7MIAX8dtkgj&edm=ACWDqb8BAAAA&ccb=7-4&ig_cache_key=Mjc2NjEwNTE0NTM5NDk1OTYwMQ%3D%3D.2-ccb7-4&oh=00_AT9NbpLiXi-nKLuUlJYaI0fySJRt5SI-fandwNl_g3iecA&oe=627BB4A0&_nc_sid=1527a3', 'scans_profile': 'e35', 'estimated_scans_sizes': [8598, 17196, 25794, 34392, 42990, 51889, 62816, 69956, 77382]}}",D,1001.0,1001.0,
24,1643702161,2763896513408367443_50326975911,1,False,False,0,10106399,https://www.instagram.com/p/CZbVTw1pXtT/,"{'low_resolution': {'width': 480, 'height': 480, 'url': 'https://instagram.fotp3-1.fna.fbcdn.net/v/t51.2885-15/272973515_890231025002836_1425980586811320223_n.webp?stp=dst-jpg_e35_s480x480&_nc_ht=instagram.fotp3-1.fna.fbcdn.net&_nc_cat=104&_nc_ohc=0ppNuuOqE-4AX9OUizu&edm=ACWDqb8BAAAA&ccb=7-4&ig_cache_key=Mjc2Mzg5NjUxMzQwODM2NzQ0Mw%3D%3D.2-ccb7-4&oh=00_AT-5b0632nb1DCfu_XGZg2PbCtYqEYkjnM_ZgjbTjEox1Q&oe=627CE640&_nc_sid=1527a3', 'scans_profile': 'e35', 'estimated_scans_sizes': [3630, 7260, 10891, 14521, 18152, 22660, 292658, 32674, 32674]}, 'thumbnail': {'width': 480, 'height': 480, 'url': 'https://instagram.fotp3-1.fna.fbcdn.net/v/t51.2885-15/272973515_890231025002836_1425980586811320223_n.webp?stp=dst-jpg_e35_s480x480&_nc_ht=instagram.fotp3-1.fna.fbcdn.net&_nc_cat=104&_nc_ohc=0ppNuuOqE-4AX9OUizu&edm=ACWDqb8BAAAA&ccb=7-4&ig_cache_key=Mjc2Mzg5NjUxMzQwODM2NzQ0Mw%3D%3D.2-ccb7-4&oh=00_AT-5b0632nb1DCfu_XGZg2PbCtYqEYkjnM_ZgjbTjEox1Q&oe=627CE640&_nc_sid=1527a3', 'scans_profile': 'e35', 'estimated_scans_sizes': [3630, 7260, 10891, 14521, 18152, 22660, 292658, 32674, 32674]}, 'standard_resolution': {'width': 1440, 'height': 1440, 'url': 'https://instagram.fotp3-1.fna.fbcdn.net/v/t51.2885-15/272973515_890231025002836_1425980586811320223_n.webp?se=7&stp=dst-jpg_e35&_nc_ht=instagram.fotp3-1.fna.fbcdn.net&_nc_cat=104&_nc_ohc=0ppNuuOqE-4AX9OUizu&edm=ACWDqb8BAAAA&ccb=7-4&ig_cache_key=Mjc2Mzg5NjUxMzQwODM2NzQ0Mw%3D%3D.2-ccb7-4&oh=00_AT9Tn4EtfNfFC7xavNhKsUawGE1_wOBDe9oUgXvSFI8hxA&oe=627CE640&_nc_sid=1527a3', 'scans_profile': 'e35', 'estimated_scans_sizes': [11886, 23773, 35660, 47547, 59433, 71737, 86843, 96714, 106981]}}",ÏÉàÌï¥ Î≥µ ÎßéÏù¥ Î∞õÏúºÏÑ∏Ïöî.,1440.0,1440.0,
25,1643456275,2761833869373525141_50326975911,1,False,False,1,11841950,https://www.instagram.com/p/CZUAUV4psyV/,"{'low_resolution': {'width': 480, 'height': 480, 'url': 'https://instagram.fotp3-3.fna.fbcdn.net/v/t51.2885-15/272869160_1431201490608602_3641892210396561139_n.webp?stp=dst-jpg_e35_s480x480&_nc_ht=instagram.fotp3-3.fna.fbcdn.net&_nc_cat=102&_nc_ohc=t7YNoOcJ1VkAX_yyg-i&edm=ACWDqb8BAAAA&ccb=7-4&ig_cache_key=Mjc2MTgzMzg2OTM3MzUyNTE0MQ%3D%3D.2-ccb7-4&oh=00_AT8uJ4yFXuluewIDs2HaxD_4JD6F6WvEgRNuhkPBCSqFpA&oe=627B9304&_nc_sid=1527a3', 'scans_profile': 'e35', 'estimated_scans_sizes': [4043, 8087, 12130, 16174, 20217, 25238, 325952, 36392, 36392]}, 'thumbnail': {'width': 480, 'height': 480, 'url': 'https://instagram.fotp3-3.fna.fbcdn.net/v/t51.2885-15/272869160_1431201490608602_3641892210396561139_n.webp?stp=dst-jpg_e35_s480x480&_nc_ht=instagram.fotp3-3.fna.fbcdn.net&_nc_cat=102&_nc_ohc=t7YNoOcJ1VkAX_yyg-i&edm=ACWDqb8BAAAA&ccb=7-4&ig_cache_key=Mjc2MTgzMzg2OTM3MzUyNTE0MQ%3D%3D.2-ccb7-4&oh=00_AT8uJ4yFXuluewIDs2HaxD_4JD6F6WvEgRNuhkPBCSqFpA&oe=627B9304&_nc_sid=1527a3', 'scans_profile': 'e35', 'estimated_scans_sizes': [4043, 8087, 12130, 16174, 20217, 25238, 325952, 36392, 36392]}, 'standard_resolution': {'width': 1440, 'height': 1440, 'url': 'https://instagram.fotp3-3.fna.fbcdn.net/v/t51.2885-15/272869160_1431201490608602_3641892210396561139_n.webp?se=7&stp=dst-jpg_e35&_nc_ht=instagram.fotp3-3.fna.fbcdn.net&_nc_cat=102&_nc_ohc=t7YNoOcJ1VkAX_yyg-i&edm=ACWDqb8BAAAA&ccb=7-4&ig_cache_key=Mjc2MTgzMzg2OTM3MzUyNTE0MQ%3D%3D.2-ccb7-4&oh=00_AT_TgrV5dhqXxEnYE3T66nbtcsoRYHlpgRwd-NYamgkGtg&oe=627B9304&_nc_sid=1527a3', 'scans_profile': 'e35', 'estimated_scans_sizes': [14056, 28112, 42169, 56225, 70281, 84830, 102693, 114366, 126507]}}",ÎåÄÏ∂© Ìá¥Í∑º ÌïòÍ≥† Ïã∂Îã§Îäî ÌëúÏ†ï,1440.0,1440.0,
26,1643283847,2760387440402709375_50326975911,8,False,False,3,10757318,https://www.instagram.com/p/CZO3cB7pzt_/,"{'low_resolution': {'width': 480, 'height': 480, 'url': 'https://instagram.fotp3-3.fna.fbcdn.net/v/t51.2885-15/272669813_1247817755743226_5204292381868553865_n.webp?stp=dst-jpg_e35_s480x480&_nc_ht=instagram.fotp3-3.fna.fbcdn.net&_nc_cat=102&_nc_ohc=9h5JycdBQIsAX9iw6T3&edm=ACWDqb8BAAAA&ccb=7-4&ig_cache_key=Mjc2MDM4NzQzNjEwNzc1ODE2NA%3D%3D.2-ccb7-4&oh=00_AT8vBE5cHPTAwpw_rDIHVMsu8jYMcsLvo5FTl0C04aE20Q&oe=627CB155&_nc_sid=1527a3', 'scans_profile': 'e35', 'estimated_scans_sizes': [5512, 11025, 16537, 22050, 27562, 34406, 444368, 49613, 49613]}, 'thumbnail': {'width': 480, 'height': 480, 'url': 'https://instagram.fotp3-3.fna.fbcdn.net/v/t51.2885-15/272669813_1247817755743226_5204292381868553865_n.webp?stp=dst-jpg_e35_s480x480&_nc_ht=instagram.fotp3-3.fna.fbcdn.net&_nc_cat=102&_nc_ohc=9h5JycdBQIsAX9iw6T3&edm=ACWDqb8BAAAA&ccb=7-4&ig_cache_key=Mjc2MDM4NzQzNjEwNzc1ODE2NA%3D%3D.2-ccb7-4&oh=00_AT8vBE5cHPTAwpw_rDIHVMsu8jYMcsLvo5FTl0C04aE20Q&oe=627CB155&_nc_sid=1527a3', 'scans_profile': 'e35', 'estimated_scans_sizes': [5512, 11025, 16537, 22050, 27562, 34406, 444368, 49613, 49613]}, 'standard_resolution': {'width': 1440, 'height': 1440, 'url': 'https://instagram.fotp3-3.fna.fbcdn.net/v/t51.2885-15/272669813_1247817755743226_5204292381868553865_n.webp?se=7&stp=dst-jpg_e35&_nc_ht=instagram.fotp3-3.fna.fbcdn.net&_nc_cat=102&_nc_ohc=9h5JycdBQIsAX9iw6T3&edm=ACWDqb8BAAAA&ccb=7-4&ig_cache_key=Mjc2MDM4NzQzNjEwNzc1ODE2NA%3D%3D.2-ccb7-4&oh=00_AT85GJ4zI9wSUab3vdEwM-aEU9qJIhcgiAhQZ2gN2r6X0g&oe=627CB155&_nc_sid=1527a3', 'scans_profile': 'e35', 'estimated_scans_sizes': [22765, 45531, 68297, 91063, 113829, 137392, 166324, 185230, 204893]}}",Ïó¨Í∏∞ ÌîåÎ†àÏù¥ÌåÖ ÎÑàÎ¨¥ Ïù¥ÏÅòÎã§,,,1.8277097719030692e+16
27,1643259908,2760186625666836636_50326975911,8,False,False,1,11967785,https://www.instagram.com/p/CZOJxyop-ic/,"{'low_resolution': {'width': 480, 'height': 360, 'url': 'https://instagram.fotp3-1.fna.fbcdn.net/v/t51.2885-15/272697364_613235889973295_8247423112002478299_n.webp?stp=dst-jpg_e35_s480x480&_nc_ht=instagram.fotp3-1.fna.fbcdn.net&_nc_cat=111&_nc_ohc=OcmLoZpabBcAX-vYL7L&edm=ACWDqb8BAAAA&ccb=7-4&ig_cache_key=Mjc2MDE4NjYyMTIwNDA4MDUzNw%3D%3D.2-ccb7-4&oh=00_AT8YvIMGwJwd0uojCMOy-U12KzSN3wCpem3hHzo2OpMwhA&oe=627BB414&_nc_sid=1527a3', 'scans_profile': 'e35', 'estimated_scans_sizes': [2667, 5335, 8003, 10670, 13338, 16650, 215041, 24009, 24009]}, 'thumbnail': {'width': 480, 'height': 360, 'url': 'https://instagram.fotp3-1.fna.fbcdn.net/v/t51.2885-15/272697364_613235889973295_8247423112002478299_n.webp?stp=dst-jpg_e35_s480x480&_nc_ht=instagram.fotp3-1.fna.fbcdn.net&_nc_cat=111&_nc_ohc=OcmLoZpabBcAX-vYL7L&edm=ACWDqb8BAAAA&ccb=7-4&ig_cache_key=Mjc2MDE4NjYyMTIwNDA4MDUzNw%3D%3D.2-ccb7-4&oh=00_AT8YvIMGwJwd0uojCMOy-U12KzSN3wCpem3hHzo2OpMwhA&oe=627BB414&_nc_sid=1527a3', 'scans_profile': 'e35', 'estimated_scans_sizes': [2667, 5335, 8003, 10670, 13338, 16650, 215041, 24009, 24009]}, 'standard_resolution': {'width': 1440, 'height': 1080, 'url': 'https://instagram.fotp3-1.fna.fbcdn.net/v/t51.2885-15/272697364_613235889973295_8247423112002478299_n.webp?se=7&stp=dst-jpg_e35&_nc_ht=instagram.fotp3-1.fna.fbcdn.net&_nc_cat=111&_nc_ohc=OcmLoZpabBcAX-vYL7L&edm=ACWDqb8BAAAA&ccb=7-4&ig_cache_key=Mjc2MDE4NjYyMTIwNDA4MDUzNw%3D%3D.2-ccb7-4&oh=00_AT8nf1XXr6O814JRU4OmZoniXqJtRANf4nS6wXlpnIU1Zw&oe=627BB414&_nc_sid=1527a3', 'scans_profile': 'e35', 'estimated_scans_sizes': [8682, 17365, 26048, 34731, 43413, 52400, 63435, 70645, 78145]}}",Í≥†ÏùåÏóê ÏïΩÌïú Ìé∏,,,
28,1643182771,2759539557503788544_50326975911,8,False,False,1,13220202,https://www.instagram.com/p/CZL2ptcpuYA/,"{'low_resolution': {'width': 480, 'height': 480, 'url': 'https://instagram.fotp3-3.fna.fbcdn.net/v/t51.2885-15/272766821_488255685976472_4878266666383536899_n.jpg?stp=dst-jpg_e35_s480x480&_nc_ht=instagram.fotp3-3.fna.fbcdn.net&_nc_cat=108&_nc_ohc=GS-jKGtQwTUAX9j84z8&edm=ACWDqb8BAAAA&ccb=7-4&ig_cache_key=Mjc1OTUzOTU1Mjk2NTQ2MjI0Mw%3D%3D.2-ccb7-4&oh=00_AT85x586Dd6WMM9OtJbmX1uq3ulJD7rwjUJ2xr8DW4HUDQ&oe=627D1CDC&_nc_sid=1527a3', 'scans_profile': 'e35', 'estimated_scans_sizes': [3437, 6874, 10311, 13748, 17185, 21453, 277074, 30934, 30934]}, 'thumbnail': {'width': 480, 'height': 480, 'url': 'https://instagram.fotp3-3.fna.fbcdn.net/v/t51.2885-15/272766821_488255685976472_4878266666383536899_n.jpg?stp=dst-jpg_e35_s480x480&_nc_ht=instagram.fotp3-3.fna.fbcdn.net&_nc_cat=108&_nc_ohc=GS-jKGtQwTUAX9j84z8&edm=ACWDqb8BAAAA&ccb=7-4&ig_cache_key=Mjc1OTUzOTU1Mjk2NTQ2MjI0Mw%3D%3D.2-ccb7-4&oh=00_AT85x586Dd6WMM9OtJbmX1uq3ulJD7rwjUJ2xr8DW4HUDQ&oe=627D1CDC&_nc_sid=1527a3', 'scans_profile': 'e35', 'estimated_scans_sizes': [3437, 6874, 10311, 13748, 17185, 21453, 277074, 30934, 30934]}, 'standard_resolution': {'width': 960, 'height': 960, 'url': 'https://instagram.fotp3-3.fna.fbcdn.net/v/t51.2885-15/272766821_488255685976472_4878266666383536899_n.jpg?se=8&stp=dst-jpg_e35&_nc_ht=instagram.fotp3-3.fna.fbcdn.net&_nc_cat=108&_nc_ohc=GS-jKGtQwTUAX9j84z8&edm=ACWDqb8BAAAA&ccb=7-4&ig_cache_key=Mjc1OTUzOTU1Mjk2NTQ2MjI0Mw%3D%3D.2-ccb7-4&oh=00_AT-FmFd80AG1cVZ-Q5DTMFaeulvumw4Ac7sDvMygr76RYQ&oe=627D1CDC&_nc_sid=1527a3', 'scans_profile': 'e35', 'estimated_scans_sizes': [6919, 13839, 20758, 27678, 34597, 41759, 50553, 56300, 62276]}}",Ïä§ÏæÉ üèã‚Äç‚ôÄÔ∏è,,,
29,1642740531,2755829776339294419_50326975911,1,False,False,2,10999304,https://www.instagram.com/p/CY-rJSgJdjT/,"{'low_resolution': {'width': 480, 'height': 480, 'url': 'https://instagram.fotp3-1.fna.fbcdn.net/v/t51.2885-15/272218565_659377665066015_712049768798867358_n.jpg?stp=dst-jpg_e35_s480x480&_nc_ht=instagram.fotp3-1.fna.fbcdn.net&_nc_cat=103&_nc_ohc=FBxCvPrpStoAX-l_YSw&edm=ACWDqb8BAAAA&ccb=7-4&ig_cache_key=Mjc1NTgyOTc3NjMzOTI5NDQxOQ%3D%3D.2-ccb7-4&oh=00_AT9faJ5xEcah8Ww4uhxWTv8tXh_0FaLfDeKMR1fX9ROYfA&oe=627C3D5E&_nc_sid=1527a3', 'scans_profile': 'e35', 'estimated_scans_sizes': [3375, 6750, 10125, 13500, 16875, 21066, 272072, 30376, 30376]}, 'thumbnail': {'width': 480, 'height': 480, 'url': 'https://instagram.fotp3-1.fna.fbcdn.net/v/t51.2885-15/272218565_659377665066015_712049768798867358_n.jpg?stp=dst-jpg_e35_s480x480&_nc_ht=instagram.fotp3-1.fna.fbcdn.net&_nc_cat=103&_nc_ohc=FBxCvPrpStoAX-l_YSw&edm=ACWDqb8BAAAA&ccb=7-4&ig_cache_key=Mjc1NTgyOTc3NjMzOTI5NDQxOQ%3D%3D.2-ccb7-4&oh=00_AT9faJ5xEcah8Ww4uhxWTv8tXh_0FaLfDeKMR1fX9ROYfA&oe=627C3D5E&_nc_sid=1527a3', 'scans_profile': 'e35', 'estimated_scans_sizes': [3375, 6750, 10125, 13500, 16875, 21066, 272072, 30376, 30376]}, 'standard_resolution': {'width': 1440, 'height': 1440, 'url': 'https://instagram.fotp3-1.fna.fbcdn.net/v/t51.2885-15/272218565_659377665066015_712049768798867358_n.jpg?se=7&stp=dst-jpg_e35&_nc_ht=instagram.fotp3-1.fna.fbcdn.net&_nc_cat=103&_nc_ohc=FBxCvPrpStoAX-l_YSw&edm=ACWDqb8BAAAA&ccb=7-4&ig_cache_key=Mjc1NTgyOTc3NjMzOTI5NDQxOQ%3D%3D.2-ccb7-4&oh=00_AT-C66SSpD4rA5KNHsBbcd8-QMFT29s8omvXGq28dB8CmA&oe=627C3D5E&_nc_sid=1527a3', 'scans_profile': 'e35', 'estimated_scans_sizes': [10611, 21222, 31834, 42445, 53057, 64040, 77526, 86338, 95503]}}",ÏûêÎã§ Íπ¨ Î∂ÄÏùÄ ÌôÄÎ¶¨,1440.0,1440.0,
30,1642338394,2752456408739177914_50326975911,1,False,False,0,9252178,https://www.instagram.com/p/CYysIVGpWW6/,"{'low_resolution': {'width': 480, 'height': 480, 'url': 'https://instagram.fotp3-1.fna.fbcdn.net/v/t51.2885-15/272061777_927957991420939_5716749333173265362_n.jpg?stp=dst-jpg_e35_s480x480&_nc_ht=instagram.fotp3-1.fna.fbcdn.net&_nc_cat=107&_nc_ohc=vD5IiB7tRH0AX8-MbMV&edm=ACWDqb8BAAAA&ccb=7-4&ig_cache_key=Mjc1MjQ1NjQwODczOTE3NzkxNA%3D%3D.2-ccb7-4&oh=00_AT80wh7aP_YRf6h_GhSnk38hoekUlHahVVEdLs8kvSvhzg&oe=627C2FCA&_nc_sid=1527a3', 'scans_profile': 'e35', 'estimated_scans_sizes': [2167, 4335, 6503, 8670, 10838, 13529, 174741, 19509, 19509]}, 'thumbnail': {'width': 480, 'height': 480, 'url': 'https://instagram.fotp3-1.fna.fbcdn.net/v/t51.2885-15/272061777_927957991420939_5716749333173265362_n.jpg?stp=dst-jpg_e35_s480x480&_nc_ht=instagram.fotp3-1.fna.fbcdn.net&_nc_cat=107&_nc_ohc=vD5IiB7tRH0AX8-MbMV&edm=ACWDqb8BAAAA&ccb=7-4&ig_cache_key=Mjc1MjQ1NjQwODczOTE3NzkxNA%3D%3D.2-ccb7-4&oh=00_AT80wh7aP_YRf6h_GhSnk38hoekUlHahVVEdLs8kvSvhzg&oe=627C2FCA&_nc_sid=1527a3', 'scans_profile': 'e35', 'estimated_scans_sizes': [2167, 4335, 6503, 8670, 10838, 13529, 174741, 19509, 19509]}, 'standard_resolution': {'width': 1076, 'height': 1076, 'url': 'https://instagram.fotp3-1.fna.fbcdn.net/v/t51.2885-15/272061777_927957991420939_5716749333173265362_n.jpg?se=7&stp=dst-jpg_e35&_nc_ht=instagram.fotp3-1.fna.fbcdn.net&_nc_cat=107&_nc_ohc=vD5IiB7tRH0AX8-MbMV&edm=ACWDqb8BAAAA&ccb=7-4&ig_cache_key=Mjc1MjQ1NjQwODczOTE3NzkxNA%3D%3D.2-ccb7-4&oh=00_AT9_AvtyirKN7Csd19R3nmZQdS1xRnK446QeaWwF71M8Bw&oe=627C2FCA&_nc_sid=1527a3', 'scans_profile': 'e35', 'estimated_scans_sizes': [3839, 7679, 11518, 15358, 19197, 23171, 28051, 31240, 34556]}}",üëç,1076.0,1076.0,
31,1641089616,2741980896589891655_50326975911,1,False,False,0,11556026,https://www.instagram.com/p/CYNeRkKJchH/,"{'low_resolution': {'width': 480, 'height': 480, 'url': 'https://instagram.fotp3-1.fna.fbcdn.net/v/t51.2885-15/271147267_1233774567031711_4847570431854494408_n.jpg?stp=dst-jpg_e35_s480x480&_nc_ht=instagram.fotp3-1.fna.fbcdn.net&_nc_cat=107&_nc_ohc=akVJc2EJHJQAX84bVW1&edm=ACWDqb8BAAAA&ccb=7-4&ig_cache_key=Mjc0MTk4MDg5NjU4OTg5MTY1NQ%3D%3D.2-ccb7-4&oh=00_AT8n5Yq3VrIki1FTgNPa5lzzWBpXr5LneUfuRGJ3MHImvQ&oe=627BAED7&_nc_sid=1527a3', 'scans_profile': 'e35', 'estimated_scans_sizes': [3823, 7647, 11471, 15294, 19118, 23865, 308228, 34413, 34413]}, 'thumbnail': {'width': 480, 'height': 480, 'url': 'https://instagram.fotp3-1.fna.fbcdn.net/v/t51.2885-15/271147267_1233774567031711_4847570431854494408_n.jpg?stp=dst-jpg_e35_s480x480&_nc_ht=instagram.fotp3-1.fna.fbcdn.net&_nc_cat=107&_nc_ohc=akVJc2EJHJQAX84bVW1&edm=ACWDqb8BAAAA&ccb=7-4&ig_cache_key=Mjc0MTk4MDg5NjU4OTg5MTY1NQ%3D%3D.2-ccb7-4&oh=00_AT8n5Yq3VrIki1FTgNPa5lzzWBpXr5LneUfuRGJ3MHImvQ&oe=627BAED7&_nc_sid=1527a3', 'scans_profile': 'e35', 'estimated_scans_sizes': [3823, 7647, 11471, 15294, 19118, 23865, 308228, 34413, 34413]}, 'standard_resolution': {'width': 1440, 'height': 1440, 'url': 'https://instagram.fotp3-1.fna.fbcdn.net/v/t51.2885-15/271147267_1233774567031711_4847570431854494408_n.jpg?se=7&stp=dst-jpg_e35&_nc_ht=instagram.fotp3-1.fna.fbcdn.net&_nc_cat=107&_nc_ohc=akVJc2EJHJQAX84bVW1&edm=ACWDqb8BAAAA&ccb=7-4&ig_cache_key=Mjc0MTk4MDg5NjU4OTg5MTY1NQ%3D%3D.2-ccb7-4&oh=00_AT9E0KMAj54SBiXMcMx5VP4uZSaMD0Dv85YwLOdW43Ho3Q&oe=627BAED7&_nc_sid=1527a3', 'scans_profile': 'e35', 'estimated_scans_sizes': [12885, 25770, 38655, 51540, 64426, 77762, 94137, 104838, 115967]}}",üåÖ,1440.0,1440.0,
32,1640247204,2734914234284460502_50326975911,1,False,False,1,13854481,https://www.instagram.com/p/CX0XgGBr0nW/,"{'low_resolution': {'width': 480, 'height': 600, 'url': 'https://instagram.fotp3-3.fna.fbcdn.net/v/t51.2885-15/269949627_138538348580125_8698740856460920439_n.jpg?stp=dst-jpg_e35_p480x480&_nc_ht=instagram.fotp3-3.fna.fbcdn.net&_nc_cat=101&_nc_ohc=ZXAMlSscJZEAX88o14e&edm=ACWDqb8BAAAA&ccb=7-4&ig_cache_key=MjczNDkxNDIzNDI4NDQ2MDUwMg%3D%3D.2-ccb7-4&oh=00_AT85vB1L8RgXaNN2f9qPbV0AElXRHvnEQS6aW3eSxD16EQ&oe=627C80CF&_nc_sid=1527a3', 'scans_profile': 'e35', 'estimated_scans_sizes': [3450, 6901, 10352, 13803, 17253, 21538, 278167, 31057, 31057]}, 'thumbnail': {'width': 480, 'height': 600, 'url': 'https://instagram.fotp3-3.fna.fbcdn.net/v/t51.2885-15/269949627_138538348580125_8698740856460920439_n.jpg?stp=dst-jpg_e35_p480x480&_nc_ht=instagram.fotp3-3.fna.fbcdn.net&_nc_cat=101&_nc_ohc=ZXAMlSscJZEAX88o14e&edm=ACWDqb8BAAAA&ccb=7-4&ig_cache_key=MjczNDkxNDIzNDI4NDQ2MDUwMg%3D%3D.2-ccb7-4&oh=00_AT85vB1L8RgXaNN2f9qPbV0AElXRHvnEQS6aW3eSxD16EQ&oe=627C80CF&_nc_sid=1527a3', 'scans_profile': 'e35', 'estimated_scans_sizes': [3450, 6901, 10352, 13803, 17253, 21538, 278167, 31057, 31057]}, 'standard_resolution': {'width': 1440, 'height': 1800, 'url': 'https://instagram.fotp3-3.fna.fbcdn.net/v/t51.2885-15/269949627_138538348580125_8698740856460920439_n.jpg?se=7&stp=dst-jpg_e35&_nc_ht=instagram.fotp3-3.fna.fbcdn.net&_nc_cat=101&_nc_ohc=ZXAMlSscJZEAX88o14e&edm=ACWDqb8BAAAA&ccb=7-4&ig_cache_key=MjczNDkxNDIzNDI4NDQ2MDUwMg%3D%3D.2-ccb7-4&oh=00_AT-kjCE4j9HyqfvGxmJSnkzAYp5SQlN_b5uRbnHdaQjrfQ&oe=627C80CF&_nc_sid=1527a3', 'scans_profile': 'e35', 'estimated_scans_sizes': [9661, 19322, 28983, 38644, 48305, 58304, 70582, 78605, 86949]}}",Î®∏Î¶¨Í∞Ä ÎßéÏù¥ Í∏∏ÏóàÍµ∞...,1440.0,1800.0,
33,1640076267,2733480313122226237_50326975911,8,False,False,0,12022317,https://www.instagram.com/p/CXvRdy4LIA9/,"{'low_resolution': {'width': 480, 'height': 360, 'url': 'https://instagram.fotp3-3.fna.fbcdn.net/v/t51.2885-15/269758789_1061013114691958_3465655319625340572_n.jpg?stp=dst-jpg_e35_s480x480&_nc_ht=instagram.fotp3-3.fna.fbcdn.net&_nc_cat=102&_nc_ohc=oEwaljc1v94AX-dIGMU&edm=ACWDqb8BAAAA&ccb=7-4&ig_cache_key=MjczMzQ4MDMwOTA2MjIyNjY0MA%3D%3D.2-ccb7-4&oh=00_AT9QuKav5BwPwr-4A1iNK5_pGuZBKNSOYzwOc1K73WUSQQ&oe=627BED87&_nc_sid=1527a3', 'scans_profile': 'e35', 'estimated_scans_sizes': [3087, 6175, 9263, 12351, 15438, 19272, 248909, 27790, 27790]}, 'thumbnail': {'width': 480, 'height': 360, 'url': 'https://instagram.fotp3-3.fna.fbcdn.net/v/t51.2885-15/269758789_1061013114691958_3465655319625340572_n.jpg?stp=dst-jpg_e35_s480x480&_nc_ht=instagram.fotp3-3.fna.fbcdn.net&_nc_cat=102&_nc_ohc=oEwaljc1v94AX-dIGMU&edm=ACWDqb8BAAAA&ccb=7-4&ig_cache_key=MjczMzQ4MDMwOTA2MjIyNjY0MA%3D%3D.2-ccb7-4&oh=00_AT9QuKav5BwPwr-4A1iNK5_pGuZBKNSOYzwOc1K73WUSQQ&oe=627BED87&_nc_sid=1527a3', 'scans_profile': 'e35', 'estimated_scans_sizes': [3087, 6175, 9263, 12351, 15438, 19272, 248909, 27790, 27790]}, 'standard_resolution': {'width': 1440, 'height': 1080, 'url': 'https://instagram.fotp3-3.fna.fbcdn.net/v/t51.2885-15/269758789_1061013114691958_3465655319625340572_n.jpg?se=7&stp=dst-jpg_e35&_nc_ht=instagram.fotp3-3.fna.fbcdn.net&_nc_cat=102&_nc_ohc=oEwaljc1v94AX-dIGMU&edm=ACWDqb8BAAAA&ccb=7-4&ig_cache_key=MjczMzQ4MDMwOTA2MjIyNjY0MA%3D%3D.2-ccb7-4&oh=00_AT9tqklLPlmkc5HhMPwk4jBfJrCaCdxQov17da4oTWXxPw&oe=627BED87&_nc_sid=1527a3', 'scans_profile': 'e35', 'estimated_scans_sizes': [10901, 21803, 32705, 43606, 54508, 65791, 79646, 88699, 98115]}}",,,,
34,1640060097,2733344663190467600_50326975911,8,False,False,0,12203650,https://www.instagram.com/p/CXuyn1CLXQQ/,"{'low_resolution': {'width': 480, 'height': 600, 'url': 'https://instagram.fotp3-2.fna.fbcdn.net/v/t51.2885-15/269794663_4667636509995108_9204470088803753218_n.jpg?stp=dst-jpg_e35_p480x480&_nc_ht=instagram.fotp3-2.fna.fbcdn.net&_nc_cat=100&_nc_ohc=EWCE6flPYfoAX-Rlhcd&edm=ACWDqb8BAAAA&ccb=7-4&ig_cache_key=MjczMzM0NDY1OTMzMTc3NzAwMg%3D%3D.2-ccb7-4&oh=00_AT8h2aEtUYVfQxQdZp_GeZenU2Ua7tBbRwLpH74I_f026w&oe=627BE5F4&_nc_sid=1527a3', 'scans_profile': 'e35', 'estimated_scans_sizes': [4897, 9795, 14693, 19591, 24489, 30570, 394821, 44081, 44081]}, 'thumbnail': {'width': 480, 'height': 600, 'url': 'https://instagram.fotp3-2.fna.fbcdn.net/v/t51.2885-15/269794663_4667636509995108_9204470088803753218_n.jpg?stp=dst-jpg_e35_p480x480&_nc_ht=instagram.fotp3-2.fna.fbcdn.net&_nc_cat=100&_nc_ohc=EWCE6flPYfoAX-Rlhcd&edm=ACWDqb8BAAAA&ccb=7-4&ig_cache_key=MjczMzM0NDY1OTMzMTc3NzAwMg%3D%3D.2-ccb7-4&oh=00_AT8h2aEtUYVfQxQdZp_GeZenU2Ua7tBbRwLpH74I_f026w&oe=627BE5F4&_nc_sid=1527a3', 'scans_profile': 'e35', 'estimated_scans_sizes': [4897, 9795, 14693, 19591, 24489, 30570, 394821, 44081, 44081]}, 'standard_resolution': {'width': 1440, 'height': 1800, 'url': 'https://instagram.fotp3-2.fna.fbcdn.net/v/t51.2885-15/269794663_4667636509995108_9204470088803753218_n.jpg?se=7&stp=dst-jpg_e35&_nc_ht=instagram.fotp3-2.fna.fbcdn.net&_nc_cat=100&_nc_ohc=EWCE6flPYfoAX-Rlhcd&edm=ACWDqb8BAAAA&ccb=7-4&ig_cache_key=MjczMzM0NDY1OTMzMTc3NzAwMg%3D%3D.2-ccb7-4&oh=00_AT_9--QAM9fQzagsDaRSyQk63T_6d_gb60VzXr69FFK2Ew&oe=627BE5F4&_nc_sid=1527a3', 'scans_profile': 'e35', 'estimated_scans_sizes': [16660, 33320, 49980, 66640, 83300, 100543, 121715, 135551, 149940]}}",GQ,,,
35,1640059877,2733342823409262455_50326975911,8,False,False,0,13066069,https://www.instagram.com/p/CXuyNDmrB93/,"{'low_resolution': {'width': 480, 'height': 480, 'url': 'https://instagram.fotp3-3.fna.fbcdn.net/v/t51.2885-15/269785479_644391256748294_3259043401292584539_n.jpg?stp=dst-jpg_e35_s480x480&_nc_ht=instagram.fotp3-3.fna.fbcdn.net&_nc_cat=102&_nc_ohc=3_uMiDXYt_kAX9MwcoR&edm=ACWDqb8BAAAA&ccb=7-4&ig_cache_key=MjczMzM0MjgxOTA5NzU0NjcwNA%3D%3D.2-ccb7-4&oh=00_AT8sCCQxsohgthe3kIrJxy-RV9dzTg4LIIE3TGhlTzCJiw&oe=627D179E&_nc_sid=1527a3', 'scans_profile': 'e35', 'estimated_scans_sizes': [3197, 6394, 9591, 12788, 15985, 19955, 257723, 28774, 28774]}, 'thumbnail': {'width': 480, 'height': 480, 'url': 'https://instagram.fotp3-3.fna.fbcdn.net/v/t51.2885-15/269785479_644391256748294_3259043401292584539_n.jpg?stp=dst-jpg_e35_s480x480&_nc_ht=instagram.fotp3-3.fna.fbcdn.net&_nc_cat=102&_nc_ohc=3_uMiDXYt_kAX9MwcoR&edm=ACWDqb8BAAAA&ccb=7-4&ig_cache_key=MjczMzM0MjgxOTA5NzU0NjcwNA%3D%3D.2-ccb7-4&oh=00_AT8sCCQxsohgthe3kIrJxy-RV9dzTg4LIIE3TGhlTzCJiw&oe=627D179E&_nc_sid=1527a3', 'scans_profile': 'e35', 'estimated_scans_sizes': [3197, 6394, 9591, 12788, 15985, 19955, 257723, 28774, 28774]}, 'standard_resolution': {'width': 1358, 'height': 1358, 'url': 'https://instagram.fotp3-3.fna.fbcdn.net/v/t51.2885-15/269785479_644391256748294_3259043401292584539_n.jpg?se=7&stp=dst-jpg_e35&_nc_ht=instagram.fotp3-3.fna.fbcdn.net&_nc_cat=102&_nc_ohc=3_uMiDXYt_kAX9MwcoR&edm=ACWDqb8BAAAA&ccb=7-4&ig_cache_key=MjczMzM0MjgxOTA5NzU0NjcwNA%3D%3D.2-ccb7-4&oh=00_AT8FYIbqS5j5rDimWzZNpG2wmR_2bxRAZ9kaWVEShnKgUw&oe=627D179E&_nc_sid=1527a3', 'scans_profile': 'e35', 'estimated_scans_sizes': [9131, 18262, 27393, 36524, 45656, 55107, 66712, 74295, 82181]}}",VOGUE,,,
36,1639984576,2732711149046728547_50326975911,1,False,False,0,11476472,https://www.instagram.com/p/CXsik_Argdj/,"{'low_resolution': {'width': 480, 'height': 480, 'url': 'https://instagram.fotp3-3.fna.fbcdn.net/v/t51.2885-15/269655142_140496605014400_7349827627092300699_n.jpg?stp=dst-jpg_e35_s480x480&_nc_ht=instagram.fotp3-3.fna.fbcdn.net&_nc_cat=108&_nc_ohc=DDkLYUZ5zBwAX9Tc_p7&edm=ACWDqb8BAAAA&ccb=7-4&ig_cache_key=MjczMjcxMTE0OTA0NjcyODU0Nw%3D%3D.2-ccb7-4&oh=00_AT9MRdPZ4fbBrXyHTCQh0VfbFTT2mSE7QYSjtBg5eVipxw&oe=627C2FAC&_nc_sid=1527a3', 'scans_profile': 'e35', 'estimated_scans_sizes': [3484, 6968, 10452, 13936, 17420, 21745, 280852, 31356, 31356]}, 'thumbnail': {'width': 480, 'height': 480, 'url': 'https://instagram.fotp3-3.fna.fbcdn.net/v/t51.2885-15/269655142_140496605014400_7349827627092300699_n.jpg?stp=dst-jpg_e35_s480x480&_nc_ht=instagram.fotp3-3.fna.fbcdn.net&_nc_cat=108&_nc_ohc=DDkLYUZ5zBwAX9Tc_p7&edm=ACWDqb8BAAAA&ccb=7-4&ig_cache_key=MjczMjcxMTE0OTA0NjcyODU0Nw%3D%3D.2-ccb7-4&oh=00_AT9MRdPZ4fbBrXyHTCQh0VfbFTT2mSE7QYSjtBg5eVipxw&oe=627C2FAC&_nc_sid=1527a3', 'scans_profile': 'e35', 'estimated_scans_sizes': [3484, 6968, 10452, 13936, 17420, 21745, 280852, 31356, 31356]}, 'standard_resolution': {'width': 960, 'height': 960, 'url': 'https://instagram.fotp3-3.fna.fbcdn.net/v/t51.2885-15/269655142_140496605014400_7349827627092300699_n.jpg?se=8&stp=dst-jpg_e35&_nc_ht=instagram.fotp3-3.fna.fbcdn.net&_nc_cat=108&_nc_ohc=DDkLYUZ5zBwAX9Tc_p7&edm=ACWDqb8BAAAA&ccb=7-4&ig_cache_key=MjczMjcxMTE0OTA0NjcyODU0Nw%3D%3D.2-ccb7-4&oh=00_AT-UtkAUvybtGhck8eY4ssb0yW6S_un8VKY6vYZNpgDmQg&oe=627C2FAC&_nc_sid=1527a3', 'scans_profile': 'e35', 'estimated_scans_sizes': [7066, 14133, 21200, 28267, 35334, 42649, 51630, 57498, 63602]}}",üî•,960.0,960.0,
37,1639711880,2730423612932442964_50326975911,1,False,False,0,13050015,https://www.instagram.com/p/CXkac8_LUtU/,"{'low_resolution': {'width': 480, 'height': 360, 'url': 'https://instagram.fotp3-2.fna.fbcdn.net/v/t51.2885-15/267632737_651897609158376_4107961473637716477_n.jpg?stp=dst-jpg_e35_s480x480&_nc_ht=instagram.fotp3-2.fna.fbcdn.net&_nc_cat=100&_nc_ohc=H7riVcu2aXcAX-8Ttq-&edm=ACWDqb8BAAAA&ccb=7-4&ig_cache_key=MjczMDQyMzYxMjkzMjQ0Mjk2NA%3D%3D.2-ccb7-4&oh=00_AT-_DgCnHI1MrqxPPgJYWouFW2Ou5AGaGNGjfBEi2FYneQ&oe=627C2622&_nc_sid=1527a3', 'scans_profile': 'e35', 'estimated_scans_sizes': [2486, 4972, 7459, 9945, 12432, 15519, 200436, 22378, 22378]}, 'thumbnail': {'width': 480, 'height': 360, 'url': 'https://instagram.fotp3-2.fna.fbcdn.net/v/t51.2885-15/267632737_651897609158376_4107961473637716477_n.jpg?stp=dst-jpg_e35_s480x480&_nc_ht=instagram.fotp3-2.fna.fbcdn.net&_nc_cat=100&_nc_ohc=H7riVcu2aXcAX-8Ttq-&edm=ACWDqb8BAAAA&ccb=7-4&ig_cache_key=MjczMDQyMzYxMjkzMjQ0Mjk2NA%3D%3D.2-ccb7-4&oh=00_AT-_DgCnHI1MrqxPPgJYWouFW2Ou5AGaGNGjfBEi2FYneQ&oe=627C2622&_nc_sid=1527a3', 'scans_profile': 'e35', 'estimated_scans_sizes': [2486, 4972, 7459, 9945, 12432, 15519, 200436, 22378, 22378]}, 'standard_resolution': {'width': 1280, 'height': 960, 'url': 'https://instagram.fotp3-2.fna.fbcdn.net/v/t51.2885-15/267632737_651897609158376_4107961473637716477_n.jpg?se=7&stp=dst-jpg_e35&_nc_ht=instagram.fotp3-2.fna.fbcdn.net&_nc_cat=100&_nc_ohc=H7riVcu2aXcAX-8Ttq-&edm=ACWDqb8BAAAA&ccb=7-4&ig_cache_key=MjczMDQyMzYxMjkzMjQ0Mjk2NA%3D%3D.2-ccb7-4&oh=00_AT_KWKDpeGKTAV4Q7IeICadDeR89f55OBS-cqgE3ey5Y0Q&oe=627C2622&_nc_sid=1527a3', 'scans_profile': 'e35', 'estimated_scans_sizes': [6817, 13634, 20452, 27269, 34086, 41142, 49806, 55468, 61356]}}",,1280.0,960.0,
38,1639372823,2727579394798740704_50326975911,1,False,False,0,13858660,https://www.instagram.com/p/CXaTwIbp2Tg/,"{'low_resolution': {'width': 480, 'height': 480, 'url': 'https://instagram.fotp3-2.fna.fbcdn.net/v/t51.2885-15/266471255_988798521991464_3796050810932271961_n.jpg?stp=dst-jpg_e35_s480x480&_nc_ht=instagram.fotp3-2.fna.fbcdn.net&_nc_cat=100&_nc_ohc=tRbLHCQs1AMAX8dDgbo&edm=ACWDqb8BAAAA&ccb=7-4&ig_cache_key=MjcyNzU3OTM5NDc5ODc0MDcwNA%3D%3D.2-ccb7-4&oh=00_AT9udRtf7gFTWurKxcjI5ngWjaTWR7VoaEWNul6JzJsv9A&oe=627CEB78&_nc_sid=1527a3', 'scans_profile': 'e35', 'estimated_scans_sizes': [3596, 7193, 10790, 14386, 17983, 22449, 289934, 32370, 32370]}, 'thumbnail': {'width': 480, 'height': 480, 'url': 'https://instagram.fotp3-2.fna.fbcdn.net/v/t51.2885-15/266471255_988798521991464_3796050810932271961_n.jpg?stp=dst-jpg_e35_s480x480&_nc_ht=instagram.fotp3-2.fna.fbcdn.net&_nc_cat=100&_nc_ohc=tRbLHCQs1AMAX8dDgbo&edm=ACWDqb8BAAAA&ccb=7-4&ig_cache_key=MjcyNzU3OTM5NDc5ODc0MDcwNA%3D%3D.2-ccb7-4&oh=00_AT9udRtf7gFTWurKxcjI5ngWjaTWR7VoaEWNul6JzJsv9A&oe=627CEB78&_nc_sid=1527a3', 'scans_profile': 'e35', 'estimated_scans_sizes': [3596, 7193, 10790, 14386, 17983, 22449, 289934, 32370, 32370]}, 'standard_resolution': {'width': 1440, 'height': 1440, 'url': 'https://instagram.fotp3-2.fna.fbcdn.net/v/t51.2885-15/266471255_988798521991464_3796050810932271961_n.jpg?se=7&stp=dst-jpg_e35&_nc_ht=instagram.fotp3-2.fna.fbcdn.net&_nc_cat=100&_nc_ohc=tRbLHCQs1AMAX8dDgbo&edm=ACWDqb8BAAAA&ccb=7-4&ig_cache_key=MjcyNzU3OTM5NDc5ODc0MDcwNA%3D%3D.2-ccb7-4&oh=00_AT9IWhPHPTzmluu0p1ZwdqdhNxJ7XObStywvW5Xtm3UWPQ&oe=627CEB78&_nc_sid=1527a3', 'scans_profile': 'e35', 'estimated_scans_sizes': [11715, 23430, 35145, 46860, 58575, 70700, 85588, 95317, 105436]}}",LVüíú,1440.0,1440.0,
39,1639114122,2725409257093983629_50326975911,1,False,False,1,12131548,https://www.instagram.com/p/CXSmUeMpe2N/,"{'low_resolution': {'width': 480, 'height': 600, 'url': 'https://instagram.fotp3-3.fna.fbcdn.net/v/t51.2885-15/265552526_483509013099097_1380788932556261755_n.jpg?stp=dst-jpg_e35_p480x480&_nc_ht=instagram.fotp3-3.fna.fbcdn.net&_nc_cat=101&_nc_ohc=D3qG6jX0r2AAX-yStlE&edm=ACWDqb8BAAAA&ccb=7-4&ig_cache_key=MjcyNTQwOTI1NzA5Mzk4MzYyOQ%3D%3D.2-ccb7-4&oh=00_AT9HKQ8dmp6PTCkoAX6a97JVH-hbIsd6g1Rv9YRV6lJiqA&oe=627BB50B&_nc_sid=1527a3', 'scans_profile': 'e35', 'estimated_scans_sizes': [4458, 8917, 13376, 17835, 22294, 27830, 359436, 40130, 40130]}, 'thumbnail': {'width': 480, 'height': 600, 'url': 'https://instagram.fotp3-3.fna.fbcdn.net/v/t51.2885-15/265552526_483509013099097_1380788932556261755_n.jpg?stp=dst-jpg_e35_p480x480&_nc_ht=instagram.fotp3-3.fna.fbcdn.net&_nc_cat=101&_nc_ohc=D3qG6jX0r2AAX-yStlE&edm=ACWDqb8BAAAA&ccb=7-4&ig_cache_key=MjcyNTQwOTI1NzA5Mzk4MzYyOQ%3D%3D.2-ccb7-4&oh=00_AT9HKQ8dmp6PTCkoAX6a97JVH-hbIsd6g1Rv9YRV6lJiqA&oe=627BB50B&_nc_sid=1527a3', 'scans_profile': 'e35', 'estimated_scans_sizes': [4458, 8917, 13376, 17835, 22294, 27830, 359436, 40130, 40130]}, 'standard_resolution': {'width': 1080, 'height': 1350, 'url': 'https://instagram.fotp3-3.fna.fbcdn.net/v/t51.2885-15/265552526_483509013099097_1380788932556261755_n.jpg?se=7&stp=dst-jpg_e35&_nc_ht=instagram.fotp3-3.fna.fbcdn.net&_nc_cat=101&_nc_ohc=D3qG6jX0r2AAX-yStlE&edm=ACWDqb8BAAAA&ccb=7-4&ig_cache_key=MjcyNTQwOTI1NzA5Mzk4MzYyOQ%3D%3D.2-ccb7-4&oh=00_AT9XHB_EHgnkyJMzlbo5qZE9-WktDqQoHebk3-mLdVk3XQ&oe=627BB50B&_nc_sid=1527a3', 'scans_profile': 'e35', 'estimated_scans_sizes': [10416, 20833, 31250, 41667, 52083, 62865, 76104, 84754, 93751]}}",,1080.0,1350.0,
40,1639104646,2725329765175590539_50326975911,1,False,False,0,13582085,https://www.instagram.com/p/CXSUPtlFv6L/,"{'low_resolution': {'width': 480, 'height': 480, 'url': 'https://instagram.fotp3-1.fna.fbcdn.net/v/t51.2885-15/265456182_272901541535620_3517374909321314996_n.jpg?stp=dst-jpg_e35_s480x480&_nc_ht=instagram.fotp3-1.fna.fbcdn.net&_nc_cat=104&_nc_ohc=Rl6hyul7RT4AX9N5_gp&edm=ACWDqb8BAAAA&ccb=7-4&ig_cache_key=MjcyNTMyOTc2NTE3NTU5MDUzOQ%3D%3D.2-ccb7-4&oh=00_AT-0J-7jH-L45bf1YCWEvPjIh8go2dFbbmPqO4E7F699TQ&oe=627B87A8&_nc_sid=1527a3', 'scans_profile': 'e35', 'estimated_scans_sizes': [3576, 7152, 10728, 14304, 17880, 22319, 288265, 32184, 32184]}, 'thumbnail': {'width': 480, 'height': 480, 'url': 'https://instagram.fotp3-1.fna.fbcdn.net/v/t51.2885-15/265456182_272901541535620_3517374909321314996_n.jpg?stp=dst-jpg_e35_s480x480&_nc_ht=instagram.fotp3-1.fna.fbcdn.net&_nc_cat=104&_nc_ohc=Rl6hyul7RT4AX9N5_gp&edm=ACWDqb8BAAAA&ccb=7-4&ig_cache_key=MjcyNTMyOTc2NTE3NTU5MDUzOQ%3D%3D.2-ccb7-4&oh=00_AT-0J-7jH-L45bf1YCWEvPjIh8go2dFbbmPqO4E7F699TQ&oe=627B87A8&_nc_sid=1527a3', 'scans_profile': 'e35', 'estimated_scans_sizes': [3576, 7152, 10728, 14304, 17880, 22319, 288265, 32184, 32184]}, 'standard_resolution': {'width': 1440, 'height': 1440, 'url': 'https://instagram.fotp3-1.fna.fbcdn.net/v/t51.2885-15/265456182_272901541535620_3517374909321314996_n.jpg?se=7&stp=dst-jpg_e35&_nc_ht=instagram.fotp3-1.fna.fbcdn.net&_nc_cat=104&_nc_ohc=Rl6hyul7RT4AX9N5_gp&edm=ACWDqb8BAAAA&ccb=7-4&ig_cache_key=MjcyNTMyOTc2NTE3NTU5MDUzOQ%3D%3D.2-ccb7-4&oh=00_AT_8DiYPcEoDlIKGqyyX_axgYCa6-RfU2bIYkfq_lQwahQ&oe=627B87A8&_nc_sid=1527a3', 'scans_profile': 'e35', 'estimated_scans_sizes': [11610, 23220, 34831, 46441, 58051, 70068, 84823, 94465, 104493]}}",,1440.0,1440.0,
41,1638863604,2723307755416791300_50326975911,1,False,False,0,15654759,https://www.instagram.com/p/CXLIfmPrykE/,"{'low_resolution': {'width': 480, 'height': 600, 'url': 'https://instagram.fotp3-1.fna.fbcdn.net/v/t51.2885-15/264919680_853110378691839_4173231710657583957_n.jpg?stp=dst-jpg_e35_p480x480&_nc_ht=instagram.fotp3-1.fna.fbcdn.net&_nc_cat=103&_nc_ohc=Lxsf6dVOFkgAX-fTIzV&edm=ACWDqb8BAAAA&ccb=7-4&ig_cache_key=MjcyMzMwNzc1NTQxNjc5MTMwMA%3D%3D.2-ccb7-4&oh=00_AT8ITvH8h-lzaFlg0oL9_5Gm1T-xllyTfEWhwEL33F6Q-A&oe=627D0D66&_nc_sid=1527a3', 'scans_profile': 'e35', 'estimated_scans_sizes': [4668, 9337, 14006, 18675, 23344, 29141, 376360, 42020, 42020]}, 'thumbnail': {'width': 480, 'height': 600, 'url': 'https://instagram.fotp3-1.fna.fbcdn.net/v/t51.2885-15/264919680_853110378691839_4173231710657583957_n.jpg?stp=dst-jpg_e35_p480x480&_nc_ht=instagram.fotp3-1.fna.fbcdn.net&_nc_cat=103&_nc_ohc=Lxsf6dVOFkgAX-fTIzV&edm=ACWDqb8BAAAA&ccb=7-4&ig_cache_key=MjcyMzMwNzc1NTQxNjc5MTMwMA%3D%3D.2-ccb7-4&oh=00_AT8ITvH8h-lzaFlg0oL9_5Gm1T-xllyTfEWhwEL33F6Q-A&oe=627D0D66&_nc_sid=1527a3', 'scans_profile': 'e35', 'estimated_scans_sizes': [4668, 9337, 14006, 18675, 23344, 29141, 376360, 42020, 42020]}, 'standard_resolution': {'width': 1440, 'height': 1800, 'url': 'https://instagram.fotp3-1.fna.fbcdn.net/v/t51.2885-15/264919680_853110378691839_4173231710657583957_n.jpg?se=7&stp=dst-jpg_e35&_nc_ht=instagram.fotp3-1.fna.fbcdn.net&_nc_cat=103&_nc_ohc=Lxsf6dVOFkgAX-fTIzV&edm=ACWDqb8BAAAA&ccb=7-4&ig_cache_key=MjcyMzMwNzc1NTQxNjc5MTMwMA%3D%3D.2-ccb7-4&oh=00_AT-GN1OV0MbnU8Gi9TvDilHHPdtKQ9vETR9i6-cyE2MOyQ&oe=627D0D66&_nc_sid=1527a3', 'scans_profile': 'e35', 'estimated_scans_sizes': [15463, 30927, 46391, 61855, 77318, 93324, 112976, 125818, 139174]}}",,1440.0,1800.0,
42,1638823029,2722967389632506199_50326975911,1,False,False,3,13477720,https://www.instagram.com/p/CXJ7Gn6BKlX/,"{'low_resolution': {'width': 480, 'height': 480, 'url': 'https://instagram.fotp3-1.fna.fbcdn.net/v/t51.2885-15/264822538_1090950651651491_966459565534267249_n.jpg?stp=dst-jpg_e35_s480x480&_nc_ht=instagram.fotp3-1.fna.fbcdn.net&_nc_cat=111&_nc_ohc=sqqbF5MDxkoAX950JnI&edm=ACWDqb8BAAAA&ccb=7-4&ig_cache_key=MjcyMjk2NzM4OTYzMjUwNjE5OQ%3D%3D.2-ccb7-4&oh=00_AT-ex-s6gW_IIA7Me0HsTxEqyEyUt3XhXB_sxAnQOyZCfw&oe=627C5675&_nc_sid=1527a3', 'scans_profile': 'e35', 'estimated_scans_sizes': [1944, 3888, 5833, 7777, 9722, 12136, 156745, 17500, 17500]}, 'thumbnail': {'width': 480, 'height': 480, 'url': 'https://instagram.fotp3-1.fna.fbcdn.net/v/t51.2885-15/264822538_1090950651651491_966459565534267249_n.jpg?stp=dst-jpg_e35_s480x480&_nc_ht=instagram.fotp3-1.fna.fbcdn.net&_nc_cat=111&_nc_ohc=sqqbF5MDxkoAX950JnI&edm=ACWDqb8BAAAA&ccb=7-4&ig_cache_key=MjcyMjk2NzM4OTYzMjUwNjE5OQ%3D%3D.2-ccb7-4&oh=00_AT-ex-s6gW_IIA7Me0HsTxEqyEyUt3XhXB_sxAnQOyZCfw&oe=627C5675&_nc_sid=1527a3', 'scans_profile': 'e35', 'estimated_scans_sizes': [1944, 3888, 5833, 7777, 9722, 12136, 156745, 17500, 17500]}, 'standard_resolution': {'width': 1440, 'height': 1440, 'url': 'https://instagram.fotp3-1.fna.fbcdn.net/v/t51.2885-15/264822538_1090950651651491_966459565534267249_n.jpg?se=7&stp=dst-jpg_e35&_nc_ht=instagram.fotp3-1.fna.fbcdn.net&_nc_cat=111&_nc_ohc=sqqbF5MDxkoAX950JnI&edm=ACWDqb8BAAAA&ccb=7-4&ig_cache_key=MjcyMjk2NzM4OTYzMjUwNjE5OQ%3D%3D.2-ccb7-4&oh=00_AT_APd-RO4P5KvCJ5I3EwBEcGOLhhUo5hYVxDpCYGXVN2Q&oe=627C5675&_nc_sid=1527a3', 'scans_profile': 'e35', 'estimated_scans_sizes': [4499, 8998, 13497, 17996, 22496, 27153, 32871, 36607, 40493]}}",Ïù∏Ïä§ÌÉÄ ÎÑàÎ¨¥ Ïñ¥Î†µÎã§ :(,1440.0,1440.0,1.794400745864752e+16
