,taken_at,id,media_type,is_unified_video,is_paid_partnership,next_max_id,comment_count,like_count,link,images,description,original_width,original_height
0,1651521635,2829491018036755156_189393625,8,False,False,17960267890669378,5594,509838,https://www.instagram.com/p/CdEXxbxPTrU/,"{'low_resolution': {'width': 480, 'height': 600, 'url': 'https://instagram.fotp3-1.fna.fbcdn.net/v/t51.2885-15/279563294_360142419512866_4823376082114868115_n.jpg?stp=dst-jpg_e35_p480x480&_nc_ht=instagram.fotp3-1.fna.fbcdn.net&_nc_cat=1&_nc_ohc=Yn8MTGR6FIcAX9-hT3W&edm=ACWDqb8BAAAA&ccb=7-4&ig_cache_key=MjgyOTQ5MTAxMjYwOTQyNzY4OQ%3D%3D.2-ccb7-4&oh=00_AT-fHmkzapYoKiW63-2HT1oXZ-GRT_jecigH2aTz6Haokw&oe=627C414F&_nc_sid=1527a3', 'scans_profile': 'e35', 'estimated_scans_sizes': [5143, 10287, 15431, 20574, 25718, 30963, 893554, 46293, 46293]}, 'thumbnail': {'width': 480, 'height': 600, 'url': 'https://instagram.fotp3-1.fna.fbcdn.net/v/t51.2885-15/279563294_360142419512866_4823376082114868115_n.jpg?stp=dst-jpg_e35_p480x480&_nc_ht=instagram.fotp3-1.fna.fbcdn.net&_nc_cat=1&_nc_ohc=Yn8MTGR6FIcAX9-hT3W&edm=ACWDqb8BAAAA&ccb=7-4&ig_cache_key=MjgyOTQ5MTAxMjYwOTQyNzY4OQ%3D%3D.2-ccb7-4&oh=00_AT-fHmkzapYoKiW63-2HT1oXZ-GRT_jecigH2aTz6Haokw&oe=627C414F&_nc_sid=1527a3', 'scans_profile': 'e35', 'estimated_scans_sizes': [5143, 10287, 15431, 20574, 25718, 30963, 893554, 46293, 46293]}, 'standard_resolution': {'width': 1440, 'height': 1800, 'url': 'https://instagram.fotp3-1.fna.fbcdn.net/v/t51.2885-15/279563294_360142419512866_4823376082114868115_n.jpg?se=7&stp=dst-jpg_e35&_nc_ht=instagram.fotp3-1.fna.fbcdn.net&_nc_cat=1&_nc_ohc=Yn8MTGR6FIcAX9-hT3W&edm=ACWDqb8BAAAA&ccb=7-4&ig_cache_key=MjgyOTQ5MTAxMjYwOTQyNzY4OQ%3D%3D.2-ccb7-4&oh=00_AT9xPT09xmkaK-s6w22sszm3vYw5CieR0OeDJ6Q5APWTnQ&oe=627C414F&_nc_sid=1527a3', 'scans_profile': 'e35', 'estimated_scans_sizes': [25547, 51095, 76643, 102190, 127738, 142938, 181894, 206732, 229929]}}","My right hands got me singing my praises.

Link in my bio or head to demivibe.com to win a free @bellesaco demi wand or $30 gift card - last giveaway (some will be autographed)!",,
1,1651341542,2827980289075451900_189393625,8,False,False,17918094356423635,7726,555837,https://www.instagram.com/p/Cc_ARbyJhf8/,"{'low_resolution': {'width': 480, 'height': 585, 'url': 'https://instagram.fotp3-1.fna.fbcdn.net/v/t51.2885-15/279464982_4933658343426411_7888154087859982024_n.jpg?stp=dst-jpg_e35_p480x480&_nc_ht=instagram.fotp3-1.fna.fbcdn.net&_nc_cat=1&_nc_ohc=PFmdAljwFR4AX_detR2&edm=ACWDqb8BAAAA&ccb=7-4&ig_cache_key=MjgyNzk4MDI4NDQ3ODYwNzY5Ng%3D%3D.2-ccb7-4&oh=00_AT-2LoHxadZ7TXoSiIx2rJMFWrTd-wgUiHB5Ga2Y25RKTA&oe=627DE222&_nc_sid=1527a3', 'scans_profile': 'e35', 'estimated_scans_sizes': [5188, 10376, 15565, 20753, 25941, 31232, 901311, 46695, 46695]}, 'thumbnail': {'width': 480, 'height': 585, 'url': 'https://instagram.fotp3-1.fna.fbcdn.net/v/t51.2885-15/279464982_4933658343426411_7888154087859982024_n.jpg?stp=dst-jpg_e35_p480x480&_nc_ht=instagram.fotp3-1.fna.fbcdn.net&_nc_cat=1&_nc_ohc=PFmdAljwFR4AX_detR2&edm=ACWDqb8BAAAA&ccb=7-4&ig_cache_key=MjgyNzk4MDI4NDQ3ODYwNzY5Ng%3D%3D.2-ccb7-4&oh=00_AT-2LoHxadZ7TXoSiIx2rJMFWrTd-wgUiHB5Ga2Y25RKTA&oe=627DE222&_nc_sid=1527a3', 'scans_profile': 'e35', 'estimated_scans_sizes': [5188, 10376, 15565, 20753, 25941, 31232, 901311, 46695, 46695]}, 'standard_resolution': {'width': 1440, 'height': 1756, 'url': 'https://instagram.fotp3-1.fna.fbcdn.net/v/t51.2885-15/279464982_4933658343426411_7888154087859982024_n.jpg?se=7&stp=dst-jpg_e35&_nc_ht=instagram.fotp3-1.fna.fbcdn.net&_nc_cat=1&_nc_ohc=PFmdAljwFR4AX_detR2&edm=ACWDqb8BAAAA&ccb=7-4&ig_cache_key=MjgyNzk4MDI4NDQ3ODYwNzY5Ng%3D%3D.2-ccb7-4&oh=00_AT-sPTZI6bSCkzS33CifSf0hq2pDZsP8UnBoA44V4fDDkw&oe=627DE222&_nc_sid=1527a3', 'scans_profile': 'e35', 'estimated_scans_sizes': [26859, 53719, 80578, 107438, 134297, 150278, 191235, 217347, 241736]}}","Like a serpent in the garden I am truth and I am darkness, Iâ€™m an angel, Iâ€™m a demon, just depends on what your feelingâ€¦..",,
2,1651181024,2826633761196379813_189393625,8,False,False,17843679149773774,3488,222472,https://www.instagram.com/p/Cc6OG3-PI6l/,"{'low_resolution': {'width': 480, 'height': 600, 'url': 'https://instagram.fotp3-1.fna.fbcdn.net/v/t51.2885-15/279283038_368456501968599_1724193810808436073_n.jpg?stp=dst-jpg_e35_p480x480&_nc_ht=instagram.fotp3-1.fna.fbcdn.net&_nc_cat=1&_nc_ohc=eG4VXu-65cgAX_TA0m_&edm=ACWDqb8BAAAA&ccb=7-4&ig_cache_key=MjgyNjYzMzc1NjE5Njk0MjcxOA%3D%3D.2-ccb7-4&oh=00_AT_Qh73C-MOsVhQgLKIGBxu00pA7sqjesIJUbgCVGP8I3w&oe=627D8323&_nc_sid=1527a3', 'scans_profile': 'e35', 'estimated_scans_sizes': [4429, 8859, 13289, 17719, 22149, 26666, 769546, 39869, 39869]}, 'thumbnail': {'width': 480, 'height': 600, 'url': 'https://instagram.fotp3-1.fna.fbcdn.net/v/t51.2885-15/279283038_368456501968599_1724193810808436073_n.jpg?stp=dst-jpg_e35_p480x480&_nc_ht=instagram.fotp3-1.fna.fbcdn.net&_nc_cat=1&_nc_ohc=eG4VXu-65cgAX_TA0m_&edm=ACWDqb8BAAAA&ccb=7-4&ig_cache_key=MjgyNjYzMzc1NjE5Njk0MjcxOA%3D%3D.2-ccb7-4&oh=00_AT_Qh73C-MOsVhQgLKIGBxu00pA7sqjesIJUbgCVGP8I3w&oe=627D8323&_nc_sid=1527a3', 'scans_profile': 'e35', 'estimated_scans_sizes': [4429, 8859, 13289, 17719, 22149, 26666, 769546, 39869, 39869]}, 'standard_resolution': {'width': 1365, 'height': 1705, 'url': 'https://instagram.fotp3-1.fna.fbcdn.net/v/t51.2885-15/279283038_368456501968599_1724193810808436073_n.jpg?se=7&stp=dst-jpg_e35&_nc_ht=instagram.fotp3-1.fna.fbcdn.net&_nc_cat=1&_nc_ohc=eG4VXu-65cgAX_TA0m_&edm=ACWDqb8BAAAA&ccb=7-4&ig_cache_key=MjgyNjYzMzc1NjE5Njk0MjcxOA%3D%3D.2-ccb7-4&oh=00_AT9Jjfyic466T3TIaHa_NLXO3Bm7mzfnoHicmG3C1fIIeA&oe=627D8323&_nc_sid=1527a3', 'scans_profile': 'e35', 'estimated_scans_sizes': [16711, 33423, 50135, 66847, 83559, 93502, 118986, 135233, 150407]}}","Get your tickets to the freakshow baby, step right up to watch the FREAK GO CRAZYâ€¦.",,
3,1650905361,2824321335459852907_189393625,8,False,False,18165112966212203,6519,415222,https://www.instagram.com/p/CcyAUprpDJr/,"{'low_resolution': {'width': 480, 'height': 600, 'url': 'https://instagram.fotp3-3.fna.fbcdn.net/v/t51.2885-15/279108348_413585050592936_1845373506248625019_n.jpg?stp=dst-jpg_e35_p480x480&_nc_ht=instagram.fotp3-3.fna.fbcdn.net&_nc_cat=108&_nc_ohc=uCwrhG-VDQsAX8ArrNG&edm=ACWDqb8BAAAA&ccb=7-4&ig_cache_key=MjgyNDMyMTMzMjIzMDI4ODMyNw%3D%3D.2-ccb7-4&oh=00_AT83IuhE9icmMBQ5NedtRrzSXeXrARibj0w6KCeZUsP6Uw&oe=627C564F&_nc_sid=1527a3', 'scans_profile': 'e35', 'estimated_scans_sizes': [5751, 11503, 17255, 23007, 28758, 34624, 999192, 51766, 51766]}, 'thumbnail': {'width': 480, 'height': 600, 'url': 'https://instagram.fotp3-3.fna.fbcdn.net/v/t51.2885-15/279108348_413585050592936_1845373506248625019_n.jpg?stp=dst-jpg_e35_p480x480&_nc_ht=instagram.fotp3-3.fna.fbcdn.net&_nc_cat=108&_nc_ohc=uCwrhG-VDQsAX8ArrNG&edm=ACWDqb8BAAAA&ccb=7-4&ig_cache_key=MjgyNDMyMTMzMjIzMDI4ODMyNw%3D%3D.2-ccb7-4&oh=00_AT83IuhE9icmMBQ5NedtRrzSXeXrARibj0w6KCeZUsP6Uw&oe=627C564F&_nc_sid=1527a3', 'scans_profile': 'e35', 'estimated_scans_sizes': [5751, 11503, 17255, 23007, 28758, 34624, 999192, 51766, 51766]}, 'standard_resolution': {'width': 1440, 'height': 1800, 'url': 'https://instagram.fotp3-3.fna.fbcdn.net/v/t51.2885-15/279108348_413585050592936_1845373506248625019_n.jpg?se=7&stp=dst-jpg_e35&_nc_ht=instagram.fotp3-3.fna.fbcdn.net&_nc_cat=108&_nc_ohc=uCwrhG-VDQsAX8ArrNG&edm=ACWDqb8BAAAA&ccb=7-4&ig_cache_key=MjgyNDMyMTMzMjIzMDI4ODMyNw%3D%3D.2-ccb7-4&oh=00_AT9VdrXZdc4zSYMQ3Ry4i4Q10wMNFIwV_h_nkY96lMh0MQ&oe=627C564F&_nc_sid=1527a3', 'scans_profile': 'e35', 'estimated_scans_sizes': [33397, 66794, 100192, 133589, 166986, 186857, 237783, 270252, 300576]}}","I got two wolves inside of me, but I decide which one to feedâ€¦..",,
4,1650563624,2821454637484489029_189393625,8,False,False,17843221946770837,6674,414773,https://www.instagram.com/p/Ccn0gtJJDlF/,"{'low_resolution': {'width': 480, 'height': 600, 'url': 'https://instagram.fotp3-2.fna.fbcdn.net/v/t51.2885-15/278803696_1168331787341549_2140273975227278257_n.jpg?stp=dst-jpg_e35_p480x480&_nc_ht=instagram.fotp3-2.fna.fbcdn.net&_nc_cat=105&_nc_ohc=ZX5-M4PHhcQAX_uvJ-J&edm=ACWDqb8BAAAA&ccb=7-4&ig_cache_key=MjgyMTQ1NDYzMjM2NzQ2MTAwNQ%3D%3D.2-ccb7-4&oh=00_AT9UG3L4_cqZQyk7-7npPu-jqcYQkNsKrBVRGH6ZNGLkkQ&oe=627DF4FF&_nc_sid=1527a3', 'scans_profile': 'e35', 'estimated_scans_sizes': [6151, 12302, 18454, 24605, 30756, 37029, 1068602, 55362, 55362]}, 'thumbnail': {'width': 480, 'height': 600, 'url': 'https://instagram.fotp3-2.fna.fbcdn.net/v/t51.2885-15/278803696_1168331787341549_2140273975227278257_n.jpg?stp=dst-jpg_e35_p480x480&_nc_ht=instagram.fotp3-2.fna.fbcdn.net&_nc_cat=105&_nc_ohc=ZX5-M4PHhcQAX_uvJ-J&edm=ACWDqb8BAAAA&ccb=7-4&ig_cache_key=MjgyMTQ1NDYzMjM2NzQ2MTAwNQ%3D%3D.2-ccb7-4&oh=00_AT9UG3L4_cqZQyk7-7npPu-jqcYQkNsKrBVRGH6ZNGLkkQ&oe=627DF4FF&_nc_sid=1527a3', 'scans_profile': 'e35', 'estimated_scans_sizes': [6151, 12302, 18454, 24605, 30756, 37029, 1068602, 55362, 55362]}, 'standard_resolution': {'width': 1440, 'height': 1800, 'url': 'https://instagram.fotp3-2.fna.fbcdn.net/v/t51.2885-15/278803696_1168331787341549_2140273975227278257_n.jpg?se=7&stp=dst-jpg_e35&_nc_ht=instagram.fotp3-2.fna.fbcdn.net&_nc_cat=105&_nc_ohc=ZX5-M4PHhcQAX_uvJ-J&edm=ACWDqb8BAAAA&ccb=7-4&ig_cache_key=MjgyMTQ1NDYzMjM2NzQ2MTAwNQ%3D%3D.2-ccb7-4&oh=00_AT_xLDY6nZVJRPnh5bj-LKsURFrHmavrlIGC_dUoSBqnkw&oe=627DF4FF&_nc_sid=1527a3', 'scans_profile': 'e35', 'estimated_scans_sizes': [39232, 78465, 117698, 156931, 196163, 219506, 279330, 317472, 353095]}}",Come make this place new to me by christening the city of angelsâ€¦.,,
5,1649715819,2814342731709323217_189393625,8,False,False,17930903219146361,7167,406754,https://www.instagram.com/p/CcOjc2vvJfR/,"{'low_resolution': {'width': 480, 'height': 600, 'url': 'https://instagram.fotp3-3.fna.fbcdn.net/v/t51.2885-15/278224233_1976889909173462_3575533713679276543_n.jpg?stp=dst-jpg_e35_p480x480&_nc_ht=instagram.fotp3-3.fna.fbcdn.net&_nc_cat=102&_nc_ohc=gN2oabUvbF0AX_osXbc&edm=ACWDqb8BAAAA&ccb=7-4&ig_cache_key=MjgxNDM0MjcyODE0NDI4MDE4Mg%3D%3D.2-ccb7-4&oh=00_AT9mXgAdAOjf9H9JSg_RAYMsIGJj0cKl4htINbQE3RuGMA&oe=627C917F&_nc_sid=1527a3', 'scans_profile': 'e35', 'estimated_scans_sizes': [4007, 8015, 12023, 16031, 20038, 24125, 696223, 36070, 36070]}, 'thumbnail': {'width': 480, 'height': 600, 'url': 'https://instagram.fotp3-3.fna.fbcdn.net/v/t51.2885-15/278224233_1976889909173462_3575533713679276543_n.jpg?stp=dst-jpg_e35_p480x480&_nc_ht=instagram.fotp3-3.fna.fbcdn.net&_nc_cat=102&_nc_ohc=gN2oabUvbF0AX_osXbc&edm=ACWDqb8BAAAA&ccb=7-4&ig_cache_key=MjgxNDM0MjcyODE0NDI4MDE4Mg%3D%3D.2-ccb7-4&oh=00_AT9mXgAdAOjf9H9JSg_RAYMsIGJj0cKl4htINbQE3RuGMA&oe=627C917F&_nc_sid=1527a3', 'scans_profile': 'e35', 'estimated_scans_sizes': [4007, 8015, 12023, 16031, 20038, 24125, 696223, 36070, 36070]}, 'standard_resolution': {'width': 1440, 'height': 1800, 'url': 'https://instagram.fotp3-3.fna.fbcdn.net/v/t51.2885-15/278224233_1976889909173462_3575533713679276543_n.jpg?se=7&stp=dst-jpg_e35&_nc_ht=instagram.fotp3-3.fna.fbcdn.net&_nc_cat=102&_nc_ohc=gN2oabUvbF0AX_osXbc&edm=ACWDqb8BAAAA&ccb=7-4&ig_cache_key=MjgxNDM0MjcyODE0NDI4MDE4Mg%3D%3D.2-ccb7-4&oh=00_AT82fZnyRIda4W_CSGSBL2rVMJOPJabvCi5100X1SFNZGw&oe=627C917F&_nc_sid=1527a3', 'scans_profile': 'e35', 'estimated_scans_sizes': [14044, 28088, 42132, 56176, 70220, 78576, 99991, 113644, 126396]}}","AM WHAT I AM AND WHAT I AM IS A PIECE IF MEAT, TAKE A BITE JUST TO WATCH ME BLEED ðŸ©¸",,
6,1649357002,2811332757374753901_189393625,8,False,False,17906318144428242,5825,339229,https://www.instagram.com/p/CcD3D9svdxt/,"{'low_resolution': {'width': 480, 'height': 600, 'url': 'https://instagram.fotp3-1.fna.fbcdn.net/v/t51.2885-15/277945013_1340959293071787_4448662206443566371_n.jpg?stp=dst-jpg_e35_p480x480&_nc_ht=instagram.fotp3-1.fna.fbcdn.net&_nc_cat=103&_nc_ohc=X_CQEnbadQkAX98qZaD&edm=ACWDqb8BAAAA&ccb=7-4&ig_cache_key=MjgxMTMzMjc1MjQzMzkwNDI2Mw%3D%3D.2-ccb7-4&oh=00_AT8c3jv8E-45oJyVtB8Y8wWBuhkHw8r7qvj73HLzuqycyw&oe=627D4387&_nc_sid=1527a3', 'scans_profile': 'e35', 'estimated_scans_sizes': [3837, 7674, 11512, 15349, 19187, 23100, 666638, 34537, 34537]}, 'thumbnail': {'width': 480, 'height': 600, 'url': 'https://instagram.fotp3-1.fna.fbcdn.net/v/t51.2885-15/277945013_1340959293071787_4448662206443566371_n.jpg?stp=dst-jpg_e35_p480x480&_nc_ht=instagram.fotp3-1.fna.fbcdn.net&_nc_cat=103&_nc_ohc=X_CQEnbadQkAX98qZaD&edm=ACWDqb8BAAAA&ccb=7-4&ig_cache_key=MjgxMTMzMjc1MjQzMzkwNDI2Mw%3D%3D.2-ccb7-4&oh=00_AT8c3jv8E-45oJyVtB8Y8wWBuhkHw8r7qvj73HLzuqycyw&oe=627D4387&_nc_sid=1527a3', 'scans_profile': 'e35', 'estimated_scans_sizes': [3837, 7674, 11512, 15349, 19187, 23100, 666638, 34537, 34537]}, 'standard_resolution': {'width': 1440, 'height': 1800, 'url': 'https://instagram.fotp3-1.fna.fbcdn.net/v/t51.2885-15/277945013_1340959293071787_4448662206443566371_n.jpg?se=7&stp=dst-jpg_e35&_nc_ht=instagram.fotp3-1.fna.fbcdn.net&_nc_cat=103&_nc_ohc=X_CQEnbadQkAX98qZaD&edm=ACWDqb8BAAAA&ccb=7-4&ig_cache_key=MjgxMTMzMjc1MjQzMzkwNDI2Mw%3D%3D.2-ccb7-4&oh=00_AT_lXz7ELKYvomIzhWIl54ddZX5p_Y9e6e4vJV07x_1WRA&oe=627D4387&_nc_sid=1527a3', 'scans_profile': 'e35', 'estimated_scans_sizes': [12655, 25310, 37966, 50621, 63276, 70806, 90104, 102407, 113898]}}","You call me they, but Iâ€™m still daddyâ€™s girlâ€¦",,
7,1649192197,2809950275341480199_189393625,8,False,False,17934686806963148,3605,283969,https://www.instagram.com/p/Cb-8uM-PXEH/,"{'low_resolution': {'width': 480, 'height': 320, 'url': 'https://instagram.fotp3-2.fna.fbcdn.net/v/t51.2885-15/277913429_376750797642348_2396644970797539421_n.jpg?stp=dst-jpg_e35_s480x480&_nc_ht=instagram.fotp3-2.fna.fbcdn.net&_nc_cat=100&_nc_ohc=eFNyWUNm0xAAX_kIM1Y&edm=ACWDqb8BAAAA&ccb=7-4&ig_cache_key=MjgwOTk1MDI3MDM0MTk3MTc2Ng%3D%3D.2-ccb7-4&oh=00_AT_lrdJ5WMyVQzXdf_DaXYK5YWLJIEubbNUYFHZ525O-qw&oe=627E1DC9&_nc_sid=1527a3', 'scans_profile': 'e35', 'estimated_scans_sizes': [3211, 6423, 9634, 12846, 16057, 19333, 557918, 28904, 28904]}, 'thumbnail': {'width': 480, 'height': 320, 'url': 'https://instagram.fotp3-2.fna.fbcdn.net/v/t51.2885-15/277913429_376750797642348_2396644970797539421_n.jpg?stp=dst-jpg_e35_s480x480&_nc_ht=instagram.fotp3-2.fna.fbcdn.net&_nc_cat=100&_nc_ohc=eFNyWUNm0xAAX_kIM1Y&edm=ACWDqb8BAAAA&ccb=7-4&ig_cache_key=MjgwOTk1MDI3MDM0MTk3MTc2Ng%3D%3D.2-ccb7-4&oh=00_AT_lrdJ5WMyVQzXdf_DaXYK5YWLJIEubbNUYFHZ525O-qw&oe=627E1DC9&_nc_sid=1527a3', 'scans_profile': 'e35', 'estimated_scans_sizes': [3211, 6423, 9634, 12846, 16057, 19333, 557918, 28904, 28904]}, 'standard_resolution': {'width': 683, 'height': 455, 'url': 'https://instagram.fotp3-2.fna.fbcdn.net/v/t51.2885-15/277913429_376750797642348_2396644970797539421_n.jpg?stp=dst-jpg_e35&_nc_ht=instagram.fotp3-2.fna.fbcdn.net&_nc_cat=100&_nc_ohc=eFNyWUNm0xAAX_kIM1Y&edm=ACWDqb8BAAAA&ccb=7-4&ig_cache_key=MjgwOTk1MDI3MDM0MTk3MTc2Ng%3D%3D.2-ccb7-4&oh=00_AT8xPFp_eHW3CojuXs4Ev4Qg5JDpLiKDTv6Ba_driEowig&oe=627E1DC9&_nc_sid=1527a3', 'scans_profile': 'e35', 'estimated_scans_sizes': [6782, 13564, 20346, 27128, 33910, 37945, 48287, 54880, 61038]}}",I want you to make me scream at the Roxyâ€¦.,,
8,1648940995,2807843035234987268_189393625,8,False,False,18008609980399437,1652,285453,https://www.instagram.com/p/Cb3dl0sPG0E/,"{'low_resolution': {'width': 480, 'height': 600, 'url': 'https://instagram.fotp3-3.fna.fbcdn.net/v/t51.2885-15/277694835_359000182819622_3826308399572239010_n.jpg?stp=dst-jpg_e35_p480x480&_nc_ht=instagram.fotp3-3.fna.fbcdn.net&_nc_cat=102&_nc_ohc=e6gmawLpQgUAX8TVgpL&edm=ACWDqb8BAAAA&ccb=7-4&ig_cache_key=MjgwNzg0MzAyOTgwNzYzOTg0Ng%3D%3D.2-ccb7-4&oh=00_AT-E4UjQe_Pf0RfgDNNLytf3iZK-N3ABmSXvruqtAPIBJg&oe=627CE81F&_nc_sid=1527a3', 'scans_profile': 'e35', 'estimated_scans_sizes': [5446, 10893, 16339, 21786, 27232, 32786, 946164, 49019, 49019]}, 'thumbnail': {'width': 480, 'height': 600, 'url': 'https://instagram.fotp3-3.fna.fbcdn.net/v/t51.2885-15/277694835_359000182819622_3826308399572239010_n.jpg?stp=dst-jpg_e35_p480x480&_nc_ht=instagram.fotp3-3.fna.fbcdn.net&_nc_cat=102&_nc_ohc=e6gmawLpQgUAX8TVgpL&edm=ACWDqb8BAAAA&ccb=7-4&ig_cache_key=MjgwNzg0MzAyOTgwNzYzOTg0Ng%3D%3D.2-ccb7-4&oh=00_AT-E4UjQe_Pf0RfgDNNLytf3iZK-N3ABmSXvruqtAPIBJg&oe=627CE81F&_nc_sid=1527a3', 'scans_profile': 'e35', 'estimated_scans_sizes': [5446, 10893, 16339, 21786, 27232, 32786, 946164, 49019, 49019]}, 'standard_resolution': {'width': 1440, 'height': 1800, 'url': 'https://instagram.fotp3-3.fna.fbcdn.net/v/t51.2885-15/277694835_359000182819622_3826308399572239010_n.jpg?se=7&stp=dst-jpg_e35&_nc_ht=instagram.fotp3-3.fna.fbcdn.net&_nc_cat=102&_nc_ohc=e6gmawLpQgUAX8TVgpL&edm=ACWDqb8BAAAA&ccb=7-4&ig_cache_key=MjgwNzg0MzAyOTgwNzYzOTg0Ng%3D%3D.2-ccb7-4&oh=00_AT8xIjYwWfAx-QjvyLEFYdh188sX7M0h-9z-WbzBabVRpg&oe=627CE81F&_nc_sid=1527a3', 'scans_profile': 'e35', 'estimated_scans_sizes': [29303, 58607, 87911, 117215, 146519, 163954, 208638, 237128, 263735]}}","If you donâ€™t hold hands w your friends while you pee, are you even close?",,
9,1648838121,2806980072068603259_189393625,8,False,False,17930238842153172,6493,476151,https://www.instagram.com/p/Cb0ZYDnP917/,"{'low_resolution': {'width': 480, 'height': 600, 'url': 'https://instagram.fotp3-2.fna.fbcdn.net/v/t51.2885-15/277819965_491836575980069_2691459159441759762_n.jpg?stp=dst-jpg_e35_p480x480&_nc_ht=instagram.fotp3-2.fna.fbcdn.net&_nc_cat=105&_nc_ohc=k-CImodCZcsAX9dAiUm&edm=ACWDqb8BAAAA&ccb=7-4&ig_cache_key=MjgwNjk4MDA2Nzg0OTAwNzEyOQ%3D%3D.2-ccb7-4&oh=00_AT-uwvmKD0MyDIfv9lFp8dglNCyB5TaXoQOJPo3aQr1TLw&oe=627C970E&_nc_sid=1527a3', 'scans_profile': 'e35', 'estimated_scans_sizes': [6015, 12030, 18046, 24061, 30077, 36210, 1044983, 54139, 54139]}, 'thumbnail': {'width': 480, 'height': 600, 'url': 'https://instagram.fotp3-2.fna.fbcdn.net/v/t51.2885-15/277819965_491836575980069_2691459159441759762_n.jpg?stp=dst-jpg_e35_p480x480&_nc_ht=instagram.fotp3-2.fna.fbcdn.net&_nc_cat=105&_nc_ohc=k-CImodCZcsAX9dAiUm&edm=ACWDqb8BAAAA&ccb=7-4&ig_cache_key=MjgwNjk4MDA2Nzg0OTAwNzEyOQ%3D%3D.2-ccb7-4&oh=00_AT-uwvmKD0MyDIfv9lFp8dglNCyB5TaXoQOJPo3aQr1TLw&oe=627C970E&_nc_sid=1527a3', 'scans_profile': 'e35', 'estimated_scans_sizes': [6015, 12030, 18046, 24061, 30077, 36210, 1044983, 54139, 54139]}, 'standard_resolution': {'width': 1440, 'height': 1800, 'url': 'https://instagram.fotp3-2.fna.fbcdn.net/v/t51.2885-15/277819965_491836575980069_2691459159441759762_n.jpg?se=7&stp=dst-jpg_e35&_nc_ht=instagram.fotp3-2.fna.fbcdn.net&_nc_cat=105&_nc_ohc=k-CImodCZcsAX9dAiUm&edm=ACWDqb8BAAAA&ccb=7-4&ig_cache_key=MjgwNjk4MDA2Nzg0OTAwNzEyOQ%3D%3D.2-ccb7-4&oh=00_AT8duqAyjSPxcsF6xv14Uc38W-KY1SqNDwhmoUD5fX9MAw&oe=627C970E&_nc_sid=1527a3', 'scans_profile': 'e35', 'estimated_scans_sizes': [37185, 74371, 111556, 148742, 185927, 208052, 264754, 300906, 334670]}}",Does it matter if the shoes were on the bed if the sheets were already dirty?â€¦ ðŸ‘€,,
10,1648676694,2805625919463055510_189393625,1,False,False,18289714429005872,1693,195297,https://www.instagram.com/p/CbvleiuOWCW/,"{'low_resolution': {'width': 480, 'height': 480, 'url': 'https://instagram.fotp3-1.fna.fbcdn.net/v/t51.2885-15/277472172_2141864455987407_1759674387332268539_n.jpg?stp=dst-jpg_e35_s480x480&_nc_ht=instagram.fotp3-1.fna.fbcdn.net&_nc_cat=103&_nc_ohc=2tZvKckCkQUAX-6PYrM&edm=ACWDqb8BAAAA&ccb=7-4&ig_cache_key=MjgwNTYyNTkxOTQ2MzA1NTUxMA%3D%3D.2-ccb7-4&oh=00_AT9mqJAIOJWgtqNOrHgmXH6r0f-AVJj68WkxHZR0DPoR8g&oe=627CE3B6&_nc_sid=1527a3', 'scans_profile': 'e35', 'estimated_scans_sizes': [4122, 8245, 12368, 16491, 20614, 24818, 716223, 37106, 37106]}, 'thumbnail': {'width': 480, 'height': 480, 'url': 'https://instagram.fotp3-1.fna.fbcdn.net/v/t51.2885-15/277472172_2141864455987407_1759674387332268539_n.jpg?stp=dst-jpg_e35_s480x480&_nc_ht=instagram.fotp3-1.fna.fbcdn.net&_nc_cat=103&_nc_ohc=2tZvKckCkQUAX-6PYrM&edm=ACWDqb8BAAAA&ccb=7-4&ig_cache_key=MjgwNTYyNTkxOTQ2MzA1NTUxMA%3D%3D.2-ccb7-4&oh=00_AT9mqJAIOJWgtqNOrHgmXH6r0f-AVJj68WkxHZR0DPoR8g&oe=627CE3B6&_nc_sid=1527a3', 'scans_profile': 'e35', 'estimated_scans_sizes': [4122, 8245, 12368, 16491, 20614, 24818, 716223, 37106, 37106]}, 'standard_resolution': {'width': 1440, 'height': 1440, 'url': 'https://instagram.fotp3-1.fna.fbcdn.net/v/t51.2885-15/277472172_2141864455987407_1759674387332268539_n.jpg?se=7&stp=dst-jpg_e35&_nc_ht=instagram.fotp3-1.fna.fbcdn.net&_nc_cat=103&_nc_ohc=2tZvKckCkQUAX-6PYrM&edm=ACWDqb8BAAAA&ccb=7-4&ig_cache_key=MjgwNTYyNTkxOTQ2MzA1NTUxMA%3D%3D.2-ccb7-4&oh=00_AT9tlU8pRVll4ZlEtSaWHtt6jGIerpcGIoKweftUdzbHXA&oe=627CE3B6&_nc_sid=1527a3', 'scans_profile': 'e35', 'estimated_scans_sizes': [19408, 38816, 58225, 77633, 97041, 108589, 138184, 157052, 174675]}}","Choose Love - always. Iâ€™m inspired by the work @chooselove and their partners are doing to support refugees around the world, including those fleeing Ukraine. 

Take action with @chooselove and enter for a chance to win time with me in the studio to hear new music. Head to my link in bio to enter. 

Thank you, @gusak_tattoo it was such an honor learning about your home country.",1440.0,1440.0
11,1648496185,2804111705791916207_189393625,8,False,False,17953164484697130,4377,360014,https://www.instagram.com/p/CbqNL1WPeiv/,"{'low_resolution': {'width': 480, 'height': 600, 'url': 'https://instagram.fotp3-1.fna.fbcdn.net/v/t51.2885-15/277470747_1167127587159646_6518955991770060342_n.jpg?stp=dst-jpg_e35_p480x480&_nc_ht=instagram.fotp3-1.fna.fbcdn.net&_nc_cat=110&_nc_ohc=FjqcsnYQilIAX_YZSQm&edm=ACWDqb8BAAAA&ccb=7-4&ig_cache_key=MjgwNDExMTcwMDQ2NTI0MDQ0OA%3D%3D.2-ccb7-4&oh=00_AT8QElYQ8eYkGtqzQlidB15ocumALHiA8qIQ4JT4FjGwWg&oe=627D66B7&_nc_sid=1527a3', 'scans_profile': 'e35', 'estimated_scans_sizes': [5962, 11924, 17886, 23848, 29810, 35889, 1035712, 53658, 53658]}, 'thumbnail': {'width': 480, 'height': 600, 'url': 'https://instagram.fotp3-1.fna.fbcdn.net/v/t51.2885-15/277470747_1167127587159646_6518955991770060342_n.jpg?stp=dst-jpg_e35_p480x480&_nc_ht=instagram.fotp3-1.fna.fbcdn.net&_nc_cat=110&_nc_ohc=FjqcsnYQilIAX_YZSQm&edm=ACWDqb8BAAAA&ccb=7-4&ig_cache_key=MjgwNDExMTcwMDQ2NTI0MDQ0OA%3D%3D.2-ccb7-4&oh=00_AT8QElYQ8eYkGtqzQlidB15ocumALHiA8qIQ4JT4FjGwWg&oe=627D66B7&_nc_sid=1527a3', 'scans_profile': 'e35', 'estimated_scans_sizes': [5962, 11924, 17886, 23848, 29810, 35889, 1035712, 53658, 53658]}, 'standard_resolution': {'width': 1440, 'height': 1800, 'url': 'https://instagram.fotp3-1.fna.fbcdn.net/v/t51.2885-15/277470747_1167127587159646_6518955991770060342_n.jpg?se=7&stp=dst-jpg_e35&_nc_ht=instagram.fotp3-1.fna.fbcdn.net&_nc_cat=110&_nc_ohc=FjqcsnYQilIAX_YZSQm&edm=ACWDqb8BAAAA&ccb=7-4&ig_cache_key=MjgwNDExMTcwMDQ2NTI0MDQ0OA%3D%3D.2-ccb7-4&oh=00_AT8CyN-dBBgsQy7MHjYSJfczUM6csMbl7gt1Xll3R79ZxQ&oe=627D66B7&_nc_sid=1527a3', 'scans_profile': 'e35', 'estimated_scans_sizes': [36399, 72798, 109198, 145597, 181997, 203653, 259157, 294544, 327595]}}",The highest high canâ€™t hold a candle to getting wasted on youâ€¦,,
12,1648427363,2803534384364757415_189393625,8,False,False,17930736836137840,4030,350293,https://www.instagram.com/p/CboJ6s3p6Gn/,"{'low_resolution': {'width': 480, 'height': 600, 'url': 'https://instagram.fotp3-2.fna.fbcdn.net/v/t51.2885-15/277593656_1699175140434017_3676085085046913891_n.jpg?stp=dst-jpg_e35_p480x480&_nc_ht=instagram.fotp3-2.fna.fbcdn.net&_nc_cat=105&_nc_ohc=tawbEs6UvhoAX8s3r8H&edm=ACWDqb8BAAAA&ccb=7-4&ig_cache_key=MjgwMzUzNDM4MDUyMjU4MDY0MQ%3D%3D.2-ccb7-4&oh=00_AT8jT5UZm8Sh3AOTD1I_0-sZFRYUq7D5wrmmAHbBMSsFcA&oe=627D4ADF&_nc_sid=1527a3', 'scans_profile': 'e35', 'estimated_scans_sizes': [3569, 7138, 10707, 14276, 17846, 21485, 620045, 32123, 32123]}, 'thumbnail': {'width': 480, 'height': 600, 'url': 'https://instagram.fotp3-2.fna.fbcdn.net/v/t51.2885-15/277593656_1699175140434017_3676085085046913891_n.jpg?stp=dst-jpg_e35_p480x480&_nc_ht=instagram.fotp3-2.fna.fbcdn.net&_nc_cat=105&_nc_ohc=tawbEs6UvhoAX8s3r8H&edm=ACWDqb8BAAAA&ccb=7-4&ig_cache_key=MjgwMzUzNDM4MDUyMjU4MDY0MQ%3D%3D.2-ccb7-4&oh=00_AT8jT5UZm8Sh3AOTD1I_0-sZFRYUq7D5wrmmAHbBMSsFcA&oe=627D4ADF&_nc_sid=1527a3', 'scans_profile': 'e35', 'estimated_scans_sizes': [3569, 7138, 10707, 14276, 17846, 21485, 620045, 32123, 32123]}, 'standard_resolution': {'width': 1440, 'height': 1799, 'url': 'https://instagram.fotp3-2.fna.fbcdn.net/v/t51.2885-15/277593656_1699175140434017_3676085085046913891_n.jpg?se=7&stp=dst-jpg_e35&_nc_ht=instagram.fotp3-2.fna.fbcdn.net&_nc_cat=105&_nc_ohc=tawbEs6UvhoAX8s3r8H&edm=ACWDqb8BAAAA&ccb=7-4&ig_cache_key=MjgwMzUzNDM4MDUyMjU4MDY0MQ%3D%3D.2-ccb7-4&oh=00_AT-pdbqXBublOWQDpxLgOBi4cRBU1G2PX5q04ilOjqFsYg&oe=627D4ADF&_nc_sid=1527a3', 'scans_profile': 'e35', 'estimated_scans_sizes': [10633, 21266, 31900, 42533, 53167, 59494, 75708, 86046, 95701]}}","Gimme the real shit, gimme the magicâ€¦.",,
13,1648373718,2803084374871784916_189393625,8,False,False,18279337984064003,2624,340838,https://www.instagram.com/p/CbmjmM3rj3U/,"{'low_resolution': {'width': 480, 'height': 600, 'url': 'https://instagram.fotp3-1.fna.fbcdn.net/v/t51.2885-15/277291959_285547887066351_8849955913347342171_n.jpg?stp=dst-jpg_e35_p480x480&_nc_ht=instagram.fotp3-1.fna.fbcdn.net&_nc_cat=103&_nc_ohc=pxJOTgONNS8AX_vzbHo&edm=ACWDqb8BAAAA&ccb=7-4&ig_cache_key=MjgwMzA4NDM2OTkzOTE1MzQ5MQ%3D%3D.2-ccb7-4&oh=00_AT_vQ7Hnr1WYUSZ_dBhS6Z2U7s4sm6IM4cjc0L6QwHGGLA&oe=627DFF06&_nc_sid=1527a3', 'scans_profile': 'e35', 'estimated_scans_sizes': [5222, 10444, 15666, 20888, 26110, 31435, 907170, 46999, 46999]}, 'thumbnail': {'width': 480, 'height': 600, 'url': 'https://instagram.fotp3-1.fna.fbcdn.net/v/t51.2885-15/277291959_285547887066351_8849955913347342171_n.jpg?stp=dst-jpg_e35_p480x480&_nc_ht=instagram.fotp3-1.fna.fbcdn.net&_nc_cat=103&_nc_ohc=pxJOTgONNS8AX_vzbHo&edm=ACWDqb8BAAAA&ccb=7-4&ig_cache_key=MjgwMzA4NDM2OTkzOTE1MzQ5MQ%3D%3D.2-ccb7-4&oh=00_AT_vQ7Hnr1WYUSZ_dBhS6Z2U7s4sm6IM4cjc0L6QwHGGLA&oe=627DFF06&_nc_sid=1527a3', 'scans_profile': 'e35', 'estimated_scans_sizes': [5222, 10444, 15666, 20888, 26110, 31435, 907170, 46999, 46999]}, 'standard_resolution': {'width': 1440, 'height': 1800, 'url': 'https://instagram.fotp3-1.fna.fbcdn.net/v/t51.2885-15/277291959_285547887066351_8849955913347342171_n.jpg?se=7&stp=dst-jpg_e35&_nc_ht=instagram.fotp3-1.fna.fbcdn.net&_nc_cat=103&_nc_ohc=pxJOTgONNS8AX_vzbHo&edm=ACWDqb8BAAAA&ccb=7-4&ig_cache_key=MjgwMzA4NDM2OTkzOTE1MzQ5MQ%3D%3D.2-ccb7-4&oh=00_AT-nE5_UcV8WADxP46QxxQK9xEU_vzLpB0epDCq44zkoVw&oe=627DFF06&_nc_sid=1527a3', 'scans_profile': 'e35', 'estimated_scans_sizes': [26491, 52982, 79473, 105964, 132455, 148216, 188611, 214366, 238419]}}",What a dump Â¯\_(ãƒ„)_/Â¯,,
14,1648151500,2801220275532531637_189393625,8,False,False,17925200222225965,6945,413733,https://www.instagram.com/p/Cbf7v_EvQe1/,"{'low_resolution': {'width': 480, 'height': 360, 'url': 'https://instagram.fotp3-2.fna.fbcdn.net/v/t51.2885-15/276983621_555260319030905_8108165047768128530_n.jpg?stp=dst-jpg_e35_s480x480&_nc_ht=instagram.fotp3-2.fna.fbcdn.net&_nc_cat=105&_nc_ohc=sdun8jYliBQAX-ij22-&edm=ACWDqb8BAAAA&ccb=7-4&ig_cache_key=MjgwMTIyMDI3MDE1NTUwMTA2Nw%3D%3D.2-ccb7-4&oh=00_AT_5SLj7y6AfLQtb4MIgr4GS3jsitLgXepJWENWSHavDWQ&oe=627C936B&_nc_sid=1527a3', 'scans_profile': 'e35', 'estimated_scans_sizes': [2982, 5964, 8946, 11928, 14911, 17952, 518076, 26840, 26840]}, 'thumbnail': {'width': 480, 'height': 360, 'url': 'https://instagram.fotp3-2.fna.fbcdn.net/v/t51.2885-15/276983621_555260319030905_8108165047768128530_n.jpg?stp=dst-jpg_e35_s480x480&_nc_ht=instagram.fotp3-2.fna.fbcdn.net&_nc_cat=105&_nc_ohc=sdun8jYliBQAX-ij22-&edm=ACWDqb8BAAAA&ccb=7-4&ig_cache_key=MjgwMTIyMDI3MDE1NTUwMTA2Nw%3D%3D.2-ccb7-4&oh=00_AT_5SLj7y6AfLQtb4MIgr4GS3jsitLgXepJWENWSHavDWQ&oe=627C936B&_nc_sid=1527a3', 'scans_profile': 'e35', 'estimated_scans_sizes': [2982, 5964, 8946, 11928, 14911, 17952, 518076, 26840, 26840]}, 'standard_resolution': {'width': 1440, 'height': 1080, 'url': 'https://instagram.fotp3-2.fna.fbcdn.net/v/t51.2885-15/276983621_555260319030905_8108165047768128530_n.jpg?se=7&stp=dst-jpg_e35&_nc_ht=instagram.fotp3-2.fna.fbcdn.net&_nc_cat=105&_nc_ohc=sdun8jYliBQAX-ij22-&edm=ACWDqb8BAAAA&ccb=7-4&ig_cache_key=MjgwMTIyMDI3MDE1NTUwMTA2Nw%3D%3D.2-ccb7-4&oh=00_AT_19p4T9udHfJNP41m8Q_r1_g14XN_OkaQLzvQcazXiqg&oe=627C936B&_nc_sid=1527a3', 'scans_profile': 'e35', 'estimated_scans_sizes': [12411, 24823, 37235, 49646, 62058, 69443, 88369, 100435, 111705]}}","We dance in darkness, your hands send shivers down my spineâ€¦",,
15,1647974597,2799736300402360743_189393625,1,False,False,18022933162364236,13085,790793,https://www.instagram.com/p/CbaqVTiP8Gn/,"{'low_resolution': {'width': 480, 'height': 600, 'url': 'https://instagram.fotp3-2.fna.fbcdn.net/v/t51.2885-15/277114535_1206499086548352_193183525332102740_n.jpg?stp=dst-jpg_e35_p480x480&_nc_ht=instagram.fotp3-2.fna.fbcdn.net&_nc_cat=100&_nc_ohc=XzSO1oPkup8AX_VPNrW&edm=ACWDqb8BAAAA&ccb=7-4&ig_cache_key=Mjc5OTczNjMwMDQwMjM2MDc0Mw%3D%3D.2-ccb7-4&oh=00_AT-ru0e3MdHKPs8c10iK6OHYrDAw-HoofLWKuE3c1GY3fw&oe=627D2E94&_nc_sid=1527a3', 'scans_profile': 'e35', 'estimated_scans_sizes': [4459, 8918, 13377, 17836, 22295, 26841, 774606, 40131, 40131]}, 'thumbnail': {'width': 480, 'height': 600, 'url': 'https://instagram.fotp3-2.fna.fbcdn.net/v/t51.2885-15/277114535_1206499086548352_193183525332102740_n.jpg?stp=dst-jpg_e35_p480x480&_nc_ht=instagram.fotp3-2.fna.fbcdn.net&_nc_cat=100&_nc_ohc=XzSO1oPkup8AX_VPNrW&edm=ACWDqb8BAAAA&ccb=7-4&ig_cache_key=Mjc5OTczNjMwMDQwMjM2MDc0Mw%3D%3D.2-ccb7-4&oh=00_AT-ru0e3MdHKPs8c10iK6OHYrDAw-HoofLWKuE3c1GY3fw&oe=627D2E94&_nc_sid=1527a3', 'scans_profile': 'e35', 'estimated_scans_sizes': [4459, 8918, 13377, 17836, 22295, 26841, 774606, 40131, 40131]}, 'standard_resolution': {'width': 1440, 'height': 1800, 'url': 'https://instagram.fotp3-2.fna.fbcdn.net/v/t51.2885-15/277114535_1206499086548352_193183525332102740_n.jpg?se=7&stp=dst-jpg_e35&_nc_ht=instagram.fotp3-2.fna.fbcdn.net&_nc_cat=100&_nc_ohc=XzSO1oPkup8AX_VPNrW&edm=ACWDqb8BAAAA&ccb=7-4&ig_cache_key=Mjc5OTczNjMwMDQwMjM2MDc0Mw%3D%3D.2-ccb7-4&oh=00_AT8ppaPvsL64R-p2DQ7haAmi5He2b25fp54UyqaCyvQUOQ&oe=627D2E94&_nc_sid=1527a3', 'scans_profile': 'e35', 'estimated_scans_sizes': [18138, 36276, 54414, 72552, 90690, 101481, 129139, 146773, 163242]}}",He said itâ€™s too early to be this turned onâ€¦.,1440.0,1800.0
16,1647807027,2798330626753497445_189393625,8,False,False,18152092612219331,10965,834137,https://www.instagram.com/p/CbVquD7vQll/,"{'low_resolution': {'width': 480, 'height': 600, 'url': 'https://instagram.fotp3-1.fna.fbcdn.net/v/t51.2885-15/276957719_2839151599711539_1260743794861694030_n.jpg?stp=dst-jpg_e35_p480x480&_nc_ht=instagram.fotp3-1.fna.fbcdn.net&_nc_cat=103&_nc_ohc=EKxY4INkvGMAX827OYW&edm=ACWDqb8BAAAA&ccb=7-4&ig_cache_key=Mjc5ODMzMDYyMTk3MTkzNTUxMQ%3D%3D.2-ccb7-4&oh=00_AT9kVmNuJ8S81fTVVOTUrhSxum1Ett4TSFimP7D74_Ujiw&oe=627C84FD&_nc_sid=1527a3', 'scans_profile': 'e35', 'estimated_scans_sizes': [5119, 10239, 15359, 20478, 25598, 30818, 889371, 46077, 46077]}, 'thumbnail': {'width': 480, 'height': 600, 'url': 'https://instagram.fotp3-1.fna.fbcdn.net/v/t51.2885-15/276957719_2839151599711539_1260743794861694030_n.jpg?stp=dst-jpg_e35_p480x480&_nc_ht=instagram.fotp3-1.fna.fbcdn.net&_nc_cat=103&_nc_ohc=EKxY4INkvGMAX827OYW&edm=ACWDqb8BAAAA&ccb=7-4&ig_cache_key=Mjc5ODMzMDYyMTk3MTkzNTUxMQ%3D%3D.2-ccb7-4&oh=00_AT9kVmNuJ8S81fTVVOTUrhSxum1Ett4TSFimP7D74_Ujiw&oe=627C84FD&_nc_sid=1527a3', 'scans_profile': 'e35', 'estimated_scans_sizes': [5119, 10239, 15359, 20478, 25598, 30818, 889371, 46077, 46077]}, 'standard_resolution': {'width': 1440, 'height': 1800, 'url': 'https://instagram.fotp3-1.fna.fbcdn.net/v/t51.2885-15/276957719_2839151599711539_1260743794861694030_n.jpg?se=7&stp=dst-jpg_e35&_nc_ht=instagram.fotp3-1.fna.fbcdn.net&_nc_cat=103&_nc_ohc=EKxY4INkvGMAX827OYW&edm=ACWDqb8BAAAA&ccb=7-4&ig_cache_key=Mjc5ODMzMDYyMTk3MTkzNTUxMQ%3D%3D.2-ccb7-4&oh=00_AT8LTG7A5uGA-lc8PrSrHIqgsJyCDhPsWVNCvn9xk0pjVg&oe=627C84FD&_nc_sid=1527a3', 'scans_profile': 'e35', 'estimated_scans_sizes': [25261, 50523, 75785, 101047, 126308, 141338, 179859, 204418, 227356]}}",Lemme jump your bonesâ€¦.,,
17,1647716917,2797574730779878944_189393625,8,False,False,17927398649057020,11704,676935,https://www.instagram.com/p/CbS-2U8vmYg/,"{'low_resolution': {'width': 480, 'height': 600, 'url': 'https://instagram.fotp3-1.fna.fbcdn.net/v/t51.2885-15/275945471_1927088420818558_4604516424927044843_n.jpg?stp=dst-jpg_e35_p480x480&_nc_ht=instagram.fotp3-1.fna.fbcdn.net&_nc_cat=110&_nc_ohc=bm6ZwXxxV_oAX98Z24d&edm=ACWDqb8BAAAA&ccb=7-4&ig_cache_key=Mjc5NzU3NDcyNjE0OTQ0MjIxNg%3D%3D.2-ccb7-4&oh=00_AT8sJ4b0wvPp5bGAIlCPdu1vq6X_TcErbQoSQopuxM4NoA&oe=627DD4B4&_nc_sid=1527a3', 'scans_profile': 'e35', 'estimated_scans_sizes': [4793, 9586, 14379, 19172, 23965, 28853, 832651, 43138, 43138]}, 'thumbnail': {'width': 480, 'height': 600, 'url': 'https://instagram.fotp3-1.fna.fbcdn.net/v/t51.2885-15/275945471_1927088420818558_4604516424927044843_n.jpg?stp=dst-jpg_e35_p480x480&_nc_ht=instagram.fotp3-1.fna.fbcdn.net&_nc_cat=110&_nc_ohc=bm6ZwXxxV_oAX98Z24d&edm=ACWDqb8BAAAA&ccb=7-4&ig_cache_key=Mjc5NzU3NDcyNjE0OTQ0MjIxNg%3D%3D.2-ccb7-4&oh=00_AT8sJ4b0wvPp5bGAIlCPdu1vq6X_TcErbQoSQopuxM4NoA&oe=627DD4B4&_nc_sid=1527a3', 'scans_profile': 'e35', 'estimated_scans_sizes': [4793, 9586, 14379, 19172, 23965, 28853, 832651, 43138, 43138]}, 'standard_resolution': {'width': 1440, 'height': 1800, 'url': 'https://instagram.fotp3-1.fna.fbcdn.net/v/t51.2885-15/275945471_1927088420818558_4604516424927044843_n.jpg?se=7&stp=dst-jpg_e35&_nc_ht=instagram.fotp3-1.fna.fbcdn.net&_nc_cat=110&_nc_ohc=bm6ZwXxxV_oAX98Z24d&edm=ACWDqb8BAAAA&ccb=7-4&ig_cache_key=Mjc5NzU3NDcyNjE0OTQ0MjIxNg%3D%3D.2-ccb7-4&oh=00_AT-I64UB7CGrDWPIYMnFrEvH4cmnQ5_hCc3wK9CCxrYD8g&oe=627DD4B4&_nc_sid=1527a3', 'scans_profile': 'e35', 'estimated_scans_sizes': [21569, 43138, 64708, 86277, 107846, 120680, 153570, 174540, 194124]}}",Heard yâ€™all are still cool for the summerâ€¦,,
18,1645558271,2779466689123664347_189393625,8,False,False,17951777887670113,4306,322973,https://www.instagram.com/p/CaSpjo-P0Hb/,"{'low_resolution': {'width': 480, 'height': 478, 'url': 'https://instagram.fotp3-2.fna.fbcdn.net/v/t51.2885-15/274486817_266673922278612_6896538589491116453_n.jpg?stp=dst-jpg_e35_s480x480&_nc_ht=instagram.fotp3-2.fna.fbcdn.net&_nc_cat=100&_nc_ohc=7hAyGLghy5AAX-ouGtF&edm=ACWDqb8BAAAA&ccb=7-4&ig_cache_key=Mjc3OTQ2NjY4NDE3NDIyNDk5NA%3D%3D.2-ccb7-4&oh=00_AT8qf6nh3ywDSTBzbFWh1u3UapXGsYnWmYShr8jQNniuAQ&oe=627DB4F6&_nc_sid=1527a3', 'scans_profile': 'e35', 'estimated_scans_sizes': [4072, 8144, 12216, 16288, 20360, 24512, 707396, 36649, 36649]}, 'thumbnail': {'width': 480, 'height': 478, 'url': 'https://instagram.fotp3-2.fna.fbcdn.net/v/t51.2885-15/274486817_266673922278612_6896538589491116453_n.jpg?stp=dst-jpg_e35_s480x480&_nc_ht=instagram.fotp3-2.fna.fbcdn.net&_nc_cat=100&_nc_ohc=7hAyGLghy5AAX-ouGtF&edm=ACWDqb8BAAAA&ccb=7-4&ig_cache_key=Mjc3OTQ2NjY4NDE3NDIyNDk5NA%3D%3D.2-ccb7-4&oh=00_AT8qf6nh3ywDSTBzbFWh1u3UapXGsYnWmYShr8jQNniuAQ&oe=627DB4F6&_nc_sid=1527a3', 'scans_profile': 'e35', 'estimated_scans_sizes': [4072, 8144, 12216, 16288, 20360, 24512, 707396, 36649, 36649]}, 'standard_resolution': {'width': 1440, 'height': 1435, 'url': 'https://instagram.fotp3-2.fna.fbcdn.net/v/t51.2885-15/274486817_266673922278612_6896538589491116453_n.jpg?se=7&stp=dst-jpg_e35&_nc_ht=instagram.fotp3-2.fna.fbcdn.net&_nc_cat=100&_nc_ohc=7hAyGLghy5AAX-ouGtF&edm=ACWDqb8BAAAA&ccb=7-4&ig_cache_key=Mjc3OTQ2NjY4NDE3NDIyNDk5NA%3D%3D.2-ccb7-4&oh=00_AT_dXm28L0ITA7nrVx4X38gHdMh1HTOgWi_PCmeIQVGXxQ&oe=627DB4F6&_nc_sid=1527a3', 'scans_profile': 'e35', 'estimated_scans_sizes': [18938, 37876, 56814, 75752, 94690, 105958, 134836, 153248, 170443]}}",CHOKE ON IT,,
19,1644872095,2773710629116944050_189393625,8,False,False,17981010082488425,5750,432721,https://www.instagram.com/p/CZ-Mx8WPZ6y/,"{'low_resolution': {'width': 480, 'height': 480, 'url': 'https://instagram.fotp3-2.fna.fbcdn.net/v/t51.2885-15/273979577_4773877639314996_858447305111803886_n.jpg?stp=dst-jpg_e35_s480x480&_nc_ht=instagram.fotp3-2.fna.fbcdn.net&_nc_cat=100&_nc_ohc=7JPyZ8WG-2UAX_mOEYL&edm=ACWDqb8BAAAA&ccb=7-4&ig_cache_key=Mjc3MzcxMDYyNTI3NDk2MDg2MA%3D%3D.2-ccb7-4&oh=00_AT-RR77PkeVYSBbOXD8dkLnmjiBltQ7sJ5jcsVdr26gu3A&oe=627DB94A&_nc_sid=1527a3', 'scans_profile': 'e35', 'estimated_scans_sizes': [4894, 9788, 14683, 19577, 24471, 29462, 850236, 44049, 44049]}, 'thumbnail': {'width': 480, 'height': 480, 'url': 'https://instagram.fotp3-2.fna.fbcdn.net/v/t51.2885-15/273979577_4773877639314996_858447305111803886_n.jpg?stp=dst-jpg_e35_s480x480&_nc_ht=instagram.fotp3-2.fna.fbcdn.net&_nc_cat=100&_nc_ohc=7JPyZ8WG-2UAX_mOEYL&edm=ACWDqb8BAAAA&ccb=7-4&ig_cache_key=Mjc3MzcxMDYyNTI3NDk2MDg2MA%3D%3D.2-ccb7-4&oh=00_AT-RR77PkeVYSBbOXD8dkLnmjiBltQ7sJ5jcsVdr26gu3A&oe=627DB94A&_nc_sid=1527a3', 'scans_profile': 'e35', 'estimated_scans_sizes': [4894, 9788, 14683, 19577, 24471, 29462, 850236, 44049, 44049]}, 'standard_resolution': {'width': 1440, 'height': 1440, 'url': 'https://instagram.fotp3-2.fna.fbcdn.net/v/t51.2885-15/273979577_4773877639314996_858447305111803886_n.jpg?se=7&stp=dst-jpg_e35&_nc_ht=instagram.fotp3-2.fna.fbcdn.net&_nc_cat=100&_nc_ohc=7JPyZ8WG-2UAX_mOEYL&edm=ACWDqb8BAAAA&ccb=7-4&ig_cache_key=Mjc3MzcxMDYyNTI3NDk2MDg2MA%3D%3D.2-ccb7-4&oh=00_AT-qfAYUaYDjGlOTgJ51oR5Zps_qxd6SCq2A2LQC-ut6VQ&oe=627DB94A&_nc_sid=1527a3', 'scans_profile': 'e35', 'estimated_scans_sizes': [29282, 58564, 87847, 117129, 146411, 163833, 208484, 236953, 263541]}}",Super Bowl Sunday was ðŸ”¥ happy v day bbs,,
20,1644696524,2772237834658876276_189393625,8,False,False,17940977416922069,6295,377274,https://www.instagram.com/p/CZ4959nvYt0/,"{'low_resolution': {'width': 480, 'height': 600, 'url': 'https://instagram.fotp3-2.fna.fbcdn.net/v/t51.2885-15/273758182_466458948307632_6115468954285768427_n.jpg?stp=dst-jpg_e35_p480x480&_nc_ht=instagram.fotp3-2.fna.fbcdn.net&_nc_cat=100&_nc_ohc=c1c_xwg_j30AX9kTJ52&edm=ACWDqb8BAAAA&ccb=7-4&ig_cache_key=Mjc3MjIzNzgzMDYwNzE0MzU1MQ%3D%3D.2-ccb7-4&oh=00_AT_h9Mz4ER_Snv-6FoJneNX5iGZn0NGzuVuqZooryBB0VA&oe=627E1F43&_nc_sid=1527a3', 'scans_profile': 'e35', 'estimated_scans_sizes': [4666, 9332, 13998, 18664, 23331, 28088, 810601, 41996, 41996]}, 'thumbnail': {'width': 480, 'height': 600, 'url': 'https://instagram.fotp3-2.fna.fbcdn.net/v/t51.2885-15/273758182_466458948307632_6115468954285768427_n.jpg?stp=dst-jpg_e35_p480x480&_nc_ht=instagram.fotp3-2.fna.fbcdn.net&_nc_cat=100&_nc_ohc=c1c_xwg_j30AX9kTJ52&edm=ACWDqb8BAAAA&ccb=7-4&ig_cache_key=Mjc3MjIzNzgzMDYwNzE0MzU1MQ%3D%3D.2-ccb7-4&oh=00_AT_h9Mz4ER_Snv-6FoJneNX5iGZn0NGzuVuqZooryBB0VA&oe=627E1F43&_nc_sid=1527a3', 'scans_profile': 'e35', 'estimated_scans_sizes': [4666, 9332, 13998, 18664, 23331, 28088, 810601, 41996, 41996]}, 'standard_resolution': {'width': 1440, 'height': 1800, 'url': 'https://instagram.fotp3-2.fna.fbcdn.net/v/t51.2885-15/273758182_466458948307632_6115468954285768427_n.jpg?se=7&stp=dst-jpg_e35&_nc_ht=instagram.fotp3-2.fna.fbcdn.net&_nc_cat=100&_nc_ohc=c1c_xwg_j30AX9kTJ52&edm=ACWDqb8BAAAA&ccb=7-4&ig_cache_key=Mjc3MjIzNzgzMDYwNzE0MzU1MQ%3D%3D.2-ccb7-4&oh=00_AT-mSR-1YWwQjIgDGZz5OrOnLffP4Ind_3N32I7x0w3HaA&oe=627E1F43&_nc_sid=1527a3', 'scans_profile': 'e35', 'estimated_scans_sizes': [20225, 40450, 60675, 80900, 101125, 113158, 143999, 163661, 182026]}}",Swipe to see the whole fit ðŸ”¥ðŸ”¥,,
21,1643842756,2765075913719636236_189393625,8,False,False,17944821016747676,6854,460301,https://www.instagram.com/p/CZfheS-P2EM/,"{'low_resolution': {'width': 480, 'height': 600, 'url': 'https://instagram.fotp3-1.fna.fbcdn.net/v/t51.2885-15/273024336_665756128105875_3110053827616905403_n.jpg?stp=dst-jpg_e35_p480x480&_nc_ht=instagram.fotp3-1.fna.fbcdn.net&_nc_cat=103&_nc_ohc=rafuqeb4ZS4AX_khN0w&edm=ACWDqb8BAAAA&ccb=7-4&ig_cache_key=Mjc2NTA3NTkwODQ3NjUzNjg1OQ%3D%3D.2-ccb7-4&oh=00_AT8hAlfSEitF2GOiv3UAdy7UqlsIyilB5Ec_5U5BWPD1Ig&oe=627D2F97&_nc_sid=1527a3', 'scans_profile': 'e35', 'estimated_scans_sizes': [4963, 9927, 14890, 19854, 24817, 29879, 862265, 44672, 44672]}, 'thumbnail': {'width': 480, 'height': 600, 'url': 'https://instagram.fotp3-1.fna.fbcdn.net/v/t51.2885-15/273024336_665756128105875_3110053827616905403_n.jpg?stp=dst-jpg_e35_p480x480&_nc_ht=instagram.fotp3-1.fna.fbcdn.net&_nc_cat=103&_nc_ohc=rafuqeb4ZS4AX_khN0w&edm=ACWDqb8BAAAA&ccb=7-4&ig_cache_key=Mjc2NTA3NTkwODQ3NjUzNjg1OQ%3D%3D.2-ccb7-4&oh=00_AT8hAlfSEitF2GOiv3UAdy7UqlsIyilB5Ec_5U5BWPD1Ig&oe=627D2F97&_nc_sid=1527a3', 'scans_profile': 'e35', 'estimated_scans_sizes': [4963, 9927, 14890, 19854, 24817, 29879, 862265, 44672, 44672]}, 'standard_resolution': {'width': 1440, 'height': 1800, 'url': 'https://instagram.fotp3-1.fna.fbcdn.net/v/t51.2885-15/273024336_665756128105875_3110053827616905403_n.jpg?se=7&stp=dst-jpg_e35&_nc_ht=instagram.fotp3-1.fna.fbcdn.net&_nc_cat=103&_nc_ohc=rafuqeb4ZS4AX_khN0w&edm=ACWDqb8BAAAA&ccb=7-4&ig_cache_key=Mjc2NTA3NTkwODQ3NjUzNjg1OQ%3D%3D.2-ccb7-4&oh=00_AT9kuX0_bC3IfIaTdI1eY-UixKGSQzkRoINCURbHEAcyPA&oe=627D2F97&_nc_sid=1527a3', 'scans_profile': 'e35', 'estimated_scans_sizes': [23454, 46909, 70364, 93819, 117273, 131229, 166994, 189796, 211093]}}","Iâ€™m giving away THOUSANDS of free vibrators & gift cards to *everyone* who signs up to my Valentineâ€™s Day giveaway with @bellesaco! 30 lucky winners will receive an autographed Demi Wand
Â 
To enter, all you have to do is:
oÂ Â Â Â Click the link in my Instagram bio or head toÂ demivibe.comÂ 
oÂ Â Â Â Type your email in
oÂ Â Â Â Check your inbox to see what you received!
Â 
100% discreet shipping & billing.Â Tag someone who deserves some good vibes this Valentineâ€™s Day",,
22,1643051304,2758436727461535419_189393625,1,False,False,17897266958422047,13029,1097724,https://www.instagram.com/p/CZH75a7vF67/,"{'low_resolution': {'width': 480, 'height': 559, 'url': 'https://instagram.fotp3-1.fna.fbcdn.net/v/t51.2885-15/272707628_5411902885493646_6892645567307513391_n.jpg?stp=dst-jpg_e35_p480x480&_nc_ht=instagram.fotp3-1.fna.fbcdn.net&_nc_cat=106&_nc_ohc=3R71GueuQuUAX-ZFmcY&edm=ACWDqb8BAAAA&ccb=7-4&ig_cache_key=Mjc1ODQzNjcyNzQ2MTUzNTQxOQ%3D%3D.2-ccb7-4&oh=00_AT--sNXC42brKotskpQzUMIrUNgA2vem8RAsQ8XNk2ge0Q&oe=627C8CCC&_nc_sid=1527a3', 'scans_profile': 'e35', 'estimated_scans_sizes': [5020, 10041, 15062, 20082, 25103, 30222, 872175, 45186, 45186]}, 'thumbnail': {'width': 480, 'height': 559, 'url': 'https://instagram.fotp3-1.fna.fbcdn.net/v/t51.2885-15/272707628_5411902885493646_6892645567307513391_n.jpg?stp=dst-jpg_e35_p480x480&_nc_ht=instagram.fotp3-1.fna.fbcdn.net&_nc_cat=106&_nc_ohc=3R71GueuQuUAX-ZFmcY&edm=ACWDqb8BAAAA&ccb=7-4&ig_cache_key=Mjc1ODQzNjcyNzQ2MTUzNTQxOQ%3D%3D.2-ccb7-4&oh=00_AT--sNXC42brKotskpQzUMIrUNgA2vem8RAsQ8XNk2ge0Q&oe=627C8CCC&_nc_sid=1527a3', 'scans_profile': 'e35', 'estimated_scans_sizes': [5020, 10041, 15062, 20082, 25103, 30222, 872175, 45186, 45186]}, 'standard_resolution': {'width': 1440, 'height': 1676, 'url': 'https://instagram.fotp3-1.fna.fbcdn.net/v/t51.2885-15/272707628_5411902885493646_6892645567307513391_n.jpg?se=7&stp=dst-jpg_e35&_nc_ht=instagram.fotp3-1.fna.fbcdn.net&_nc_cat=106&_nc_ohc=3R71GueuQuUAX-ZFmcY&edm=ACWDqb8BAAAA&ccb=7-4&ig_cache_key=Mjc1ODQzNjcyNzQ2MTUzNTQxOQ%3D%3D.2-ccb7-4&oh=00_AT-J8PpClvc9mCejVYmX5sYPfO9mp6H-SKkg24j1ZfhnGw&oe=627C8CCC&_nc_sid=1527a3', 'scans_profile': 'e35', 'estimated_scans_sizes': [26132, 52265, 78397, 104530, 130662, 146211, 186059, 211465, 235193]}}",15 & it wasnâ€™t a phase,1440.0,1676.0
23,1642961564,2757683938485755118_189393625,1,False,False,17844266108719902,8699,575713,https://www.instagram.com/p/CZFQu5kPlzu/,"{'low_resolution': {'width': 480, 'height': 600, 'url': 'https://instagram.fotp3-3.fna.fbcdn.net/v/t51.2885-15/272476564_5559858054043669_1435488881616828048_n.jpg?stp=dst-jpg_e35_p480x480&_nc_ht=instagram.fotp3-3.fna.fbcdn.net&_nc_cat=101&_nc_ohc=C3hEDGgX4IcAX9M2fYh&edm=ACWDqb8BAAAA&ccb=7-4&ig_cache_key=Mjc1NzY4MzkzODQ4NTc1NTExOA%3D%3D.2-ccb7-4&oh=00_AT-rAGaDIxxf-a9cMNc9bLqSBM3cQ15_MH9Mp8peTo7uaw&oe=627C52DB&_nc_sid=1527a3', 'scans_profile': 'e35', 'estimated_scans_sizes': [5667, 11334, 17002, 22669, 28337, 34116, 984544, 51007, 51007]}, 'thumbnail': {'width': 480, 'height': 600, 'url': 'https://instagram.fotp3-3.fna.fbcdn.net/v/t51.2885-15/272476564_5559858054043669_1435488881616828048_n.jpg?stp=dst-jpg_e35_p480x480&_nc_ht=instagram.fotp3-3.fna.fbcdn.net&_nc_cat=101&_nc_ohc=C3hEDGgX4IcAX9M2fYh&edm=ACWDqb8BAAAA&ccb=7-4&ig_cache_key=Mjc1NzY4MzkzODQ4NTc1NTExOA%3D%3D.2-ccb7-4&oh=00_AT-rAGaDIxxf-a9cMNc9bLqSBM3cQ15_MH9Mp8peTo7uaw&oe=627C52DB&_nc_sid=1527a3', 'scans_profile': 'e35', 'estimated_scans_sizes': [5667, 11334, 17002, 22669, 28337, 34116, 984544, 51007, 51007]}, 'standard_resolution': {'width': 1440, 'height': 1800, 'url': 'https://instagram.fotp3-3.fna.fbcdn.net/v/t51.2885-15/272476564_5559858054043669_1435488881616828048_n.jpg?se=7&stp=dst-jpg_e35&_nc_ht=instagram.fotp3-3.fna.fbcdn.net&_nc_cat=101&_nc_ohc=C3hEDGgX4IcAX9M2fYh&edm=ACWDqb8BAAAA&ccb=7-4&ig_cache_key=Mjc1NzY4MzkzODQ4NTc1NTExOA%3D%3D.2-ccb7-4&oh=00_AT_rmNQcIpqNUtRSeAIrFZT6VvdLW_mN3A-LDmQo35zBgA&oe=627C52DB&_nc_sid=1527a3', 'scans_profile': 'e35', 'estimated_scans_sizes': [32235, 64470, 96706, 128941, 161176, 180356, 229510, 260849, 290118]}}",Iâ€™m alive by the skin of my teeth,1440.0,1800.0
24,1642734815,2755781827887018602_189393625,1,False,False,17886062381599891,10708,584081,https://www.instagram.com/p/CY-gPjBrrJq/,"{'low_resolution': {'width': 480, 'height': 360, 'url': 'https://instagram.fotp3-3.fna.fbcdn.net/v/t51.2885-15/272121315_1021872751727456_164588743612317737_n.jpg?stp=dst-jpg_e35_s480x480&_nc_ht=instagram.fotp3-3.fna.fbcdn.net&_nc_cat=108&_nc_ohc=EuixsWXjJ6kAX9paXwi&edm=ACWDqb8BAAAA&ccb=7-4&ig_cache_key=Mjc1NTc4MTgyNzg4NzAxODYwMg%3D%3D.2-ccb7-4&oh=00_AT9Rm65NGH2AIi2gpzLjJPYhxBJT6DErptPznx3Ave8q4g&oe=627CCF46&_nc_sid=1527a3', 'scans_profile': 'e35', 'estimated_scans_sizes': [4093, 8186, 12280, 16373, 20467, 24641, 711105, 36841, 36841]}, 'thumbnail': {'width': 480, 'height': 360, 'url': 'https://instagram.fotp3-3.fna.fbcdn.net/v/t51.2885-15/272121315_1021872751727456_164588743612317737_n.jpg?stp=dst-jpg_e35_s480x480&_nc_ht=instagram.fotp3-3.fna.fbcdn.net&_nc_cat=108&_nc_ohc=EuixsWXjJ6kAX9paXwi&edm=ACWDqb8BAAAA&ccb=7-4&ig_cache_key=Mjc1NTc4MTgyNzg4NzAxODYwMg%3D%3D.2-ccb7-4&oh=00_AT9Rm65NGH2AIi2gpzLjJPYhxBJT6DErptPznx3Ave8q4g&oe=627CCF46&_nc_sid=1527a3', 'scans_profile': 'e35', 'estimated_scans_sizes': [4093, 8186, 12280, 16373, 20467, 24641, 711105, 36841, 36841]}, 'standard_resolution': {'width': 1440, 'height': 1080, 'url': 'https://instagram.fotp3-3.fna.fbcdn.net/v/t51.2885-15/272121315_1021872751727456_164588743612317737_n.jpg?se=7&stp=dst-jpg_e35&_nc_ht=instagram.fotp3-3.fna.fbcdn.net&_nc_cat=108&_nc_ohc=EuixsWXjJ6kAX9paXwi&edm=ACWDqb8BAAAA&ccb=7-4&ig_cache_key=Mjc1NTc4MTgyNzg4NzAxODYwMg%3D%3D.2-ccb7-4&oh=00_AT93FOqGOSE3idQ9uKjMXWc3TQXP093VI0Y6IMpK4WE8ag&oe=627CCF46&_nc_sid=1527a3', 'scans_profile': 'e35', 'estimated_scans_sizes': [26523, 53046, 79570, 106093, 132616, 148397, 188841, 214627, 238710]}}",A funeral for my pop music,1440.0,1080.0
