,taken_at,id,media_type,is_unified_video,is_paid_partnership,next_max_id,comment_count,original_width,original_height,like_count,link,images,description,title
0,1651723415,2831183667482351371_26442490,1,False,False,1.793495358513607e+16,7662,873.0,873.0,2284941,https://www.instagram.com/p/CdKYouaLFcL/,"{'low_resolution': {'width': 480, 'height': 480, 'url': 'https://instagram.fcnd1-1.fna.fbcdn.net/v/t51.2885-15/279796074_399650878705676_8007708794746072296_n.jpg?stp=dst-jpg_e35_s480x480&_nc_ht=instagram.fcnd1-1.fna.fbcdn.net&_nc_cat=1&_nc_ohc=rEasXbog2iEAX-TqNEA&edm=ACWDqb8BAAAA&ccb=7-4&ig_cache_key=MjgzMTE4MzY2NzQ4MjM1MTM3MQ%3D%3D.2-ccb7-4&oh=00_AT9Ay_NW3l6mw4vIDR-0kTw1nNVOJnRYW69NI47q6_91Ag&oe=627FB23D&_nc_sid=1527a3', 'scans_profile': 'e35', 'estimated_scans_sizes': [4295, 8590, 12885, 17180, 21476, 25856, 746165, 38657, 38657]}, 'thumbnail': {'width': 480, 'height': 480, 'url': 'https://instagram.fcnd1-1.fna.fbcdn.net/v/t51.2885-15/279796074_399650878705676_8007708794746072296_n.jpg?stp=dst-jpg_e35_s480x480&_nc_ht=instagram.fcnd1-1.fna.fbcdn.net&_nc_cat=1&_nc_ohc=rEasXbog2iEAX-TqNEA&edm=ACWDqb8BAAAA&ccb=7-4&ig_cache_key=MjgzMTE4MzY2NzQ4MjM1MTM3MQ%3D%3D.2-ccb7-4&oh=00_AT9Ay_NW3l6mw4vIDR-0kTw1nNVOJnRYW69NI47q6_91Ag&oe=627FB23D&_nc_sid=1527a3', 'scans_profile': 'e35', 'estimated_scans_sizes': [4295, 8590, 12885, 17180, 21476, 25856, 746165, 38657, 38657]}, 'standard_resolution': {'width': 873, 'height': 873, 'url': 'https://instagram.fcnd1-1.fna.fbcdn.net/v/t51.2885-15/279796074_399650878705676_8007708794746072296_n.jpg?se=8&stp=dst-jpg_e35&_nc_ht=instagram.fcnd1-1.fna.fbcdn.net&_nc_cat=1&_nc_ohc=rEasXbog2iEAX-TqNEA&edm=ACWDqb8BAAAA&ccb=7-4&ig_cache_key=MjgzMTE4MzY2NzQ4MjM1MTM3MQ%3D%3D.2-ccb7-4&oh=00_AT9eauvzD5qfU9F42bnV5va8ncI029W7VU4sIZBlGx7smw&oe=627FB23D&_nc_sid=1527a3', 'scans_profile': 'e35', 'estimated_scans_sizes': [11576, 23153, 34730, 46307, 57883, 64771, 82424, 93679, 104191]}}","MET Gala 22‚Äô 
@burberry
hey ma‚Äô",
1,1648531675,2804409413739778760_26442490,1,False,False,,8348,1440.0,1800.0,2395068,https://www.instagram.com/p/CbrQ4DeuJLI/,"{'low_resolution': {'width': 480, 'height': 600, 'url': 'https://instagram.fcnd1-1.fna.fbcdn.net/v/t51.2885-15/277418941_1187669728433660_5804522183956460843_n.jpg?stp=dst-jpg_e35_p480x480&_nc_ht=instagram.fcnd1-1.fna.fbcdn.net&_nc_cat=108&_nc_ohc=f-YWCa5msbsAX--SC8K&edm=ACWDqb8BAAAA&ccb=7-4&ig_cache_key=MjgwNDQwOTQxMzczOTc3ODc2MA%3D%3D.2-ccb7-4&oh=00_AT__EMIi91nPVQo_NqEoVjC1Gza5izgY8toP24jXmaR0LQ&oe=6280CC2B&_nc_sid=1527a3', 'scans_profile': 'e35', 'estimated_scans_sizes': [4695, 9390, 14085, 18780, 23476, 28263, 815650, 42257, 42257]}, 'thumbnail': {'width': 480, 'height': 600, 'url': 'https://instagram.fcnd1-1.fna.fbcdn.net/v/t51.2885-15/277418941_1187669728433660_5804522183956460843_n.jpg?stp=dst-jpg_e35_p480x480&_nc_ht=instagram.fcnd1-1.fna.fbcdn.net&_nc_cat=108&_nc_ohc=f-YWCa5msbsAX--SC8K&edm=ACWDqb8BAAAA&ccb=7-4&ig_cache_key=MjgwNDQwOTQxMzczOTc3ODc2MA%3D%3D.2-ccb7-4&oh=00_AT__EMIi91nPVQo_NqEoVjC1Gza5izgY8toP24jXmaR0LQ&oe=6280CC2B&_nc_sid=1527a3', 'scans_profile': 'e35', 'estimated_scans_sizes': [4695, 9390, 14085, 18780, 23476, 28263, 815650, 42257, 42257]}, 'standard_resolution': {'width': 1440, 'height': 1800, 'url': 'https://instagram.fcnd1-1.fna.fbcdn.net/v/t51.2885-15/277418941_1187669728433660_5804522183956460843_n.jpg?se=7&stp=dst-jpg_e35&_nc_ht=instagram.fcnd1-1.fna.fbcdn.net&_nc_cat=108&_nc_ohc=f-YWCa5msbsAX--SC8K&edm=ACWDqb8BAAAA&ccb=7-4&ig_cache_key=MjgwNDQwOTQxMzczOTc3ODc2MA%3D%3D.2-ccb7-4&oh=00_AT8gFZyJkFu7z9YUcTN9yTjAwySmfeh2evu6vGa_4Py4vQ&oe=6280CC2B&_nc_sid=1527a3', 'scans_profile': 'e35', 'estimated_scans_sizes': [20528, 41056, 61585, 82113, 102642, 114856, 146158, 166116, 184756]}}","@theacademy 
The Oscars 94
Thank you.",
2,1645402925,2778162787951838508_26442490,2,True,False,,3851,720.0,1280.0,1274681,https://www.instagram.com/p/CaOBFYYFAUs/,"{'low_resolution': {'width': 480, 'height': 853, 'url': 'https://instagram.fcnd1-1.fna.fbcdn.net/v/t51.2885-15/274495119_142231271597613_8394883784783610868_n.jpg?stp=dst-jpg_e35_p480x480&_nc_ht=instagram.fcnd1-1.fna.fbcdn.net&_nc_cat=109&_nc_ohc=mUh6l9CXXMwAX8-0t6f&edm=ACWDqb8BAAAA&ccb=7-4&ig_cache_key=Mjc3ODE2Mjc4Nzk1MTgzODUwOA%3D%3D.2-ccb7-4&oh=00_AT96Q9FN0X4UeakQftRelyDNfZ2nPyxb9kAhA84447Hwlg&oe=627F9467&_nc_sid=1527a3', 'scans_profile': 'e35', 'estimated_scans_sizes': [5295, 10590, 15886, 21181, 26476, 31876, 919894, 47658, 47658]}, 'thumbnail': {'width': 480, 'height': 853, 'url': 'https://instagram.fcnd1-1.fna.fbcdn.net/v/t51.2885-15/274495119_142231271597613_8394883784783610868_n.jpg?stp=dst-jpg_e35_p480x480&_nc_ht=instagram.fcnd1-1.fna.fbcdn.net&_nc_cat=109&_nc_ohc=mUh6l9CXXMwAX8-0t6f&edm=ACWDqb8BAAAA&ccb=7-4&ig_cache_key=Mjc3ODE2Mjc4Nzk1MTgzODUwOA%3D%3D.2-ccb7-4&oh=00_AT96Q9FN0X4UeakQftRelyDNfZ2nPyxb9kAhA84447Hwlg&oe=627F9467&_nc_sid=1527a3', 'scans_profile': 'e35', 'estimated_scans_sizes': [5295, 10590, 15886, 21181, 26476, 31876, 919894, 47658, 47658]}, 'standard_resolution': {'width': 480, 'height': 853, 'url': 'https://instagram.fcnd1-1.fna.fbcdn.net/v/t51.2885-15/274495119_142231271597613_8394883784783610868_n.jpg?stp=dst-jpg_e35_p480x480&_nc_ht=instagram.fcnd1-1.fna.fbcdn.net&_nc_cat=109&_nc_ohc=mUh6l9CXXMwAX8-0t6f&edm=ACWDqb8BAAAA&ccb=7-4&ig_cache_key=Mjc3ODE2Mjc4Nzk1MTgzODUwOA%3D%3D.2-ccb7-4&oh=00_AT96Q9FN0X4UeakQftRelyDNfZ2nPyxb9kAhA84447Hwlg&oe=627F9467&_nc_sid=1527a3', 'scans_profile': 'e35', 'estimated_scans_sizes': [5295, 10590, 15886, 21181, 26476, 31876, 919894, 47658, 47658]}}","@Boss 
#BOSSthescent #ThisisBOSS #ThePowerOfAttraction",
3,1644379443,2769577970915140123_26442490,8,False,False,1.8216018808113944e+16,647,,,805194,https://www.instagram.com/p/CZvhH2eJOIb/,"{'low_resolution': {'width': 415, 'height': 233, 'url': 'https://instagram.fcnd1-1.fna.fbcdn.net/v/t51.2885-15/273536211_447363367145744_3702831932680565638_n.jpg?stp=dst-jpg_e35&_nc_ht=instagram.fcnd1-1.fna.fbcdn.net&_nc_cat=108&_nc_ohc=dzL2P7q3P5oAX9j8fcM&edm=ACWDqb8BAAAA&ccb=7-4&ig_cache_key=Mjc2OTU3Nzk2NTIxMTA1NjY1MA%3D%3D.2-ccb7-4&oh=00_AT-cWFXO7Dd61O3o4HLUQCJbh4vRd-HX9qR0vgA4Hdb35w&oe=627F4331&_nc_sid=1527a3', 'scans_profile': 'e35', 'estimated_scans_sizes': [1902, 3804, 5707, 7609, 9512, 11452, 330487, 17122, 17122]}, 'thumbnail': {'width': 415, 'height': 233, 'url': 'https://instagram.fcnd1-1.fna.fbcdn.net/v/t51.2885-15/273536211_447363367145744_3702831932680565638_n.jpg?stp=dst-jpg_e35&_nc_ht=instagram.fcnd1-1.fna.fbcdn.net&_nc_cat=108&_nc_ohc=dzL2P7q3P5oAX9j8fcM&edm=ACWDqb8BAAAA&ccb=7-4&ig_cache_key=Mjc2OTU3Nzk2NTIxMTA1NjY1MA%3D%3D.2-ccb7-4&oh=00_AT-cWFXO7Dd61O3o4HLUQCJbh4vRd-HX9qR0vgA4Hdb35w&oe=627F4331&_nc_sid=1527a3', 'scans_profile': 'e35', 'estimated_scans_sizes': [1902, 3804, 5707, 7609, 9512, 11452, 330487, 17122, 17122]}, 'standard_resolution': {'width': 415, 'height': 233, 'url': 'https://instagram.fcnd1-1.fna.fbcdn.net/v/t51.2885-15/273536211_447363367145744_3702831932680565638_n.jpg?stp=dst-jpg_e35&_nc_ht=instagram.fcnd1-1.fna.fbcdn.net&_nc_cat=108&_nc_ohc=dzL2P7q3P5oAX9j8fcM&edm=ACWDqb8BAAAA&ccb=7-4&ig_cache_key=Mjc2OTU3Nzk2NTIxMTA1NjY1MA%3D%3D.2-ccb7-4&oh=00_AT-cWFXO7Dd61O3o4HLUQCJbh4vRd-HX9qR0vgA4Hdb35w&oe=627F4331&_nc_sid=1527a3', 'scans_profile': 'e35', 'estimated_scans_sizes': [1902, 3804, 5707, 7609, 9512, 11452, 330487, 17122, 17122]}}","Some more, 

Tommaso- dir. Abel Ferrara (2019)

Opening Night- dir. John Cassavetes (1977)

Shame- dir. Steve MCQueen (2011)

HUD- dir. Martin Ritt (1963)

O me! O life! - Walt Whitman 

and time home.",
4,1644378620,2769571059482437723_26442490,1,False,False,,5110,1440.0,1440.0,2085505,https://www.instagram.com/p/CZvfjRspyhb/,"{'low_resolution': {'width': 480, 'height': 480, 'url': 'https://instagram.fcnd1-1.fna.fbcdn.net/v/t51.2885-15/273664853_452396729864203_6441231686724069385_n.jpg?stp=dst-jpg_e35_s480x480&_nc_ht=instagram.fcnd1-1.fna.fbcdn.net&_nc_cat=107&_nc_ohc=47JmOVnQJxMAX-uv01Q&edm=ACWDqb8BAAAA&ccb=7-4&ig_cache_key=Mjc2OTU3MTA1OTQ4MjQzNzcyMw%3D%3D.2-ccb7-4&oh=00_AT9I0OoWhf004HcwvOzQn7NSnhWeAfDJOgVvhR9343MK1A&oe=627F2BE3&_nc_sid=1527a3', 'scans_profile': 'e35', 'estimated_scans_sizes': [3736, 7472, 11209, 14945, 18682, 22492, 649085, 33628, 33628]}, 'thumbnail': {'width': 480, 'height': 480, 'url': 'https://instagram.fcnd1-1.fna.fbcdn.net/v/t51.2885-15/273664853_452396729864203_6441231686724069385_n.jpg?stp=dst-jpg_e35_s480x480&_nc_ht=instagram.fcnd1-1.fna.fbcdn.net&_nc_cat=107&_nc_ohc=47JmOVnQJxMAX-uv01Q&edm=ACWDqb8BAAAA&ccb=7-4&ig_cache_key=Mjc2OTU3MTA1OTQ4MjQzNzcyMw%3D%3D.2-ccb7-4&oh=00_AT9I0OoWhf004HcwvOzQn7NSnhWeAfDJOgVvhR9343MK1A&oe=627F2BE3&_nc_sid=1527a3', 'scans_profile': 'e35', 'estimated_scans_sizes': [3736, 7472, 11209, 14945, 18682, 22492, 649085, 33628, 33628]}, 'standard_resolution': {'width': 1440, 'height': 1440, 'url': 'https://instagram.fcnd1-1.fna.fbcdn.net/v/t51.2885-15/273664853_452396729864203_6441231686724069385_n.jpg?se=7&stp=dst-jpg_e35&_nc_ht=instagram.fcnd1-1.fna.fbcdn.net&_nc_cat=107&_nc_ohc=47JmOVnQJxMAX-uv01Q&edm=ACWDqb8BAAAA&ccb=7-4&ig_cache_key=Mjc2OTU3MTA1OTQ4MjQzNzcyMw%3D%3D.2-ccb7-4&oh=00_AT_UrCcUNWUFL8TeqlqPTtDBz-HAqdenGCLBPrgm4_ooTg&oe=627F2BE3&_nc_sid=1527a3', 'scans_profile': 'e35', 'estimated_scans_sizes': [15328, 30656, 45984, 61312, 76640, 85760, 109133, 124035, 137953]}}","@boss 
#BOSSTheScent #ThisIsBoss",
5,1643573540,2762816185956527300_26442490,2,True,False,1.7889946094574398e+16,2485,720.0,720.0,657716,https://www.instagram.com/p/CZXfq7fo2zE/,"{'low_resolution': {'width': 480, 'height': 480, 'url': 'https://instagram.fcnd1-1.fna.fbcdn.net/v/t51.2885-15/272847460_358017916152660_2179454575062794389_n.jpg?stp=dst-jpg_e35_s480x480&_nc_ht=instagram.fcnd1-1.fna.fbcdn.net&_nc_cat=100&_nc_ohc=ROVanQ3IWsEAX_8D3D2&edm=ACWDqb8BAAAA&ccb=7-4&ig_cache_key=Mjc2MjgxNjE4NTk1NjUyNzMwMA%3D%3D.2-ccb7-4&oh=00_AT_tv_0_Jgayrw0RG0a1BIGaqu0_oB9ZF2Y2-oJXQkpnbA&oe=62809FE8&_nc_sid=1527a3', 'scans_profile': 'e35', 'estimated_scans_sizes': [3371, 6742, 10113, 13484, 16855, 20292, 585615, 30339, 30339]}, 'thumbnail': {'width': 480, 'height': 480, 'url': 'https://instagram.fcnd1-1.fna.fbcdn.net/v/t51.2885-15/272847460_358017916152660_2179454575062794389_n.jpg?stp=dst-jpg_e35_s480x480&_nc_ht=instagram.fcnd1-1.fna.fbcdn.net&_nc_cat=100&_nc_ohc=ROVanQ3IWsEAX_8D3D2&edm=ACWDqb8BAAAA&ccb=7-4&ig_cache_key=Mjc2MjgxNjE4NTk1NjUyNzMwMA%3D%3D.2-ccb7-4&oh=00_AT_tv_0_Jgayrw0RG0a1BIGaqu0_oB9ZF2Y2-oJXQkpnbA&oe=62809FE8&_nc_sid=1527a3', 'scans_profile': 'e35', 'estimated_scans_sizes': [3371, 6742, 10113, 13484, 16855, 20292, 585615, 30339, 30339]}, 'standard_resolution': {'width': 480, 'height': 480, 'url': 'https://instagram.fcnd1-1.fna.fbcdn.net/v/t51.2885-15/272847460_358017916152660_2179454575062794389_n.jpg?stp=dst-jpg_e35_s480x480&_nc_ht=instagram.fcnd1-1.fna.fbcdn.net&_nc_cat=100&_nc_ohc=ROVanQ3IWsEAX_8D3D2&edm=ACWDqb8BAAAA&ccb=7-4&ig_cache_key=Mjc2MjgxNjE4NTk1NjUyNzMwMA%3D%3D.2-ccb7-4&oh=00_AT_tv_0_Jgayrw0RG0a1BIGaqu0_oB9ZF2Y2-oJXQkpnbA&oe=62809FE8&_nc_sid=1527a3', 'scans_profile': 'e35', 'estimated_scans_sizes': [3371, 6742, 10113, 13484, 16855, 20292, 585615, 30339, 30339]}}","@boss 
#BossTheScent",
6,1643545468,2762582080669297869_26442490,8,False,False,,765,,,983064,https://www.instagram.com/p/CZWqcP9JyzN/,"{'low_resolution': {'width': 407, 'height': 219, 'url': 'https://instagram.fcnd1-1.fna.fbcdn.net/v/t51.2885-15/272935016_472974867905714_1552279939777421210_n.jpg?stp=dst-jpg_e35&_nc_ht=instagram.fcnd1-1.fna.fbcdn.net&_nc_cat=102&_nc_ohc=JSV2RBRre3sAX_hv31n&edm=ACWDqb8BAAAA&ccb=7-4&ig_cache_key=Mjc2MjU4MjA3NTkyOTY5MzU3OQ%3D%3D.2-ccb7-4&oh=00_AT_1t--J-VFVs2LzQ4ufcDWe4N7T4CJf52U2DxSezhcy0Q&oe=627FAFC3&_nc_sid=1527a3', 'scans_profile': 'e35', 'estimated_scans_sizes': [1734, 3469, 5204, 6939, 8673, 10443, 301377, 15613, 15613]}, 'thumbnail': {'width': 407, 'height': 219, 'url': 'https://instagram.fcnd1-1.fna.fbcdn.net/v/t51.2885-15/272935016_472974867905714_1552279939777421210_n.jpg?stp=dst-jpg_e35&_nc_ht=instagram.fcnd1-1.fna.fbcdn.net&_nc_cat=102&_nc_ohc=JSV2RBRre3sAX_hv31n&edm=ACWDqb8BAAAA&ccb=7-4&ig_cache_key=Mjc2MjU4MjA3NTkyOTY5MzU3OQ%3D%3D.2-ccb7-4&oh=00_AT_1t--J-VFVs2LzQ4ufcDWe4N7T4CJf52U2DxSezhcy0Q&oe=627FAFC3&_nc_sid=1527a3', 'scans_profile': 'e35', 'estimated_scans_sizes': [1734, 3469, 5204, 6939, 8673, 10443, 301377, 15613, 15613]}, 'standard_resolution': {'width': 407, 'height': 219, 'url': 'https://instagram.fcnd1-1.fna.fbcdn.net/v/t51.2885-15/272935016_472974867905714_1552279939777421210_n.jpg?stp=dst-jpg_e35&_nc_ht=instagram.fcnd1-1.fna.fbcdn.net&_nc_cat=102&_nc_ohc=JSV2RBRre3sAX_hv31n&edm=ACWDqb8BAAAA&ccb=7-4&ig_cache_key=Mjc2MjU4MjA3NTkyOTY5MzU3OQ%3D%3D.2-ccb7-4&oh=00_AT_1t--J-VFVs2LzQ4ufcDWe4N7T4CJf52U2DxSezhcy0Q&oe=627FAFC3&_nc_sid=1527a3', 'scans_profile': 'e35', 'estimated_scans_sizes': [1734, 3469, 5204, 6939, 8673, 10443, 301377, 15613, 15613]}}","A few things, 

Still Walking- dir. Hirokazu Koreeada (2008)

Naked- dir. Mike Leigh (1994)

C‚Äômon, C‚Äômon- dir. Mike Mills (2022)

3 Women- dir. Robert Altman (1977)

Sonnet 65

‚ÄòHe‚Äôs gotta see us‚Äô

And finally, 
a very good time.",
7,1642380923,2752813163352480946_26442490,1,False,False,1.819323373614961e+16,8780,1080.0,1080.0,2693729,https://www.instagram.com/p/CYz9PyupNyy/,"{'low_resolution': {'width': 480, 'height': 480, 'url': 'https://instagram.fcnd1-1.fna.fbcdn.net/v/t51.2885-15/272005777_1119103982254340_2743627641651003064_n.jpg?stp=dst-jpg_e15_s480x480&_nc_ht=instagram.fcnd1-1.fna.fbcdn.net&_nc_cat=108&_nc_ohc=lWn0okyXHZYAX8kZ8xK&edm=ACWDqb8BAAAA&ccb=7-4&ig_cache_key=Mjc1MjgxMzE2MzM1MjQ4MDk0Ng%3D%3D.2-ccb7-4&oh=00_AT_ULCBINBcn9JnTv9RHmx2rFbdC1Wya9cYhAxhnRSCR6w&oe=6280B387&_nc_sid=1527a3', 'scans_profile': 'e15', 'estimated_scans_sizes': [3802, 7604, 11407, 15209, 19011, 34221, 34221, 34221, 34221]}, 'thumbnail': {'width': 480, 'height': 480, 'url': 'https://instagram.fcnd1-1.fna.fbcdn.net/v/t51.2885-15/272005777_1119103982254340_2743627641651003064_n.jpg?stp=dst-jpg_e15_s480x480&_nc_ht=instagram.fcnd1-1.fna.fbcdn.net&_nc_cat=108&_nc_ohc=lWn0okyXHZYAX8kZ8xK&edm=ACWDqb8BAAAA&ccb=7-4&ig_cache_key=Mjc1MjgxMzE2MzM1MjQ4MDk0Ng%3D%3D.2-ccb7-4&oh=00_AT_ULCBINBcn9JnTv9RHmx2rFbdC1Wya9cYhAxhnRSCR6w&oe=6280B387&_nc_sid=1527a3', 'scans_profile': 'e15', 'estimated_scans_sizes': [3802, 7604, 11407, 15209, 19011, 34221, 34221, 34221, 34221]}, 'standard_resolution': {'width': 1080, 'height': 1080, 'url': 'https://instagram.fcnd1-1.fna.fbcdn.net/v/t51.2885-15/272005777_1119103982254340_2743627641651003064_n.jpg?stp=dst-jpg_e15_fr_s1080x1080&_nc_ht=instagram.fcnd1-1.fna.fbcdn.net&_nc_cat=108&_nc_ohc=lWn0okyXHZYAX8kZ8xK&edm=ACWDqb8BAAAA&ccb=7-4&ig_cache_key=Mjc1MjgxMzE2MzM1MjQ4MDk0Ng%3D%3D.2-ccb7-4&oh=00_AT_gEhnQE9kV4ioSfN3nAc-7_bXphHEDLrjlJ4SsYboEHQ&oe=6280B387&_nc_sid=1527a3', 'scans_profile': 'e15', 'estimated_scans_sizes': [13084, 26168, 39252, 52336, 65420, 117756, 117756, 117756, 117756]}}","A pleasure joining the @boss team as the face of their new #BOSSTheScent. 
Cheers x",
8,1641958823,2749272334382750902_26442490,1,False,False,1.7946417973673714e+16,3623,1440.0,958.0,2122804,https://www.instagram.com/p/CYnYJ8xsVy2/,"{'low_resolution': {'width': 480, 'height': 319, 'url': 'https://instagram.fcnd1-1.fna.fbcdn.net/v/t51.2885-15/271622743_609022977019324_5399931705593245374_n.jpg?stp=dst-jpg_e35_s480x480&_nc_ht=instagram.fcnd1-1.fna.fbcdn.net&_nc_cat=104&_nc_ohc=7Oo43hRUUyoAX8Acqlf&edm=ACWDqb8BAAAA&ccb=7-4&ig_cache_key=Mjc0OTI3MjMzNDM4Mjc1MDkwMg%3D%3D.2-ccb7-4&oh=00_AT9x5APHwTdAgV0DRvi7Za3Qr6iv5eMU2TY0Jw8gReBJmg&oe=62800896&_nc_sid=1527a3', 'scans_profile': 'e35', 'estimated_scans_sizes': [3222, 6444, 9667, 12889, 16112, 19398, 559809, 29002, 29002]}, 'thumbnail': {'width': 480, 'height': 319, 'url': 'https://instagram.fcnd1-1.fna.fbcdn.net/v/t51.2885-15/271622743_609022977019324_5399931705593245374_n.jpg?stp=dst-jpg_e35_s480x480&_nc_ht=instagram.fcnd1-1.fna.fbcdn.net&_nc_cat=104&_nc_ohc=7Oo43hRUUyoAX8Acqlf&edm=ACWDqb8BAAAA&ccb=7-4&ig_cache_key=Mjc0OTI3MjMzNDM4Mjc1MDkwMg%3D%3D.2-ccb7-4&oh=00_AT9x5APHwTdAgV0DRvi7Za3Qr6iv5eMU2TY0Jw8gReBJmg&oe=62800896&_nc_sid=1527a3', 'scans_profile': 'e35', 'estimated_scans_sizes': [3222, 6444, 9667, 12889, 16112, 19398, 559809, 29002, 29002]}, 'standard_resolution': {'width': 1440, 'height': 958, 'url': 'https://instagram.fcnd1-1.fna.fbcdn.net/v/t51.2885-15/271622743_609022977019324_5399931705593245374_n.jpg?se=7&stp=dst-jpg_e35&_nc_ht=instagram.fcnd1-1.fna.fbcdn.net&_nc_cat=104&_nc_ohc=7Oo43hRUUyoAX8Acqlf&edm=ACWDqb8BAAAA&ccb=7-4&ig_cache_key=Mjc0OTI3MjMzNDM4Mjc1MDkwMg%3D%3D.2-ccb7-4&oh=00_AT_x17iVpY9Bq9QdDqTu_AbXcAOd1TZygyBxQq8cT9VLaw&oe=62800896&_nc_sid=1527a3', 'scans_profile': 'e35', 'estimated_scans_sizes': [17176, 34353, 51529, 68706, 85882, 96102, 122294, 138993, 154589]}}",What an absolute treat @fallontonight @jimmyfallon x,
9,1641803507,2747969448855809529_26442490,1,False,False,1.7903926466316468e+16,3165,1414.0,1768.0,2104417,https://www.instagram.com/p/CYiv6eErS35/,"{'low_resolution': {'width': 480, 'height': 600, 'url': 'https://instagram.fcnd1-1.fna.fbcdn.net/v/t51.2885-15/271558004_476871897151457_5715318808932366778_n.jpg?stp=dst-jpg_e35_p480x480&_nc_ht=instagram.fcnd1-1.fna.fbcdn.net&_nc_cat=105&_nc_ohc=Tfj4WDXzxzgAX_mZzxV&edm=ACWDqb8BAAAA&ccb=7-4&ig_cache_key=Mjc0Nzk2OTQ0ODg1NTgwOTUyOQ%3D%3D.2-ccb7-4&oh=00_AT9e921LgtA0GUusx2L_905hEvQRMAg7ZbL0GYP2ZyY-Nw&oe=627FE443&_nc_sid=1527a3', 'scans_profile': 'e35', 'estimated_scans_sizes': [4833, 9667, 14501, 19335, 24169, 29098, 839730, 43505, 43505]}, 'thumbnail': {'width': 480, 'height': 600, 'url': 'https://instagram.fcnd1-1.fna.fbcdn.net/v/t51.2885-15/271558004_476871897151457_5715318808932366778_n.jpg?stp=dst-jpg_e35_p480x480&_nc_ht=instagram.fcnd1-1.fna.fbcdn.net&_nc_cat=105&_nc_ohc=Tfj4WDXzxzgAX_mZzxV&edm=ACWDqb8BAAAA&ccb=7-4&ig_cache_key=Mjc0Nzk2OTQ0ODg1NTgwOTUyOQ%3D%3D.2-ccb7-4&oh=00_AT9e921LgtA0GUusx2L_905hEvQRMAg7ZbL0GYP2ZyY-Nw&oe=627FE443&_nc_sid=1527a3', 'scans_profile': 'e35', 'estimated_scans_sizes': [4833, 9667, 14501, 19335, 24169, 29098, 839730, 43505, 43505]}, 'standard_resolution': {'width': 1414, 'height': 1768, 'url': 'https://instagram.fcnd1-1.fna.fbcdn.net/v/t51.2885-15/271558004_476871897151457_5715318808932366778_n.jpg?se=7&stp=dst-jpg_e35&_nc_ht=instagram.fcnd1-1.fna.fbcdn.net&_nc_cat=105&_nc_ohc=Tfj4WDXzxzgAX_mZzxV&edm=ACWDqb8BAAAA&ccb=7-4&ig_cache_key=Mjc0Nzk2OTQ0ODg1NTgwOTUyOQ%3D%3D.2-ccb7-4&oh=00_AT_F91SMT8zMYIxxdz2yQ21mcBp3YWVuAuSr0NSnSK4BgA&oe=627FE443&_nc_sid=1527a3', 'scans_profile': 'e35', 'estimated_scans_sizes': [21528, 43056, 64584, 86112, 107641, 120449, 153276, 174206, 193754]}}","‚ÄòTrying to Get to Heaven Before They Close The Door‚Äô
@euphoria season 2 episode 1
üì∏-@likethejetsons

X",
10,1641667280,2746825514439396793_26442490,2,True,False,1.7966340529516492e+16,4843,600.0,600.0,1409750,https://www.instagram.com/p/CYer0CII825/,"{'low_resolution': {'width': 480, 'height': 480, 'url': 'https://instagram.fcnd1-1.fna.fbcdn.net/v/t51.2885-15/271572097_2782213355410317_8177665172244755924_n.jpg?stp=dst-jpg_e35_s480x480&_nc_ht=instagram.fcnd1-1.fna.fbcdn.net&_nc_cat=109&_nc_ohc=GKdtVr1xtwUAX-RPTyQ&edm=ACWDqb8BAAAA&ccb=7-4&ig_cache_key=Mjc0NjgyNTUxNDQzOTM5Njc5Mw%3D%3D.2-ccb7-4&oh=00_AT_cjxuskjbMIrIHb8JkKnlFoquvS88I2_SMPnSA5IcP7g&oe=62808924&_nc_sid=1527a3', 'scans_profile': 'e35', 'estimated_scans_sizes': [3689, 7378, 11068, 14757, 18447, 22209, 640919, 33205, 33205]}, 'thumbnail': {'width': 480, 'height': 480, 'url': 'https://instagram.fcnd1-1.fna.fbcdn.net/v/t51.2885-15/271572097_2782213355410317_8177665172244755924_n.jpg?stp=dst-jpg_e35_s480x480&_nc_ht=instagram.fcnd1-1.fna.fbcdn.net&_nc_cat=109&_nc_ohc=GKdtVr1xtwUAX-RPTyQ&edm=ACWDqb8BAAAA&ccb=7-4&ig_cache_key=Mjc0NjgyNTUxNDQzOTM5Njc5Mw%3D%3D.2-ccb7-4&oh=00_AT_cjxuskjbMIrIHb8JkKnlFoquvS88I2_SMPnSA5IcP7g&oe=62808924&_nc_sid=1527a3', 'scans_profile': 'e35', 'estimated_scans_sizes': [3689, 7378, 11068, 14757, 18447, 22209, 640919, 33205, 33205]}, 'standard_resolution': {'width': 480, 'height': 480, 'url': 'https://instagram.fcnd1-1.fna.fbcdn.net/v/t51.2885-15/271572097_2782213355410317_8177665172244755924_n.jpg?stp=dst-jpg_e35_s480x480&_nc_ht=instagram.fcnd1-1.fna.fbcdn.net&_nc_cat=109&_nc_ohc=GKdtVr1xtwUAX-RPTyQ&edm=ACWDqb8BAAAA&ccb=7-4&ig_cache_key=Mjc0NjgyNTUxNDQzOTM5Njc5Mw%3D%3D.2-ccb7-4&oh=00_AT_cjxuskjbMIrIHb8JkKnlFoquvS88I2_SMPnSA5IcP7g&oe=62808924&_nc_sid=1527a3', 'scans_profile': 'e35', 'estimated_scans_sizes': [3689, 7378, 11068, 14757, 18447, 22209, 640919, 33205, 33205]}}","@euphoria season 2 premieres Sunday 9pm. 

@a24 @euphoria 
Xx",
11,1639815577,2731293482238673560_26442490,8,False,False,1.7944013008680452e+16,514,,,700171,https://www.instagram.com/p/CXngPN6LQKY/,"{'low_resolution': {'width': 480, 'height': 320, 'url': 'https://instagram.fcnd1-1.fna.fbcdn.net/v/t51.2885-15/268456142_1280690265772709_1828394724485207638_n.jpg?stp=dst-jpg_e35_s480x480&_nc_ht=instagram.fcnd1-1.fna.fbcdn.net&_nc_cat=105&_nc_ohc=I70HUlpJ8BoAX_l8XVm&edm=ACWDqb8BAAAA&ccb=7-4&ig_cache_key=MjczMTI5MzQ3ODc1NzU5NTU4NA%3D%3D.2-ccb7-4&oh=00_AT8qJ9Zkbr0CH3XIuWl3biP-63P-FEUIXVIjJEu7H3LLgQ&oe=627F9F20&_nc_sid=1527a3', 'scans_profile': 'e35', 'estimated_scans_sizes': [3279, 6558, 9837, 13116, 16395, 19738, 569623, 29511, 29511]}, 'thumbnail': {'width': 480, 'height': 320, 'url': 'https://instagram.fcnd1-1.fna.fbcdn.net/v/t51.2885-15/268456142_1280690265772709_1828394724485207638_n.jpg?stp=dst-jpg_e35_s480x480&_nc_ht=instagram.fcnd1-1.fna.fbcdn.net&_nc_cat=105&_nc_ohc=I70HUlpJ8BoAX_l8XVm&edm=ACWDqb8BAAAA&ccb=7-4&ig_cache_key=MjczMTI5MzQ3ODc1NzU5NTU4NA%3D%3D.2-ccb7-4&oh=00_AT8qJ9Zkbr0CH3XIuWl3biP-63P-FEUIXVIjJEu7H3LLgQ&oe=627F9F20&_nc_sid=1527a3', 'scans_profile': 'e35', 'estimated_scans_sizes': [3279, 6558, 9837, 13116, 16395, 19738, 569623, 29511, 29511]}, 'standard_resolution': {'width': 1080, 'height': 720, 'url': 'https://instagram.fcnd1-1.fna.fbcdn.net/v/t51.2885-15/268456142_1280690265772709_1828394724485207638_n.jpg?se=7&stp=dst-jpg_e35&_nc_ht=instagram.fcnd1-1.fna.fbcdn.net&_nc_cat=105&_nc_ohc=I70HUlpJ8BoAX_l8XVm&edm=ACWDqb8BAAAA&ccb=7-4&ig_cache_key=MjczMTI5MzQ3ODc1NzU5NTU4NA%3D%3D.2-ccb7-4&oh=00_AT9AA2YqJZSpfgZ__PwNL1zZsezt4QSCoOgTHQgLLG5RSw&oe=627F9F20&_nc_sid=1527a3', 'scans_profile': 'e35', 'estimated_scans_sizes': [12522, 25044, 37567, 50089, 62611, 70062, 89157, 101331, 112701]}}","Goodnight Bobby-
He Went That Way‚Ä¶22‚Äô
X",
12,1638296656,2718551851694765655_26442490,8,False,False,1.8253572679068576e+16,4359,,,1919409,https://www.instagram.com/p/CW6PIFvvzZX/,"{'low_resolution': {'width': 480, 'height': 600, 'url': 'https://instagram.fcnd1-1.fna.fbcdn.net/v/t51.2885-15/261804927_3104402763218702_2178640974841747837_n.jpg?stp=dst-jpg_e35_p480x480&_nc_ht=instagram.fcnd1-1.fna.fbcdn.net&_nc_cat=102&_nc_ohc=1dRFVqGLxYYAX9nlXiy&edm=ACWDqb8BAAAA&ccb=7-4&ig_cache_key=MjcxODU1MTg0NzE4MTczMzk2Mg%3D%3D.2-ccb7-4&oh=00_AT8yPRFvQO2c9Po8rp2k8n8HDX62s16qLxplMXVhMRjIoA&oe=6280170E&_nc_sid=1527a3', 'scans_profile': 'e35', 'estimated_scans_sizes': [6882, 13764, 20646, 27528, 34410, 41428, 1195550, 61939, 61939]}, 'thumbnail': {'width': 480, 'height': 600, 'url': 'https://instagram.fcnd1-1.fna.fbcdn.net/v/t51.2885-15/261804927_3104402763218702_2178640974841747837_n.jpg?stp=dst-jpg_e35_p480x480&_nc_ht=instagram.fcnd1-1.fna.fbcdn.net&_nc_cat=102&_nc_ohc=1dRFVqGLxYYAX9nlXiy&edm=ACWDqb8BAAAA&ccb=7-4&ig_cache_key=MjcxODU1MTg0NzE4MTczMzk2Mg%3D%3D.2-ccb7-4&oh=00_AT8yPRFvQO2c9Po8rp2k8n8HDX62s16qLxplMXVhMRjIoA&oe=6280170E&_nc_sid=1527a3', 'scans_profile': 'e35', 'estimated_scans_sizes': [6882, 13764, 20646, 27528, 34410, 41428, 1195550, 61939, 61939]}, 'standard_resolution': {'width': 1440, 'height': 1800, 'url': 'https://instagram.fcnd1-1.fna.fbcdn.net/v/t51.2885-15/261804927_3104402763218702_2178640974841747837_n.jpg?se=7&stp=dst-jpg_e35&_nc_ht=instagram.fcnd1-1.fna.fbcdn.net&_nc_cat=102&_nc_ohc=1dRFVqGLxYYAX9nlXiy&edm=ACWDqb8BAAAA&ccb=7-4&ig_cache_key=MjcxODU1MTg0NzE4MTczMzk2Mg%3D%3D.2-ccb7-4&oh=00_AT_3CN-xmbwbVuaPmecukkHxJiH_PGcUJrZ0jH1wg6BgPA&oe=6280170E&_nc_sid=1527a3', 'scans_profile': 'e35', 'estimated_scans_sizes': [51350, 102701, 154052, 205403, 256754, 287306, 365608, 415532, 462158]}}",@mastergia  @esquire ‚Ä¶ A pleasure. x,
13,1635969741,2699032276523820070_26442490,1,False,False,1.826112442003913e+16,372,1280.0,692.0,271529,https://www.instagram.com/p/CV0444vhCQm/,"{'low_resolution': {'width': 480, 'height': 260, 'url': 'https://instagram.fcnd1-1.fna.fbcdn.net/v/t51.2885-15/251467445_239710538150389_5002532674372490275_n.jpg?stp=dst-jpg_e35_s480x480&_nc_ht=instagram.fcnd1-1.fna.fbcdn.net&_nc_cat=101&_nc_ohc=-M2LXXyFlYEAX-dSmNK&edm=ACWDqb8BAAAA&ccb=7-4&ig_cache_key=MjY5OTAzMjI3NjUyMzgyMDA3MA%3D%3D.2-ccb7-4&oh=00_AT_UcbpYH9imZUEpQDl31oPesc5jgGb2tpY_DYQpty8AQQ&oe=627FB781&_nc_sid=1527a3', 'scans_profile': 'e35', 'estimated_scans_sizes': [2044, 4088, 6133, 8177, 10221, 12306, 355142, 18399, 18399]}, 'thumbnail': {'width': 480, 'height': 260, 'url': 'https://instagram.fcnd1-1.fna.fbcdn.net/v/t51.2885-15/251467445_239710538150389_5002532674372490275_n.jpg?stp=dst-jpg_e35_s480x480&_nc_ht=instagram.fcnd1-1.fna.fbcdn.net&_nc_cat=101&_nc_ohc=-M2LXXyFlYEAX-dSmNK&edm=ACWDqb8BAAAA&ccb=7-4&ig_cache_key=MjY5OTAzMjI3NjUyMzgyMDA3MA%3D%3D.2-ccb7-4&oh=00_AT_UcbpYH9imZUEpQDl31oPesc5jgGb2tpY_DYQpty8AQQ&oe=627FB781&_nc_sid=1527a3', 'scans_profile': 'e35', 'estimated_scans_sizes': [2044, 4088, 6133, 8177, 10221, 12306, 355142, 18399, 18399]}, 'standard_resolution': {'width': 1280, 'height': 692, 'url': 'https://instagram.fcnd1-1.fna.fbcdn.net/v/t51.2885-15/251467445_239710538150389_5002532674372490275_n.jpg?se=7&stp=dst-jpg_e35&_nc_ht=instagram.fcnd1-1.fna.fbcdn.net&_nc_cat=101&_nc_ohc=-M2LXXyFlYEAX-dSmNK&edm=ACWDqb8BAAAA&ccb=7-4&ig_cache_key=MjY5OTAzMjI3NjUyMzgyMDA3MA%3D%3D.2-ccb7-4&oh=00_AT8Oh6flrYC2zHWvC_UkAmiRwugskym-5BXS2KC8rGBdFQ&oe=627FB781&_nc_sid=1527a3', 'scans_profile': 'e35', 'estimated_scans_sizes': [6296, 12593, 18890, 25187, 31484, 35231, 44832, 50954, 56672]}}",Gena,
14,1632710705,2671693497430819358_26442490,1,False,False,1.7944801339565148e+16,14329,1440.0,1800.0,3167073,https://www.instagram.com/p/CUTwxSnFcIe/,"{'low_resolution': {'width': 480, 'height': 600, 'url': 'https://instagram.fcnd1-1.fna.fbcdn.net/v/t51.2885-15/242991480_903899297175175_4086288254004931027_n.jpg?stp=dst-jpg_e35_p480x480&_nc_ht=instagram.fcnd1-1.fna.fbcdn.net&_nc_cat=107&_nc_ohc=tETeEAONnrQAX_l1Zi7&edm=ACWDqb8BAAAA&ccb=7-4&ig_cache_key=MjY3MTY5MzQ5NzQzMDgxOTM1OA%3D%3D.2-ccb7-4&oh=00_AT-VCeVXQijB4StzFg34lEIFu2PrDTWvP0-uWueHTQt7OA&oe=627ED86B&_nc_sid=1527a3', 'scans_profile': 'e35', 'estimated_scans_sizes': [4224, 8448, 12673, 16897, 21122, 25430, 733870, 38020, 38020]}, 'thumbnail': {'width': 480, 'height': 600, 'url': 'https://instagram.fcnd1-1.fna.fbcdn.net/v/t51.2885-15/242991480_903899297175175_4086288254004931027_n.jpg?stp=dst-jpg_e35_p480x480&_nc_ht=instagram.fcnd1-1.fna.fbcdn.net&_nc_cat=107&_nc_ohc=tETeEAONnrQAX_l1Zi7&edm=ACWDqb8BAAAA&ccb=7-4&ig_cache_key=MjY3MTY5MzQ5NzQzMDgxOTM1OA%3D%3D.2-ccb7-4&oh=00_AT-VCeVXQijB4StzFg34lEIFu2PrDTWvP0-uWueHTQt7OA&oe=627ED86B&_nc_sid=1527a3', 'scans_profile': 'e35', 'estimated_scans_sizes': [4224, 8448, 12673, 16897, 21122, 25430, 733870, 38020, 38020]}, 'standard_resolution': {'width': 1440, 'height': 1800, 'url': 'https://instagram.fcnd1-1.fna.fbcdn.net/v/t51.2885-15/242991480_903899297175175_4086288254004931027_n.jpg?se=7&stp=dst-jpg_e35&_nc_ht=instagram.fcnd1-1.fna.fbcdn.net&_nc_cat=107&_nc_ohc=tETeEAONnrQAX_l1Zi7&edm=ACWDqb8BAAAA&ccb=7-4&ig_cache_key=MjY3MTY5MzQ5NzQzMDgxOTM1OA%3D%3D.2-ccb7-4&oh=00_AT_LeQSZBhJZ6hfwm5U90xEX4z_lTPBvseVoKMEbZY7q1A&oe=627ED86B&_nc_sid=1527a3', 'scans_profile': 'e35', 'estimated_scans_sizes': [15934, 31868, 47803, 63737, 79671, 89152, 113449, 128940, 143409]}}","Cheers @academymuseum
A brilliant evening celebrating the history of cinema. Here‚Äôs to its future x",
15,1629266860,2642804429869181885_26442490,1,False,False,1.812601660923269e+16,4428,1072.0,605.0,1696446,https://www.instagram.com/p/CStIKB1Lmu9/,"{'low_resolution': {'width': 480, 'height': 271, 'url': 'https://instagram.fcnd1-1.fna.fbcdn.net/v/t51.2885-15/238374229_359998998943259_5007058458682262967_n.jpg?stp=dst-jpg_e35_s480x480&_nc_ht=instagram.fcnd1-1.fna.fbcdn.net&_nc_cat=111&_nc_ohc=51EbGEDzDJ4AX-7n8gf&edm=ACWDqb8BAAAA&ccb=7-4&ig_cache_key=MjY0MjgwNDQyOTg2OTE4MTg4NQ%3D%3D.2-ccb7-4&oh=00_AT_jeawnf4t2gGkQljcTVuu0HuseS2r7OMwzA0oRd_Ez1g&oe=62803AC3&_nc_sid=1527a3', 'scans_profile': 'e35', 'estimated_scans_sizes': [2844, 5688, 8533, 11377, 14221, 17121, 494107, 25599, 25599]}, 'thumbnail': {'width': 480, 'height': 271, 'url': 'https://instagram.fcnd1-1.fna.fbcdn.net/v/t51.2885-15/238374229_359998998943259_5007058458682262967_n.jpg?stp=dst-jpg_e35_s480x480&_nc_ht=instagram.fcnd1-1.fna.fbcdn.net&_nc_cat=111&_nc_ohc=51EbGEDzDJ4AX-7n8gf&edm=ACWDqb8BAAAA&ccb=7-4&ig_cache_key=MjY0MjgwNDQyOTg2OTE4MTg4NQ%3D%3D.2-ccb7-4&oh=00_AT_jeawnf4t2gGkQljcTVuu0HuseS2r7OMwzA0oRd_Ez1g&oe=62803AC3&_nc_sid=1527a3', 'scans_profile': 'e35', 'estimated_scans_sizes': [2844, 5688, 8533, 11377, 14221, 17121, 494107, 25599, 25599]}, 'standard_resolution': {'width': 1072, 'height': 605, 'url': 'https://instagram.fcnd1-1.fna.fbcdn.net/v/t51.2885-15/238374229_359998998943259_5007058458682262967_n.jpg?se=7&stp=dst-jpg_e35&_nc_ht=instagram.fcnd1-1.fna.fbcdn.net&_nc_cat=111&_nc_ohc=51EbGEDzDJ4AX-7n8gf&edm=ACWDqb8BAAAA&ccb=7-4&ig_cache_key=MjY0MjgwNDQyOTg2OTE4MTg4NQ%3D%3D.2-ccb7-4&oh=00_AT-d3ZshtmdWwd3sG0MaD3bKU8ct-BeVNo_GmfOMldZocw&oe=62803AC3&_nc_sid=1527a3', 'scans_profile': 'e35', 'estimated_scans_sizes': [10670, 21341, 32012, 42682, 53353, 59702, 75973, 86347, 96036]}}","Thanks for having me @jimmykimmellive  what a treat. 
and Thankyou @itsjuliebowen for the warm welcome to late night.  x",
16,1623682911,2595962872368307656_26442490,8,False,False,,1099,,,530364,https://www.instagram.com/p/CQGtnp5nZ3I/,"{'low_resolution': {'width': 480, 'height': 480, 'url': 'https://instagram.fcnd1-1.fna.fbcdn.net/v/t51.2885-15/201134611_169506898524656_7373458159115427137_n.jpg?stp=dst-jpg_e35_s480x480&_nc_ht=instagram.fcnd1-1.fna.fbcdn.net&_nc_cat=108&_nc_ohc=Y2y0VXMQ-CsAX8Dyixn&edm=ACWDqb8BAAAA&ccb=7-4&ig_cache_key=MjU5NTk2Mjg2OTMyMzM0MDU4Mw%3D%3D.2-ccb7-4&oh=00_AT-P5zExYfV7Zpm1tnAoLQmu8FWWaQ2Yy-ohp5Gr96-0sw&oe=628072A1&_nc_sid=1527a3', 'scans_profile': 'e35', 'estimated_scans_sizes': [4307, 8614, 12921, 17228, 21535, 25926, 748197, 38763, 38763]}, 'thumbnail': {'width': 480, 'height': 480, 'url': 'https://instagram.fcnd1-1.fna.fbcdn.net/v/t51.2885-15/201134611_169506898524656_7373458159115427137_n.jpg?stp=dst-jpg_e35_s480x480&_nc_ht=instagram.fcnd1-1.fna.fbcdn.net&_nc_cat=108&_nc_ohc=Y2y0VXMQ-CsAX8Dyixn&edm=ACWDqb8BAAAA&ccb=7-4&ig_cache_key=MjU5NTk2Mjg2OTMyMzM0MDU4Mw%3D%3D.2-ccb7-4&oh=00_AT-P5zExYfV7Zpm1tnAoLQmu8FWWaQ2Yy-ohp5Gr96-0sw&oe=628072A1&_nc_sid=1527a3', 'scans_profile': 'e35', 'estimated_scans_sizes': [4307, 8614, 12921, 17228, 21535, 25926, 748197, 38763, 38763]}, 'standard_resolution': {'width': 1440, 'height': 1440, 'url': 'https://instagram.fcnd1-1.fna.fbcdn.net/v/t51.2885-15/201134611_169506898524656_7373458159115427137_n.jpg?se=7&stp=dst-jpg_e35&_nc_ht=instagram.fcnd1-1.fna.fbcdn.net&_nc_cat=108&_nc_ohc=Y2y0VXMQ-CsAX8Dyixn&edm=ACWDqb8BAAAA&ccb=7-4&ig_cache_key=MjU5NTk2Mjg2OTMyMzM0MDU4Mw%3D%3D.2-ccb7-4&oh=00_AT9MwGYUlcnnigOQvC78k6Ai4id3-4jSMfSo9JmKnQ_4-w&oe=628072A1&_nc_sid=1527a3', 'scans_profile': 'e35', 'estimated_scans_sizes': [21551, 43102, 64653, 86204, 107755, 120577, 153440, 174392, 193960]}}","Two from ‚ÄúAn Exhibition Of Glory‚Äù by my dear friend the magnificent Maki. 
@__markoristic",
17,1623078132,2590889622076455304_26442490,8,False,False,1.788952339719437e+16,2171,,,888602,https://www.instagram.com/p/CP0sGJYHPmI/,"{'low_resolution': {'width': 480, 'height': 591, 'url': 'https://instagram.fcnd1-1.fna.fbcdn.net/v/t51.2885-15/198986579_226881595645556_4091959627816319633_n.jpg?stp=dst-jpg_e35_p480x480&_nc_ht=instagram.fcnd1-1.fna.fbcdn.net&_nc_cat=108&_nc_ohc=H6IBlmnpS18AX8_za5m&edm=ACWDqb8BAAAA&ccb=7-4&ig_cache_key=MjU5MDg4OTYxOTUwOTUyMDA2NQ%3D%3D.2-ccb7-4&oh=00_AT_QesK_QkbRJvwATR9CT8HPzuTIGMrxAUS_dLyL1p1MTQ&oe=62807E3D&_nc_sid=1527a3', 'scans_profile': 'e35', 'estimated_scans_sizes': [4718, 9436, 14155, 18873, 23592, 28403, 819678, 42466, 42466]}, 'thumbnail': {'width': 480, 'height': 591, 'url': 'https://instagram.fcnd1-1.fna.fbcdn.net/v/t51.2885-15/198986579_226881595645556_4091959627816319633_n.jpg?stp=dst-jpg_e35_p480x480&_nc_ht=instagram.fcnd1-1.fna.fbcdn.net&_nc_cat=108&_nc_ohc=H6IBlmnpS18AX8_za5m&edm=ACWDqb8BAAAA&ccb=7-4&ig_cache_key=MjU5MDg4OTYxOTUwOTUyMDA2NQ%3D%3D.2-ccb7-4&oh=00_AT_QesK_QkbRJvwATR9CT8HPzuTIGMrxAUS_dLyL1p1MTQ&oe=62807E3D&_nc_sid=1527a3', 'scans_profile': 'e35', 'estimated_scans_sizes': [4718, 9436, 14155, 18873, 23592, 28403, 819678, 42466, 42466]}, 'standard_resolution': {'width': 1440, 'height': 1774, 'url': 'https://instagram.fcnd1-1.fna.fbcdn.net/v/t51.2885-15/198986579_226881595645556_4091959627816319633_n.jpg?se=7&stp=dst-jpg_e35&_nc_ht=instagram.fcnd1-1.fna.fbcdn.net&_nc_cat=108&_nc_ohc=H6IBlmnpS18AX8_za5m&edm=ACWDqb8BAAAA&ccb=7-4&ig_cache_key=MjU5MDg4OTYxOTUwOTUyMDA2NQ%3D%3D.2-ccb7-4&oh=00_AT9Dh35pNUinvRSxCJdq4NZvnvWqPjChJJpSqNdUi2smEQ&oe=62807E3D&_nc_sid=1527a3', 'scans_profile': 'e35', 'estimated_scans_sizes': [21142, 42284, 63427, 84569, 105712, 118291, 150530, 171085, 190282]}}",,
18,1619056917,2557157225011340404_26442490,1,False,False,,753,1440.0,960.0,538133,https://www.instagram.com/p/CN82PKfn-R0/,"{'low_resolution': {'width': 480, 'height': 320, 'url': 'https://instagram.fcnd1-1.fna.fbcdn.net/v/t51.2885-15/176256355_2897382133883585_5156220069748476181_n.jpg?stp=dst-jpg_e35_s480x480&_nc_ht=instagram.fcnd1-1.fna.fbcdn.net&_nc_cat=105&_nc_ohc=PLM1woDybJkAX_wyaxP&edm=ACWDqb8BAAAA&ccb=7-4&ig_cache_key=MjU1NzE1NzIyNTAxMTM0MDQwNA%3D%3D.2-ccb7-4&oh=00_AT9cyN_iu25UID50BfsW3dnY71rntChFdkec8EEek6w9EQ&oe=628037E1&_nc_sid=1527a3', 'scans_profile': 'e35', 'estimated_scans_sizes': [3060, 6120, 9180, 12240, 15301, 18422, 531629, 27542, 27542]}, 'thumbnail': {'width': 480, 'height': 320, 'url': 'https://instagram.fcnd1-1.fna.fbcdn.net/v/t51.2885-15/176256355_2897382133883585_5156220069748476181_n.jpg?stp=dst-jpg_e35_s480x480&_nc_ht=instagram.fcnd1-1.fna.fbcdn.net&_nc_cat=105&_nc_ohc=PLM1woDybJkAX_wyaxP&edm=ACWDqb8BAAAA&ccb=7-4&ig_cache_key=MjU1NzE1NzIyNTAxMTM0MDQwNA%3D%3D.2-ccb7-4&oh=00_AT9cyN_iu25UID50BfsW3dnY71rntChFdkec8EEek6w9EQ&oe=628037E1&_nc_sid=1527a3', 'scans_profile': 'e35', 'estimated_scans_sizes': [3060, 6120, 9180, 12240, 15301, 18422, 531629, 27542, 27542]}, 'standard_resolution': {'width': 1440, 'height': 960, 'url': 'https://instagram.fcnd1-1.fna.fbcdn.net/v/t51.2885-15/176256355_2897382133883585_5156220069748476181_n.jpg?se=7&stp=dst-jpg_e35&_nc_ht=instagram.fcnd1-1.fna.fbcdn.net&_nc_cat=105&_nc_ohc=PLM1woDybJkAX_wyaxP&edm=ACWDqb8BAAAA&ccb=7-4&ig_cache_key=MjU1NzE1NzIyNTAxMTM0MDQwNA%3D%3D.2-ccb7-4&oh=00_AT-6b0o6KSwOHYgJCyNdfU-3vtneZUFjglONxzgvKxRiDg&oe=628037E1&_nc_sid=1527a3', 'scans_profile': 'e35', 'estimated_scans_sizes': [15111, 30223, 45335, 60447, 75558, 84549, 107593, 122284, 136006]}}",,
19,1617215075,2541706728150296618_26442490,8,False,False,1.7897475544927912e+16,16465,,,3763341,https://www.instagram.com/p/CNF9M1-nmgq/,"{'low_resolution': {'width': 480, 'height': 600, 'url': 'https://instagram.fcnd1-1.fna.fbcdn.net/v/t51.2885-15/166571362_851945472055704_5883455539800003412_n.jpg?stp=dst-jpg_e35_p480x480&_nc_ht=instagram.fcnd1-1.fna.fbcdn.net&_nc_cat=100&_nc_ohc=Jty4a-tAQpQAX95QebV&edm=ACWDqb8BAAAA&ccb=7-4&ig_cache_key=MjU0MTcwNjcyNTE5NzM3NjkxNQ%3D%3D.2-ccb7-4&oh=00_AT_Zd2hWSulgT0zWWKuADbY6ObV2lT4j52qn1hG1yVPAaQ&oe=62805E1B&_nc_sid=1527a3', 'scans_profile': 'e35', 'estimated_scans_sizes': [5547, 11094, 16641, 22188, 27735, 33391, 963628, 49924, 49924]}, 'thumbnail': {'width': 480, 'height': 600, 'url': 'https://instagram.fcnd1-1.fna.fbcdn.net/v/t51.2885-15/166571362_851945472055704_5883455539800003412_n.jpg?stp=dst-jpg_e35_p480x480&_nc_ht=instagram.fcnd1-1.fna.fbcdn.net&_nc_cat=100&_nc_ohc=Jty4a-tAQpQAX95QebV&edm=ACWDqb8BAAAA&ccb=7-4&ig_cache_key=MjU0MTcwNjcyNTE5NzM3NjkxNQ%3D%3D.2-ccb7-4&oh=00_AT_Zd2hWSulgT0zWWKuADbY6ObV2lT4j52qn1hG1yVPAaQ&oe=62805E1B&_nc_sid=1527a3', 'scans_profile': 'e35', 'estimated_scans_sizes': [5547, 11094, 16641, 22188, 27735, 33391, 963628, 49924, 49924]}, 'standard_resolution': {'width': 1440, 'height': 1800, 'url': 'https://instagram.fcnd1-1.fna.fbcdn.net/v/t51.2885-15/166571362_851945472055704_5883455539800003412_n.jpg?se=7&stp=dst-jpg_e35&_nc_ht=instagram.fcnd1-1.fna.fbcdn.net&_nc_cat=100&_nc_ohc=Jty4a-tAQpQAX95QebV&edm=ACWDqb8BAAAA&ccb=7-4&ig_cache_key=MjU0MTcwNjcyNTE5NzM3NjkxNQ%3D%3D.2-ccb7-4&oh=00_AT9Dx9pa_NgoIFr4NMyHV8oqQTxFwDmCnrBHBM1pcZRLbg&oe=62805E1B&_nc_sid=1527a3', 'scans_profile': 'e35', 'estimated_scans_sizes': [30617, 61235, 91853, 122470, 153088, 171305, 217992, 247758, 275559]}}","Cheers @_manabouttownuk 
@isabellaelordi for bringing art to my world through hers. 
X",
20,1614889562,2522196842110649677_26442490,2,False,False,,8776,720.0,900.0,1249471,https://www.instagram.com/p/CMApKorngVN/,"{'low_resolution': {'width': 480, 'height': 600, 'url': 'https://instagram.fcnd1-1.fna.fbcdn.net/v/t51.2885-15/156262303_449921926132986_2077367708304554206_n.jpg?stp=dst-jpg_e35_p480x480&_nc_ht=instagram.fcnd1-1.fna.fbcdn.net&_nc_cat=106&_nc_ohc=NBmv9CGzYZAAX9Ze6AH&edm=ACWDqb8BAAAA&ccb=7-4&ig_cache_key=MjUyMjE5Njg0MjExMDY0OTY3Nw%3D%3D.2-ccb7-4&oh=00_AT8kfuWy5Gt77Fpju-bOXZNVUK-AyYz6_9bzS17OmcQSFA&oe=627F69AE&_nc_sid=1527a3', 'scans_profile': 'e35', 'estimated_scans_sizes': [4672, 9345, 14017, 18690, 23362, 28127, 811702, 42053, 42053]}, 'thumbnail': {'width': 480, 'height': 600, 'url': 'https://instagram.fcnd1-1.fna.fbcdn.net/v/t51.2885-15/156262303_449921926132986_2077367708304554206_n.jpg?stp=dst-jpg_e35_p480x480&_nc_ht=instagram.fcnd1-1.fna.fbcdn.net&_nc_cat=106&_nc_ohc=NBmv9CGzYZAAX9Ze6AH&edm=ACWDqb8BAAAA&ccb=7-4&ig_cache_key=MjUyMjE5Njg0MjExMDY0OTY3Nw%3D%3D.2-ccb7-4&oh=00_AT8kfuWy5Gt77Fpju-bOXZNVUK-AyYz6_9bzS17OmcQSFA&oe=627F69AE&_nc_sid=1527a3', 'scans_profile': 'e35', 'estimated_scans_sizes': [4672, 9345, 14017, 18690, 23362, 28127, 811702, 42053, 42053]}, 'standard_resolution': {'width': 480, 'height': 600, 'url': 'https://instagram.fcnd1-1.fna.fbcdn.net/v/t51.2885-15/156262303_449921926132986_2077367708304554206_n.jpg?stp=dst-jpg_e35_p480x480&_nc_ht=instagram.fcnd1-1.fna.fbcdn.net&_nc_cat=106&_nc_ohc=NBmv9CGzYZAAX9Ze6AH&edm=ACWDqb8BAAAA&ccb=7-4&ig_cache_key=MjUyMjE5Njg0MjExMDY0OTY3Nw%3D%3D.2-ccb7-4&oh=00_AT8kfuWy5Gt77Fpju-bOXZNVUK-AyYz6_9bzS17OmcQSFA&oe=627F69AE&_nc_sid=1527a3', 'scans_profile': 'e35', 'estimated_scans_sizes': [4672, 9345, 14017, 18690, 23362, 28127, 811702, 42053, 42053]}}","Cheers, 

@terenceetc 
#MYCALVINS 
X",
21,1614803652,2521478250494840883_26442490,1,False,False,1.7862689621434638e+16,12261,1349.0,1687.0,2690332,https://www.instagram.com/p/CL-FxwFnlAz/,"{'low_resolution': {'width': 480, 'height': 600, 'url': 'https://instagram.fcnd1-1.fna.fbcdn.net/v/t51.2885-15/155189727_3811922548901397_3674113089741866415_n.jpg?stp=dst-jpg_e35_p480x480&_nc_ht=instagram.fcnd1-1.fna.fbcdn.net&_nc_cat=109&_nc_ohc=SsAG_ifmWRQAX8wVqPk&edm=ACWDqb8BAAAA&ccb=7-4&ig_cache_key=MjUyMTQ3ODI1MDQ5NDg0MDg4Mw%3D%3D.2-ccb7-4&oh=00_AT-i9haB11gVGaerNpjKpxIn2s4Z_prPuTaWG9_Vcgepmw&oe=62806D50&_nc_sid=1527a3', 'scans_profile': 'e35', 'estimated_scans_sizes': [5208, 10416, 15624, 20832, 26041, 31351, 904756, 46874, 46874]}, 'thumbnail': {'width': 480, 'height': 600, 'url': 'https://instagram.fcnd1-1.fna.fbcdn.net/v/t51.2885-15/155189727_3811922548901397_3674113089741866415_n.jpg?stp=dst-jpg_e35_p480x480&_nc_ht=instagram.fcnd1-1.fna.fbcdn.net&_nc_cat=109&_nc_ohc=SsAG_ifmWRQAX8wVqPk&edm=ACWDqb8BAAAA&ccb=7-4&ig_cache_key=MjUyMTQ3ODI1MDQ5NDg0MDg4Mw%3D%3D.2-ccb7-4&oh=00_AT-i9haB11gVGaerNpjKpxIn2s4Z_prPuTaWG9_Vcgepmw&oe=62806D50&_nc_sid=1527a3', 'scans_profile': 'e35', 'estimated_scans_sizes': [5208, 10416, 15624, 20832, 26041, 31351, 904756, 46874, 46874]}, 'standard_resolution': {'width': 1349, 'height': 1687, 'url': 'https://instagram.fcnd1-1.fna.fbcdn.net/v/t51.2885-15/155189727_3811922548901397_3674113089741866415_n.jpg?se=7&stp=dst-jpg_e35&_nc_ht=instagram.fcnd1-1.fna.fbcdn.net&_nc_cat=109&_nc_ohc=SsAG_ifmWRQAX8wVqPk&edm=ACWDqb8BAAAA&ccb=7-4&ig_cache_key=MjUyMTQ3ODI1MDQ5NDg0MDg4Mw%3D%3D.2-ccb7-4&oh=00_AT_tUyuTLvBnf21FXwws1jQhU1PhwgUjASRaW75xtNHuFA&oe=62806D50&_nc_sid=1527a3', 'scans_profile': 'e35', 'estimated_scans_sizes': [24300, 48600, 72900, 97200, 121500, 135958, 173012, 196637, 218701]}}","#MYCALVINS 
@calvinklein 
@mario_sorrenti",
22,1614191625,2516344195134548692_26442490,1,False,False,1.7909873476634036e+16,7795,1109.0,1139.0,2174178,https://www.instagram.com/p/CLr2babnGrU/,"{'low_resolution': {'width': 480, 'height': 493, 'url': 'https://instagram.fcnd1-1.fna.fbcdn.net/v/t51.2885-15/153516344_501179511284295_6477342395237636245_n.jpg?stp=dst-jpg_e35_p480x480&_nc_ht=instagram.fcnd1-1.fna.fbcdn.net&_nc_cat=103&_nc_ohc=xFJLIhNLY5wAX9fqgzs&edm=ACWDqb8BAAAA&ccb=7-4&ig_cache_key=MjUxNjM0NDE5NTEzNDU0ODY5Mg%3D%3D.2-ccb7-4&oh=00_AT_I9cx5ArGl0lqxzL5PORF9RXyDwelMcb8PD7YCwLRSpQ&oe=627F7914&_nc_sid=1527a3', 'scans_profile': 'e35', 'estimated_scans_sizes': [6251, 12502, 18754, 25005, 31256, 37631, 1085978, 56262, 56262]}, 'thumbnail': {'width': 480, 'height': 493, 'url': 'https://instagram.fcnd1-1.fna.fbcdn.net/v/t51.2885-15/153516344_501179511284295_6477342395237636245_n.jpg?stp=dst-jpg_e35_p480x480&_nc_ht=instagram.fcnd1-1.fna.fbcdn.net&_nc_cat=103&_nc_ohc=xFJLIhNLY5wAX9fqgzs&edm=ACWDqb8BAAAA&ccb=7-4&ig_cache_key=MjUxNjM0NDE5NTEzNDU0ODY5Mg%3D%3D.2-ccb7-4&oh=00_AT_I9cx5ArGl0lqxzL5PORF9RXyDwelMcb8PD7YCwLRSpQ&oe=627F7914&_nc_sid=1527a3', 'scans_profile': 'e35', 'estimated_scans_sizes': [6251, 12502, 18754, 25005, 31256, 37631, 1085978, 56262, 56262]}, 'standard_resolution': {'width': 1109, 'height': 1139, 'url': 'https://instagram.fcnd1-1.fna.fbcdn.net/v/t51.2885-15/153516344_501179511284295_6477342395237636245_n.jpg?se=7&stp=dst-jpg_e35&_nc_ht=instagram.fcnd1-1.fna.fbcdn.net&_nc_cat=103&_nc_ohc=xFJLIhNLY5wAX9fqgzs&edm=ACWDqb8BAAAA&ccb=7-4&ig_cache_key=MjUxNjM0NDE5NTEzNDU0ODY5Mg%3D%3D.2-ccb7-4&oh=00_AT_aJ61_fH7s5hfw_WhDqTmubJ1kh7CIJwSS2wq8Ases5g&oe=627F7914&_nc_sid=1527a3', 'scans_profile': 'e35', 'estimated_scans_sizes': [37049, 74098, 111147, 148196, 185245, 207288, 263782, 299801, 333441]}}","Grateful as ever to be in the @wmag best performances issue. 

A real honour.
Cheers",
23,1607969839,2464152073971596211_26442490,8,False,False,1.789153809177462e+16,1425,,,629040,https://www.instagram.com/p/CIybUFxnnuz/,"{'low_resolution': {'width': 480, 'height': 560, 'url': 'https://instagram.fcnd1-1.fna.fbcdn.net/v/t51.2885-15/130960090_417022436311527_4718793349287419432_n.jpg?stp=dst-jpg_e35_p480x480&_nc_ht=instagram.fcnd1-1.fna.fbcdn.net&_nc_cat=103&_nc_ohc=Bcdnv9WU_DQAX_pENCa&edm=ACWDqb8BAAAA&ccb=7-4&ig_cache_key=MjQ2NDE1MjA3MjEwOTE2NDY2Ng%3D%3D.2-ccb7-4&oh=00_AT-zNVW4Gi0Qg4b-LnVBYctqN3syIF2Qzaa4I2q57mZPvw&oe=627F1AEE&_nc_sid=1527a3', 'scans_profile': 'e35', 'estimated_scans_sizes': [5679, 11358, 17037, 22716, 28395, 34186, 986552, 51111, 51111]}, 'thumbnail': {'width': 480, 'height': 560, 'url': 'https://instagram.fcnd1-1.fna.fbcdn.net/v/t51.2885-15/130960090_417022436311527_4718793349287419432_n.jpg?stp=dst-jpg_e35_p480x480&_nc_ht=instagram.fcnd1-1.fna.fbcdn.net&_nc_cat=103&_nc_ohc=Bcdnv9WU_DQAX_pENCa&edm=ACWDqb8BAAAA&ccb=7-4&ig_cache_key=MjQ2NDE1MjA3MjEwOTE2NDY2Ng%3D%3D.2-ccb7-4&oh=00_AT-zNVW4Gi0Qg4b-LnVBYctqN3syIF2Qzaa4I2q57mZPvw&oe=627F1AEE&_nc_sid=1527a3', 'scans_profile': 'e35', 'estimated_scans_sizes': [5679, 11358, 17037, 22716, 28395, 34186, 986552, 51111, 51111]}, 'standard_resolution': {'width': 1129, 'height': 1318, 'url': 'https://instagram.fcnd1-1.fna.fbcdn.net/v/t51.2885-15/130960090_417022436311527_4718793349287419432_n.jpg?se=7&stp=dst-jpg_e35&_nc_ht=instagram.fcnd1-1.fna.fbcdn.net&_nc_cat=103&_nc_ohc=Bcdnv9WU_DQAX_pENCa&edm=ACWDqb8BAAAA&ccb=7-4&ig_cache_key=MjQ2NDE1MjA3MjEwOTE2NDY2Ng%3D%3D.2-ccb7-4&oh=00_AT90-ZbyN3Uhs8PqpF3Z96QgY9rUU_7FpGWyHjP5GZ6N0g&oe=627F1AEE&_nc_sid=1527a3', 'scans_profile': 'e35', 'estimated_scans_sizes': [26008, 52016, 78024, 104032, 130041, 145515, 185174, 210459, 234074]}}",,
24,1605301515,2441768546672220368_26442490,1,False,False,1.7863808111147216e+16,25317,1440.0,1799.0,3632063,https://www.instagram.com/p/CHi545gHpjQ/,"{'low_resolution': {'width': 480, 'height': 600, 'url': 'https://instagram.fcnd1-1.fna.fbcdn.net/v/t51.2885-15/124791564_156963682783567_2533718228854049598_n.jpg?stp=dst-jpg_e35_p480x480&_nc_ht=instagram.fcnd1-1.fna.fbcdn.net&_nc_cat=107&_nc_ohc=YX7VmueFiW0AX-dUil2&edm=ACWDqb8BAAAA&ccb=7-4&ig_cache_key=MjQ0MTc2ODU0NjY3MjIyMDM2OA%3D%3D.2-ccb7-4&oh=00_AT8xcuO4bIx3fsytB96ptFs-Lv7o5HlQAa0ASPQgxRqshA&oe=62808CA8&_nc_sid=1527a3', 'scans_profile': 'e35', 'estimated_scans_sizes': [4307, 8614, 12922, 17229, 21537, 25929, 748280, 38767, 38767]}, 'thumbnail': {'width': 480, 'height': 600, 'url': 'https://instagram.fcnd1-1.fna.fbcdn.net/v/t51.2885-15/124791564_156963682783567_2533718228854049598_n.jpg?stp=dst-jpg_e35_p480x480&_nc_ht=instagram.fcnd1-1.fna.fbcdn.net&_nc_cat=107&_nc_ohc=YX7VmueFiW0AX-dUil2&edm=ACWDqb8BAAAA&ccb=7-4&ig_cache_key=MjQ0MTc2ODU0NjY3MjIyMDM2OA%3D%3D.2-ccb7-4&oh=00_AT8xcuO4bIx3fsytB96ptFs-Lv7o5HlQAa0ASPQgxRqshA&oe=62808CA8&_nc_sid=1527a3', 'scans_profile': 'e35', 'estimated_scans_sizes': [4307, 8614, 12922, 17229, 21537, 25929, 748280, 38767, 38767]}, 'standard_resolution': {'width': 1440, 'height': 1799, 'url': 'https://instagram.fcnd1-1.fna.fbcdn.net/v/t51.2885-15/124791564_156963682783567_2533718228854049598_n.jpg?se=7&stp=dst-jpg_e35&_nc_ht=instagram.fcnd1-1.fna.fbcdn.net&_nc_cat=107&_nc_ohc=YX7VmueFiW0AX-dUil2&edm=ACWDqb8BAAAA&ccb=7-4&ig_cache_key=MjQ0MTc2ODU0NjY3MjIyMDM2OA%3D%3D.2-ccb7-4&oh=00_AT9knfdDKiWZ5Qt6L6OITTyHk4XmhQF-8977mXlm2kXfWg&oe=62808CA8&_nc_sid=1527a3', 'scans_profile': 'e35', 'estimated_scans_sizes': [16689, 33378, 50067, 66756, 83445, 93375, 118823, 135049, 150202]}}","@vanityfair

Cheers xx",
25,1594521745,2351341280268565835_26442490,8,False,False,,0,,,2816814,https://www.instagram.com/p/CChpG-8Hr1L/,"{'low_resolution': {'width': 480, 'height': 600, 'url': 'https://instagram.fcnd1-1.fna.fbcdn.net/v/t51.2885-15/107413840_560361164635430_8154468418364975910_n.jpg?stp=dst-jpg_e35_p480x480&_nc_ht=instagram.fcnd1-1.fna.fbcdn.net&_nc_cat=102&_nc_ohc=pbQWhGRG2CYAX88Kt3b&edm=ACWDqb8BAAAA&ccb=7-4&ig_cache_key=MjM1MTM0MTI3NzI0MDMyNTQ1Ng%3D%3D.2-ccb7-4&oh=00_AT96NjkdBag6p79Ese5uDQOWHS5ieNGKODfBP926QdnspA&oe=62805116&_nc_sid=1527a3', 'scans_profile': 'e35', 'estimated_scans_sizes': [6239, 12479, 18719, 24958, 31198, 37560, 1083948, 56157, 56157]}, 'thumbnail': {'width': 480, 'height': 600, 'url': 'https://instagram.fcnd1-1.fna.fbcdn.net/v/t51.2885-15/107413840_560361164635430_8154468418364975910_n.jpg?stp=dst-jpg_e35_p480x480&_nc_ht=instagram.fcnd1-1.fna.fbcdn.net&_nc_cat=102&_nc_ohc=pbQWhGRG2CYAX88Kt3b&edm=ACWDqb8BAAAA&ccb=7-4&ig_cache_key=MjM1MTM0MTI3NzI0MDMyNTQ1Ng%3D%3D.2-ccb7-4&oh=00_AT96NjkdBag6p79Ese5uDQOWHS5ieNGKODfBP926QdnspA&oe=62805116&_nc_sid=1527a3', 'scans_profile': 'e35', 'estimated_scans_sizes': [6239, 12479, 18719, 24958, 31198, 37560, 1083948, 56157, 56157]}, 'standard_resolution': {'width': 1440, 'height': 1800, 'url': 'https://instagram.fcnd1-1.fna.fbcdn.net/v/t51.2885-15/107413840_560361164635430_8154468418364975910_n.jpg?se=7&stp=dst-jpg_e35&_nc_ht=instagram.fcnd1-1.fna.fbcdn.net&_nc_cat=102&_nc_ohc=pbQWhGRG2CYAX88Kt3b&edm=ACWDqb8BAAAA&ccb=7-4&ig_cache_key=MjM1MTM0MTI3NzI0MDMyNTQ1Ng%3D%3D.2-ccb7-4&oh=00_AT_JkkGbcMFw-lUbJnnutwAnzd_a2VLwjn8woQWZhpVsFg&oe=62805116&_nc_sid=1527a3', 'scans_profile': 'e35', 'estimated_scans_sizes': [40597, 81194, 121792, 162389, 202986, 227140, 289045, 328514, 365376]}}","@gqaustralia by @isabellaelordi 

Cheers,
J.  x",
26,1590981620,2321644561494902427_26442490,1,False,False,,4736,1241.0,1237.0,733028,https://www.instagram.com/p/CA4I22Wnwab/,"{'low_resolution': {'width': 480, 'height': 478, 'url': 'https://instagram.fcnd1-1.fna.fbcdn.net/v/t51.2885-15/101550810_563270680873252_6853990400061964238_n.jpg?stp=dst-jpg_e35_s480x480&_nc_ht=instagram.fcnd1-1.fna.fbcdn.net&_nc_cat=104&_nc_ohc=mFbs14vWqy0AX8rLL-p&edm=ACWDqb8BAAAA&ccb=7-4&ig_cache_key=MjMyMTY0NDU2MTQ5NDkwMjQyNw%3D%3D.2-ccb7-4&oh=00_AT_he-gICc-YGeR_G-0QrJVI_oIbrmmrPEUl7sZHX7-wtA&oe=62808CE1&_nc_sid=1527a3', 'scans_profile': 'e35', 'estimated_scans_sizes': [3486, 6972, 10458, 13944, 17431, 20985, 605615, 31376, 31376]}, 'thumbnail': {'width': 480, 'height': 478, 'url': 'https://instagram.fcnd1-1.fna.fbcdn.net/v/t51.2885-15/101550810_563270680873252_6853990400061964238_n.jpg?stp=dst-jpg_e35_s480x480&_nc_ht=instagram.fcnd1-1.fna.fbcdn.net&_nc_cat=104&_nc_ohc=mFbs14vWqy0AX8rLL-p&edm=ACWDqb8BAAAA&ccb=7-4&ig_cache_key=MjMyMTY0NDU2MTQ5NDkwMjQyNw%3D%3D.2-ccb7-4&oh=00_AT_he-gICc-YGeR_G-0QrJVI_oIbrmmrPEUl7sZHX7-wtA&oe=62808CE1&_nc_sid=1527a3', 'scans_profile': 'e35', 'estimated_scans_sizes': [3486, 6972, 10458, 13944, 17431, 20985, 605615, 31376, 31376]}, 'standard_resolution': {'width': 1241, 'height': 1237, 'url': 'https://instagram.fcnd1-1.fna.fbcdn.net/v/t51.2885-15/101550810_563270680873252_6853990400061964238_n.jpg?se=7&stp=dst-jpg_e35&_nc_ht=instagram.fcnd1-1.fna.fbcdn.net&_nc_cat=104&_nc_ohc=mFbs14vWqy0AX8rLL-p&edm=ACWDqb8BAAAA&ccb=7-4&ig_cache_key=MjMyMTY0NDU2MTQ5NDkwMjQyNw%3D%3D.2-ccb7-4&oh=00_AT9mBiuJMX-_2Ag7C-MeX-qCYeI-CwXTRCPdHY79L31MfQ&oe=62808CE1&_nc_sid=1527a3', 'scans_profile': 'e35', 'estimated_scans_sizes': [10871, 21742, 32613, 43484, 54355, 60823, 77400, 87969, 97839]}}",Please stand with each other. Stay educated and stay alert. Look after one another. Be kind and love.,
27,1583457508,2258527738105137808_26442490,8,False,False,1.7856689107802512e+16,3381,,,1406553,https://www.instagram.com/p/B9X5wL5H4qQ/,"{'low_resolution': {'width': 480, 'height': 600, 'url': 'https://instagram.fcnd1-1.fna.fbcdn.net/v/t51.2885-15/83768353_130676608377397_4880358940402219200_n.jpg?stp=dst-jpg_e35_p480x480&_nc_ht=instagram.fcnd1-1.fna.fbcdn.net&_nc_cat=101&_nc_ohc=U-huDatfvgoAX-1LXWj&edm=ACWDqb8BAAAA&ccb=7-4&ig_cache_key=MjI1ODUyNzczNjIyNjA1NjA2NQ%3D%3D.2-ccb7-4&oh=00_AT8HzbsNuGyAKnMiEJtwGIJJ6h63ckUX6BQl8djB7111Mg&oe=627EDE79&_nc_sid=1527a3', 'scans_profile': 'e35', 'estimated_scans_sizes': [5052, 10104, 15156, 20208, 25260, 30412, 877650, 45469, 45469]}, 'thumbnail': {'width': 480, 'height': 600, 'url': 'https://instagram.fcnd1-1.fna.fbcdn.net/v/t51.2885-15/83768353_130676608377397_4880358940402219200_n.jpg?stp=dst-jpg_e35_p480x480&_nc_ht=instagram.fcnd1-1.fna.fbcdn.net&_nc_cat=101&_nc_ohc=U-huDatfvgoAX-1LXWj&edm=ACWDqb8BAAAA&ccb=7-4&ig_cache_key=MjI1ODUyNzczNjIyNjA1NjA2NQ%3D%3D.2-ccb7-4&oh=00_AT8HzbsNuGyAKnMiEJtwGIJJ6h63ckUX6BQl8djB7111Mg&oe=627EDE79&_nc_sid=1527a3', 'scans_profile': 'e35', 'estimated_scans_sizes': [5052, 10104, 15156, 20208, 25260, 30412, 877650, 45469, 45469]}, 'standard_resolution': {'width': 1440, 'height': 1799, 'url': 'https://instagram.fcnd1-1.fna.fbcdn.net/v/t51.2885-15/83768353_130676608377397_4880358940402219200_n.jpg?se=7&stp=dst-jpg_e35&_nc_ht=instagram.fcnd1-1.fna.fbcdn.net&_nc_cat=101&_nc_ohc=U-huDatfvgoAX-1LXWj&edm=ACWDqb8BAAAA&ccb=7-4&ig_cache_key=MjI1ODUyNzczNjIyNjA1NjA2NQ%3D%3D.2-ccb7-4&oh=00_AT_4lSkXS34_L57pt3bD2UnICgxUjxm1kiXd9RyAFwC19A&oe=627EDE79&_nc_sid=1527a3', 'scans_profile': 'e35', 'estimated_scans_sizes': [24462, 48924, 73387, 97849, 122312, 136866, 174168, 197950, 220162]}}",,
28,1583457432,2258527100142906057_26442490,1,False,False,1.7854285393851642e+16,3461,1440.0,1800.0,1209660,https://www.instagram.com/p/B9X5m5vnGrJ/,"{'low_resolution': {'width': 480, 'height': 600, 'url': 'https://instagram.fcnd1-1.fna.fbcdn.net/v/t51.2885-15/88435753_542575159705965_8394971869968191765_n.jpg?stp=dst-jpg_e35_p480x480&_nc_ht=instagram.fcnd1-1.fna.fbcdn.net&_nc_cat=109&_nc_ohc=469KgtFOxs8AX9CrStB&edm=ACWDqb8BAAAA&ccb=7-4&ig_cache_key=MjI1ODUyNzEwMDE0MjkwNjA1Nw%3D%3D.2-ccb7-4&oh=00_AT8mX0gVAVFRtxRV-3SQIyIXNPjd7R6VHvhk8LJcTernvA&oe=627F70CE&_nc_sid=1527a3', 'scans_profile': 'e35', 'estimated_scans_sizes': [5088, 10177, 15266, 20355, 25443, 30632, 884006, 45799, 45799]}, 'thumbnail': {'width': 480, 'height': 600, 'url': 'https://instagram.fcnd1-1.fna.fbcdn.net/v/t51.2885-15/88435753_542575159705965_8394971869968191765_n.jpg?stp=dst-jpg_e35_p480x480&_nc_ht=instagram.fcnd1-1.fna.fbcdn.net&_nc_cat=109&_nc_ohc=469KgtFOxs8AX9CrStB&edm=ACWDqb8BAAAA&ccb=7-4&ig_cache_key=MjI1ODUyNzEwMDE0MjkwNjA1Nw%3D%3D.2-ccb7-4&oh=00_AT8mX0gVAVFRtxRV-3SQIyIXNPjd7R6VHvhk8LJcTernvA&oe=627F70CE&_nc_sid=1527a3', 'scans_profile': 'e35', 'estimated_scans_sizes': [5088, 10177, 15266, 20355, 25443, 30632, 884006, 45799, 45799]}, 'standard_resolution': {'width': 1440, 'height': 1800, 'url': 'https://instagram.fcnd1-1.fna.fbcdn.net/v/t51.2885-15/88435753_542575159705965_8394971869968191765_n.jpg?se=7&stp=dst-jpg_e35&_nc_ht=instagram.fcnd1-1.fna.fbcdn.net&_nc_cat=109&_nc_ohc=469KgtFOxs8AX9CrStB&edm=ACWDqb8BAAAA&ccb=7-4&ig_cache_key=MjI1ODUyNzEwMDE0MjkwNjA1Nw%3D%3D.2-ccb7-4&oh=00_AT8rliQ1eHSXoKjrWAYuyJ7GOOYQTPUq9-VpF4MXIED-EA&oe=627F70CE&_nc_sid=1527a3', 'scans_profile': 'e35', 'estimated_scans_sizes': [24897, 49795, 74693, 99591, 124489, 139303, 177268, 201474, 224081]}}","@vman 
Cheers.",
29,1579553633,2225779660713441112_26442490,1,False,False,,3616,1354.0,1354.0,1488214,https://www.instagram.com/p/B7jjs8JHTdY/,"{'low_resolution': {'width': 480, 'height': 480, 'url': 'https://instagram.fcnd1-1.fna.fbcdn.net/v/t51.2885-15/82864174_192129845243429_5653884697137709724_n.jpg?stp=dst-jpg_e35_s480x480&_nc_ht=instagram.fcnd1-1.fna.fbcdn.net&_nc_cat=105&_nc_ohc=foYaPm0SawMAX99cGrD&edm=ACWDqb8BAAAA&ccb=7-4&ig_cache_key=MjIyNTc3OTY2MDcxMzQ0MTExMg%3D%3D.2-ccb7-4&oh=00_AT8OSupe8QmkpHv_eMd118BusiULzu-hZK1NiImDWQ5ugw&oe=627FA4F1&_nc_sid=1527a3', 'scans_profile': 'e35', 'estimated_scans_sizes': [4097, 8195, 12292, 16390, 20487, 24666, 711831, 36878, 36878]}, 'thumbnail': {'width': 480, 'height': 480, 'url': 'https://instagram.fcnd1-1.fna.fbcdn.net/v/t51.2885-15/82864174_192129845243429_5653884697137709724_n.jpg?stp=dst-jpg_e35_s480x480&_nc_ht=instagram.fcnd1-1.fna.fbcdn.net&_nc_cat=105&_nc_ohc=foYaPm0SawMAX99cGrD&edm=ACWDqb8BAAAA&ccb=7-4&ig_cache_key=MjIyNTc3OTY2MDcxMzQ0MTExMg%3D%3D.2-ccb7-4&oh=00_AT8OSupe8QmkpHv_eMd118BusiULzu-hZK1NiImDWQ5ugw&oe=627FA4F1&_nc_sid=1527a3', 'scans_profile': 'e35', 'estimated_scans_sizes': [4097, 8195, 12292, 16390, 20487, 24666, 711831, 36878, 36878]}, 'standard_resolution': {'width': 1354, 'height': 1354, 'url': 'https://instagram.fcnd1-1.fna.fbcdn.net/v/t51.2885-15/82864174_192129845243429_5653884697137709724_n.jpg?se=7&stp=dst-jpg_e35&_nc_ht=instagram.fcnd1-1.fna.fbcdn.net&_nc_cat=105&_nc_ohc=foYaPm0SawMAX99cGrD&edm=ACWDqb8BAAAA&ccb=7-4&ig_cache_key=MjIyNTc3OTY2MDcxMzQ0MTExMg%3D%3D.2-ccb7-4&oh=00_AT_61ETLimPH0ivRwKMkckxEcbVpQY8mWN-0WvmcmntteQ&oe=627FA4F1&_nc_sid=1527a3', 'scans_profile': 'e35', 'estimated_scans_sizes': [17730, 35461, 53191, 70922, 88652, 99202, 126238, 143476, 159575]}}",,
30,1576561477,2200679633053928911_26442490,1,False,False,,964,624.0,781.0,680514,https://www.instagram.com/p/B6KYndwnc3P/,"{'low_resolution': {'width': 480, 'height': 601, 'url': 'https://instagram.fcnd1-1.fna.fbcdn.net/v/t51.2885-15/79492432_515716029033211_5783392712810886384_n.jpg?stp=dst-jpg_e35_p480x480&_nc_ht=instagram.fcnd1-1.fna.fbcdn.net&_nc_cat=107&_nc_ohc=qRyTgdVSBiwAX-DMoRk&edm=ACWDqb8BAAAA&ccb=7-4&ig_cache_key=MjIwMDY3OTYzMzA1MzkyODkxMQ%3D%3D.2-ccb7-4&oh=00_AT_NhJkjZ1y7XBEYcN_6F_C2b4Y_Cbw8Gy5GS9EgPW8IOQ&oe=627F9F74&_nc_sid=1527a3', 'scans_profile': 'e35', 'estimated_scans_sizes': [5142, 10284, 15426, 20568, 25710, 30953, 893257, 46278, 46278]}, 'thumbnail': {'width': 480, 'height': 601, 'url': 'https://instagram.fcnd1-1.fna.fbcdn.net/v/t51.2885-15/79492432_515716029033211_5783392712810886384_n.jpg?stp=dst-jpg_e35_p480x480&_nc_ht=instagram.fcnd1-1.fna.fbcdn.net&_nc_cat=107&_nc_ohc=qRyTgdVSBiwAX-DMoRk&edm=ACWDqb8BAAAA&ccb=7-4&ig_cache_key=MjIwMDY3OTYzMzA1MzkyODkxMQ%3D%3D.2-ccb7-4&oh=00_AT_NhJkjZ1y7XBEYcN_6F_C2b4Y_Cbw8Gy5GS9EgPW8IOQ&oe=627F9F74&_nc_sid=1527a3', 'scans_profile': 'e35', 'estimated_scans_sizes': [5142, 10284, 15426, 20568, 25710, 30953, 893257, 46278, 46278]}, 'standard_resolution': {'width': 624, 'height': 781, 'url': 'https://instagram.fcnd1-1.fna.fbcdn.net/v/t51.2885-15/79492432_515716029033211_5783392712810886384_n.jpg?stp=dst-jpg_e35&_nc_ht=instagram.fcnd1-1.fna.fbcdn.net&_nc_cat=107&_nc_ohc=qRyTgdVSBiwAX-DMoRk&edm=ACWDqb8BAAAA&ccb=7-4&ig_cache_key=MjIwMDY3OTYzMzA1MzkyODkxMQ%3D%3D.2-ccb7-4&oh=00_AT-0iLcxf51jNTHNNH2zAFrgMIeQlEd1HG9HvnLVkNYzjg&oe=627F9F74&_nc_sid=1527a3', 'scans_profile': 'e35', 'estimated_scans_sizes': [7555, 15110, 22666, 30221, 37776, 45480, 1312502, 67998, 67998]}}",,
31,1575177964,2189073889607212320_26442490,8,False,False,1.808286223608875e+16,5858,,,1948382,https://www.instagram.com/p/B5hJxq5Ht0g/,"{'low_resolution': {'width': 480, 'height': 600, 'url': 'https://instagram.fcnd1-1.fna.fbcdn.net/v/t51.2885-15/75551285_160612085037318_4094328900935759462_n.jpg?stp=dst-jpg_e35_p480x480&_nc_ht=instagram.fcnd1-1.fna.fbcdn.net&_nc_cat=106&_nc_ohc=0Eiu9p0ffQYAX-CXrjI&edm=ACWDqb8BAAAA&ccb=7-4&ig_cache_key=MjE4OTA3Mzg4NzA1NzA2NjM4Mg%3D%3D.2-ccb7-4&oh=00_AT-1hxAMBAAzZrdbx6MRjgRvSHkqyYCDVmMEPY2bRSJQMw&oe=627FBE43&_nc_sid=1527a3', 'scans_profile': 'e35', 'estimated_scans_sizes': [5140, 10280, 15421, 20561, 25702, 30943, 892985, 46264, 46264]}, 'thumbnail': {'width': 480, 'height': 600, 'url': 'https://instagram.fcnd1-1.fna.fbcdn.net/v/t51.2885-15/75551285_160612085037318_4094328900935759462_n.jpg?stp=dst-jpg_e35_p480x480&_nc_ht=instagram.fcnd1-1.fna.fbcdn.net&_nc_cat=106&_nc_ohc=0Eiu9p0ffQYAX-CXrjI&edm=ACWDqb8BAAAA&ccb=7-4&ig_cache_key=MjE4OTA3Mzg4NzA1NzA2NjM4Mg%3D%3D.2-ccb7-4&oh=00_AT-1hxAMBAAzZrdbx6MRjgRvSHkqyYCDVmMEPY2bRSJQMw&oe=627FBE43&_nc_sid=1527a3', 'scans_profile': 'e35', 'estimated_scans_sizes': [5140, 10280, 15421, 20561, 25702, 30943, 892985, 46264, 46264]}, 'standard_resolution': {'width': 977, 'height': 1221, 'url': 'https://instagram.fcnd1-1.fna.fbcdn.net/v/t51.2885-15/75551285_160612085037318_4094328900935759462_n.jpg?se=8&stp=dst-jpg_e35&_nc_ht=instagram.fcnd1-1.fna.fbcdn.net&_nc_cat=106&_nc_ohc=0Eiu9p0ffQYAX-CXrjI&edm=ACWDqb8BAAAA&ccb=7-4&ig_cache_key=MjE4OTA3Mzg4NzA1NzA2NjM4Mg%3D%3D.2-ccb7-4&oh=00_AT8KCtIuHgVWiqWaCdBjeYqQPITdqjwH2uvZRUorRz7h3A&oe=627FBE43&_nc_sid=1527a3', 'scans_profile': 'e35', 'estimated_scans_sizes': [15835, 31671, 47507, 63343, 79178, 88600, 112748, 128143, 142522]}}",Cheers @gqaustralia,
32,1574729103,2185308564491116758_26442490,1,False,False,1.788318673045766e+16,753,699.0,471.0,793053,https://www.instagram.com/p/B5Txo-nHKDW/,"{'low_resolution': {'width': 480, 'height': 323, 'url': 'https://instagram.fcnd1-1.fna.fbcdn.net/v/t51.2885-15/73330036_163580221401957_1967024220639135588_n.jpg?stp=dst-jpg_e35_s480x480&_nc_ht=instagram.fcnd1-1.fna.fbcdn.net&_nc_cat=109&_nc_ohc=ybcqliVpO5sAX_rkrCa&edm=ACWDqb8BAAAA&ccb=7-4&ig_cache_key=MjE4NTMwODU2NDQ5MTExNjc1OA%3D%3D.2-ccb7-4&oh=00_AT_BiSxbwlFnFMC095cYmXbQBnVgVl7ttmrWP964VRc9vA&oe=627FBE5E&_nc_sid=1527a3', 'scans_profile': 'e35', 'estimated_scans_sizes': [3109, 6219, 9328, 12438, 15547, 18719, 540199, 27986, 27986]}, 'thumbnail': {'width': 480, 'height': 323, 'url': 'https://instagram.fcnd1-1.fna.fbcdn.net/v/t51.2885-15/73330036_163580221401957_1967024220639135588_n.jpg?stp=dst-jpg_e35_s480x480&_nc_ht=instagram.fcnd1-1.fna.fbcdn.net&_nc_cat=109&_nc_ohc=ybcqliVpO5sAX_rkrCa&edm=ACWDqb8BAAAA&ccb=7-4&ig_cache_key=MjE4NTMwODU2NDQ5MTExNjc1OA%3D%3D.2-ccb7-4&oh=00_AT_BiSxbwlFnFMC095cYmXbQBnVgVl7ttmrWP964VRc9vA&oe=627FBE5E&_nc_sid=1527a3', 'scans_profile': 'e35', 'estimated_scans_sizes': [3109, 6219, 9328, 12438, 15547, 18719, 540199, 27986, 27986]}, 'standard_resolution': {'width': 699, 'height': 471, 'url': 'https://instagram.fcnd1-1.fna.fbcdn.net/v/t51.2885-15/73330036_163580221401957_1967024220639135588_n.jpg?stp=dst-jpg_e35&_nc_ht=instagram.fcnd1-1.fna.fbcdn.net&_nc_cat=109&_nc_ohc=ybcqliVpO5sAX_rkrCa&edm=ACWDqb8BAAAA&ccb=7-4&ig_cache_key=MjE4NTMwODU2NDQ5MTExNjc1OA%3D%3D.2-ccb7-4&oh=00_AT9-vLpoDsO6SVXCAoUVFUnLJkevRiosnHkn7tguCIdjjw&oe=627FBE5E&_nc_sid=1527a3', 'scans_profile': 'e35', 'estimated_scans_sizes': [6397, 12795, 19192, 25590, 31987, 35794, 45550, 51769, 57578]}}",,
33,1573844304,2177886335851597639_26442490,1,False,False,,939,1106.0,687.0,748563,https://www.instagram.com/p/B45aBVhnI9H/,"{'low_resolution': {'width': 480, 'height': 298, 'url': 'https://instagram.fcnd1-1.fna.fbcdn.net/v/t51.2885-15/72656589_576684369769040_8657020025212436226_n.jpg?stp=dst-jpg_e35_s480x480&_nc_ht=instagram.fcnd1-1.fna.fbcdn.net&_nc_cat=108&_nc_ohc=uXM1U-wiIYIAX_11cFH&edm=ACWDqb8BAAAA&ccb=7-4&ig_cache_key=MjE3Nzg4NjMzNTg1MTU5NzYzOQ%3D%3D.2-ccb7-4&oh=00_AT9ddyVrKchslD2ozT4QvIoeXBibSQrTtUj4yNeAu-JDfw&oe=62808CCD&_nc_sid=1527a3', 'scans_profile': 'e35', 'estimated_scans_sizes': [2663, 5326, 7990, 10653, 13317, 16033, 462695, 23971, 23971]}, 'thumbnail': {'width': 480, 'height': 298, 'url': 'https://instagram.fcnd1-1.fna.fbcdn.net/v/t51.2885-15/72656589_576684369769040_8657020025212436226_n.jpg?stp=dst-jpg_e35_s480x480&_nc_ht=instagram.fcnd1-1.fna.fbcdn.net&_nc_cat=108&_nc_ohc=uXM1U-wiIYIAX_11cFH&edm=ACWDqb8BAAAA&ccb=7-4&ig_cache_key=MjE3Nzg4NjMzNTg1MTU5NzYzOQ%3D%3D.2-ccb7-4&oh=00_AT9ddyVrKchslD2ozT4QvIoeXBibSQrTtUj4yNeAu-JDfw&oe=62808CCD&_nc_sid=1527a3', 'scans_profile': 'e35', 'estimated_scans_sizes': [2663, 5326, 7990, 10653, 13317, 16033, 462695, 23971, 23971]}, 'standard_resolution': {'width': 1106, 'height': 687, 'url': 'https://instagram.fcnd1-1.fna.fbcdn.net/v/t51.2885-15/72656589_576684369769040_8657020025212436226_n.jpg?se=7&stp=dst-jpg_e35&_nc_ht=instagram.fcnd1-1.fna.fbcdn.net&_nc_cat=108&_nc_ohc=uXM1U-wiIYIAX_11cFH&edm=ACWDqb8BAAAA&ccb=7-4&ig_cache_key=MjE3Nzg4NjMzNTg1MTU5NzYzOQ%3D%3D.2-ccb7-4&oh=00_AT-nJj3onAEtFJq54DIa5IivZj_hzJHlG2uvXL4YZYEXrQ&oe=62808CCD&_nc_sid=1527a3', 'scans_profile': 'e35', 'estimated_scans_sizes': [8500, 17001, 25501, 34002, 42502, 47560, 60522, 68786, 76505]}}",,
34,1570485443,2149710165591253408_26442490,1,False,False,1.784465177870842e+16,834,1440.0,1440.0,588996,https://www.instagram.com/p/B3VTgGGHOGg/,"{'low_resolution': {'width': 480, 'height': 480, 'url': 'https://instagram.fcnd1-1.fna.fbcdn.net/v/t51.2885-15/70658428_999749433699187_1405597553607385139_n.jpg?stp=dst-jpg_e35_s480x480&_nc_ht=instagram.fcnd1-1.fna.fbcdn.net&_nc_cat=107&_nc_ohc=7zikVl_zADYAX8PMFd2&edm=ACWDqb8BAAAA&ccb=7-4&ig_cache_key=MjE0OTcxMDE2NTU5MTI1MzQwOA%3D%3D.2-ccb7-4&oh=00_AT8EJjIsv9a-tDtKfPKhTJzwzLRGq8b2Sjd2AS_9Hbvafg&oe=627F28D6&_nc_sid=1527a3', 'scans_profile': 'e35', 'estimated_scans_sizes': [4707, 9414, 14122, 18829, 23537, 28337, 817767, 42367, 42367]}, 'thumbnail': {'width': 480, 'height': 480, 'url': 'https://instagram.fcnd1-1.fna.fbcdn.net/v/t51.2885-15/70658428_999749433699187_1405597553607385139_n.jpg?stp=dst-jpg_e35_s480x480&_nc_ht=instagram.fcnd1-1.fna.fbcdn.net&_nc_cat=107&_nc_ohc=7zikVl_zADYAX8PMFd2&edm=ACWDqb8BAAAA&ccb=7-4&ig_cache_key=MjE0OTcxMDE2NTU5MTI1MzQwOA%3D%3D.2-ccb7-4&oh=00_AT8EJjIsv9a-tDtKfPKhTJzwzLRGq8b2Sjd2AS_9Hbvafg&oe=627F28D6&_nc_sid=1527a3', 'scans_profile': 'e35', 'estimated_scans_sizes': [4707, 9414, 14122, 18829, 23537, 28337, 817767, 42367, 42367]}, 'standard_resolution': {'width': 1440, 'height': 1440, 'url': 'https://instagram.fcnd1-1.fna.fbcdn.net/v/t51.2885-15/70658428_999749433699187_1405597553607385139_n.jpg?se=7&stp=dst-jpg_e35&_nc_ht=instagram.fcnd1-1.fna.fbcdn.net&_nc_cat=107&_nc_ohc=7zikVl_zADYAX8PMFd2&edm=ACWDqb8BAAAA&ccb=7-4&ig_cache_key=MjE0OTcxMDE2NTU5MTI1MzQwOA%3D%3D.2-ccb7-4&oh=00_AT9UMG82b4UOuxh0pP_glc_CBGHMCJgkRaEsx4Ja7rn5ew&oe=627F28D6&_nc_sid=1527a3', 'scans_profile': 'e35', 'estimated_scans_sizes': [26672, 53344, 80016, 106688, 133360, 149230, 189901, 215831, 240049]}}",,
35,1569986272,2145522815378278330_26442490,8,False,False,1.785573643956048e+16,1840,,,799673,https://www.instagram.com/p/B3GbaIUHke6/,"{'low_resolution': {'width': 480, 'height': 600, 'url': 'https://instagram.fcnd1-1.fna.fbcdn.net/v/t51.2885-15/70516941_159515935247205_9048191712594795245_n.jpg?stp=dst-jpg_e35_p480x480&_nc_ht=instagram.fcnd1-1.fna.fbcdn.net&_nc_cat=109&_nc_ohc=ZUdasrhIpdAAX9dlJUa&edm=ACWDqb8BAAAA&ccb=7-4&ig_cache_key=MjE0NTUyMjgxMjM4MzYyNzQwMg%3D%3D.2-ccb7-4&oh=00_AT-BtqXtvGMfZKHgeUmlCGrG1G71egCvz__UAcMs95c9Gw&oe=627F14BB&_nc_sid=1527a3', 'scans_profile': 'e35', 'estimated_scans_sizes': [4876, 9753, 14630, 19507, 24384, 29357, 847197, 43892, 43892]}, 'thumbnail': {'width': 480, 'height': 600, 'url': 'https://instagram.fcnd1-1.fna.fbcdn.net/v/t51.2885-15/70516941_159515935247205_9048191712594795245_n.jpg?stp=dst-jpg_e35_p480x480&_nc_ht=instagram.fcnd1-1.fna.fbcdn.net&_nc_cat=109&_nc_ohc=ZUdasrhIpdAAX9dlJUa&edm=ACWDqb8BAAAA&ccb=7-4&ig_cache_key=MjE0NTUyMjgxMjM4MzYyNzQwMg%3D%3D.2-ccb7-4&oh=00_AT-BtqXtvGMfZKHgeUmlCGrG1G71egCvz__UAcMs95c9Gw&oe=627F14BB&_nc_sid=1527a3', 'scans_profile': 'e35', 'estimated_scans_sizes': [4876, 9753, 14630, 19507, 24384, 29357, 847197, 43892, 43892]}, 'standard_resolution': {'width': 1440, 'height': 1799, 'url': 'https://instagram.fcnd1-1.fna.fbcdn.net/v/t51.2885-15/70516941_159515935247205_9048191712594795245_n.jpg?se=7&stp=dst-jpg_e35&_nc_ht=instagram.fcnd1-1.fna.fbcdn.net&_nc_cat=109&_nc_ohc=ZUdasrhIpdAAX9dlJUa&edm=ACWDqb8BAAAA&ccb=7-4&ig_cache_key=MjE0NTUyMjgxMjM4MzYyNzQwMg%3D%3D.2-ccb7-4&oh=00_AT8aqJLYCKML_Xghlz8a9-WZpUZHtrEIFzS2fV1ag5FHFg&oe=627F14BB&_nc_sid=1527a3', 'scans_profile': 'e35', 'estimated_scans_sizes': [22476, 44952, 67429, 89905, 112381, 125754, 160027, 181878, 202287]}}",,
36,1569892975,2144740181429527847_26442490,1,False,False,1.7843098723718384e+16,1827,1440.0,1407.0,1170654,https://www.instagram.com/p/B3DpdTpnSUn/,"{'low_resolution': {'width': 480, 'height': 469, 'url': 'https://instagram.fcnd1-1.fna.fbcdn.net/v/t51.2885-15/71504617_2404466766538164_3728837514581780941_n.jpg?stp=dst-jpg_e35_s480x480&_nc_ht=instagram.fcnd1-1.fna.fbcdn.net&_nc_cat=100&_nc_ohc=9BO76DhyfA8AX9SHaw_&edm=ACWDqb8BAAAA&ccb=7-4&ig_cache_key=MjE0NDc0MDE4MTQyOTUyNzg0Nw%3D%3D.2-ccb7-4&oh=00_AT_l3XXIE2e651u3aBINDzI03a71wJSSYhkq53wQ-VhafA&oe=627FC77C&_nc_sid=1527a3', 'scans_profile': 'e35', 'estimated_scans_sizes': [4553, 9107, 13661, 18215, 22769, 27412, 791086, 40985, 40985]}, 'thumbnail': {'width': 480, 'height': 469, 'url': 'https://instagram.fcnd1-1.fna.fbcdn.net/v/t51.2885-15/71504617_2404466766538164_3728837514581780941_n.jpg?stp=dst-jpg_e35_s480x480&_nc_ht=instagram.fcnd1-1.fna.fbcdn.net&_nc_cat=100&_nc_ohc=9BO76DhyfA8AX9SHaw_&edm=ACWDqb8BAAAA&ccb=7-4&ig_cache_key=MjE0NDc0MDE4MTQyOTUyNzg0Nw%3D%3D.2-ccb7-4&oh=00_AT_l3XXIE2e651u3aBINDzI03a71wJSSYhkq53wQ-VhafA&oe=627FC77C&_nc_sid=1527a3', 'scans_profile': 'e35', 'estimated_scans_sizes': [4553, 9107, 13661, 18215, 22769, 27412, 791086, 40985, 40985]}, 'standard_resolution': {'width': 1440, 'height': 1407, 'url': 'https://instagram.fcnd1-1.fna.fbcdn.net/v/t51.2885-15/71504617_2404466766538164_3728837514581780941_n.jpg?se=7&stp=dst-jpg_e35&_nc_ht=instagram.fcnd1-1.fna.fbcdn.net&_nc_cat=100&_nc_ohc=9BO76DhyfA8AX9SHaw_&edm=ACWDqb8BAAAA&ccb=7-4&ig_cache_key=MjE0NDc0MDE4MTQyOTUyNzg0Nw%3D%3D.2-ccb7-4&oh=00_AT-TtK2-bFFXwY0yW7KXlH0SWiuDGefX5FpHEjuUW3kILQ&oe=627FC77C&_nc_sid=1527a3', 'scans_profile': 'e35', 'estimated_scans_sizes': [25295, 50591, 75887, 101183, 126478, 141529, 180101, 204693, 227662]}}",,
37,1561407046,2073555052391647671_26442490,8,False,False,1.806186840109867e+16,1508,,,919303,https://www.instagram.com/p/BzGv1WABUm3/,"{'low_resolution': {'width': 480, 'height': 600, 'url': 'https://instagram.fcnd1-1.fna.fbcdn.net/v/t51.2885-15/65385999_449442325621327_11321949450670537_n.jpg?stp=dst-jpg_e35_p480x480&_nc_ht=instagram.fcnd1-1.fna.fbcdn.net&_nc_cat=107&_nc_ohc=1TAv1pNgxrgAX86a_o7&edm=ACWDqb8BAAAA&ccb=7-4&ig_cache_key=MjA3MzU1NTA0OTM2MzI4Njk3MQ%3D%3D.2-ccb7-4&oh=00_AT-he_4oTUmpnESC4H0aywsnUybRHAZ_hF1x_r6bb5fT_Q&oe=6280A3A7&_nc_sid=1527a3', 'scans_profile': 'e35', 'estimated_scans_sizes': [5171, 10342, 15514, 20685, 25857, 31130, 898379, 46543, 46543]}, 'thumbnail': {'width': 480, 'height': 600, 'url': 'https://instagram.fcnd1-1.fna.fbcdn.net/v/t51.2885-15/65385999_449442325621327_11321949450670537_n.jpg?stp=dst-jpg_e35_p480x480&_nc_ht=instagram.fcnd1-1.fna.fbcdn.net&_nc_cat=107&_nc_ohc=1TAv1pNgxrgAX86a_o7&edm=ACWDqb8BAAAA&ccb=7-4&ig_cache_key=MjA3MzU1NTA0OTM2MzI4Njk3MQ%3D%3D.2-ccb7-4&oh=00_AT-he_4oTUmpnESC4H0aywsnUybRHAZ_hF1x_r6bb5fT_Q&oe=6280A3A7&_nc_sid=1527a3', 'scans_profile': 'e35', 'estimated_scans_sizes': [5171, 10342, 15514, 20685, 25857, 31130, 898379, 46543, 46543]}, 'standard_resolution': {'width': 1440, 'height': 1800, 'url': 'https://instagram.fcnd1-1.fna.fbcdn.net/v/t51.2885-15/65385999_449442325621327_11321949450670537_n.jpg?se=7&stp=dst-jpg_e35&_nc_ht=instagram.fcnd1-1.fna.fbcdn.net&_nc_cat=107&_nc_ohc=1TAv1pNgxrgAX86a_o7&edm=ACWDqb8BAAAA&ccb=7-4&ig_cache_key=MjA3MzU1NTA0OTM2MzI4Njk3MQ%3D%3D.2-ccb7-4&oh=00_AT8dxaPvrMc0FziCBFMU81KFKLKFQzkM1mYuN9HTyCp4bA&oe=6280A3A7&_nc_sid=1527a3', 'scans_profile': 'e35', 'estimated_scans_sizes': [25879, 51759, 77638, 103518, 129397, 144795, 184258, 209418, 232916]}}","Tyler‚Äôs apartment @euphoria 
By @likethejetsons",
38,1561300916,2072664532330657423_26442490,2,False,False,1.807785049305143e+16,5267,606.0,757.0,1117455,https://www.instagram.com/p/BzDlWkkHraP/,"{'low_resolution': {'width': 480, 'height': 600, 'url': 'https://instagram.fcnd1-1.fna.fbcdn.net/v/t51.2885-15/64876185_182687556060131_5655385865410791275_n.jpg?stp=dst-jpg_e35_p480x480&_nc_ht=instagram.fcnd1-1.fna.fbcdn.net&_nc_cat=111&_nc_ohc=3hYrgTZCGA8AX8tnaVz&edm=ACWDqb8BAAAA&ccb=7-4&ig_cache_key=MjA3MjY2NDUzMjMzMDY1NzQyMw%3D%3D.2-ccb7-4&oh=00_AT_WgBx2jlz_nTKNn7WdkoCx6JXsrV29AayPVEhYah75_g&oe=627EE8AF&_nc_sid=1527a3', 'scans_profile': 'e35', 'estimated_scans_sizes': [3584, 7169, 10754, 14339, 17923, 21579, 622745, 32263, 32263]}, 'thumbnail': {'width': 480, 'height': 600, 'url': 'https://instagram.fcnd1-1.fna.fbcdn.net/v/t51.2885-15/64876185_182687556060131_5655385865410791275_n.jpg?stp=dst-jpg_e35_p480x480&_nc_ht=instagram.fcnd1-1.fna.fbcdn.net&_nc_cat=111&_nc_ohc=3hYrgTZCGA8AX8tnaVz&edm=ACWDqb8BAAAA&ccb=7-4&ig_cache_key=MjA3MjY2NDUzMjMzMDY1NzQyMw%3D%3D.2-ccb7-4&oh=00_AT_WgBx2jlz_nTKNn7WdkoCx6JXsrV29AayPVEhYah75_g&oe=627EE8AF&_nc_sid=1527a3', 'scans_profile': 'e35', 'estimated_scans_sizes': [3584, 7169, 10754, 14339, 17923, 21579, 622745, 32263, 32263]}, 'standard_resolution': {'width': 480, 'height': 600, 'url': 'https://instagram.fcnd1-1.fna.fbcdn.net/v/t51.2885-15/64876185_182687556060131_5655385865410791275_n.jpg?stp=dst-jpg_e35_p480x480&_nc_ht=instagram.fcnd1-1.fna.fbcdn.net&_nc_cat=111&_nc_ohc=3hYrgTZCGA8AX8tnaVz&edm=ACWDqb8BAAAA&ccb=7-4&ig_cache_key=MjA3MjY2NDUzMjMzMDY1NzQyMw%3D%3D.2-ccb7-4&oh=00_AT_WgBx2jlz_nTKNn7WdkoCx6JXsrV29AayPVEhYah75_g&oe=627EE8AF&_nc_sid=1527a3', 'scans_profile': 'e35', 'estimated_scans_sizes': [3584, 7169, 10754, 14339, 17923, 21579, 622745, 32263, 32263]}}",Nate Jacobs. Stuntin‚Äô Like My Daddy ep2 Tonight 10pm @hbo @euphoria @a24,
39,1559951378,2061344028684543127_26442490,8,False,False,1.805608428710168e+16,2285,,,1518803,https://www.instagram.com/p/BybXXj9nWSX/,"{'low_resolution': {'width': 480, 'height': 305, 'url': 'https://instagram.fcnd1-1.fna.fbcdn.net/v/t51.2885-15/60821122_669522040167254_1032155345733181617_n.jpg?stp=dst-jpg_e35_s480x480&_nc_ht=instagram.fcnd1-1.fna.fbcdn.net&_nc_cat=102&_nc_ohc=Sa3FVWXisXwAX_t5G5F&edm=ACWDqb8BAAAA&ccb=7-4&ig_cache_key=MjA2MTM0NDAxNzYxMTY0MDcwNQ%3D%3D.2-ccb7-4&oh=00_AT-XExVZiEQH88UlDEQia-FWI6yKKCwF-9aC65G-E2JIOQ&oe=627F65F2&_nc_sid=1527a3', 'scans_profile': 'e35', 'estimated_scans_sizes': [3499, 6998, 10497, 13996, 17495, 21063, 607857, 31492, 31492]}, 'thumbnail': {'width': 480, 'height': 305, 'url': 'https://instagram.fcnd1-1.fna.fbcdn.net/v/t51.2885-15/60821122_669522040167254_1032155345733181617_n.jpg?stp=dst-jpg_e35_s480x480&_nc_ht=instagram.fcnd1-1.fna.fbcdn.net&_nc_cat=102&_nc_ohc=Sa3FVWXisXwAX_t5G5F&edm=ACWDqb8BAAAA&ccb=7-4&ig_cache_key=MjA2MTM0NDAxNzYxMTY0MDcwNQ%3D%3D.2-ccb7-4&oh=00_AT-XExVZiEQH88UlDEQia-FWI6yKKCwF-9aC65G-E2JIOQ&oe=627F65F2&_nc_sid=1527a3', 'scans_profile': 'e35', 'estimated_scans_sizes': [3499, 6998, 10497, 13996, 17495, 21063, 607857, 31492, 31492]}, 'standard_resolution': {'width': 762, 'height': 484, 'url': 'https://instagram.fcnd1-1.fna.fbcdn.net/v/t51.2885-15/60821122_669522040167254_1032155345733181617_n.jpg?stp=dst-jpg_e35&_nc_ht=instagram.fcnd1-1.fna.fbcdn.net&_nc_cat=102&_nc_ohc=Sa3FVWXisXwAX_t5G5F&edm=ACWDqb8BAAAA&ccb=7-4&ig_cache_key=MjA2MTM0NDAxNzYxMTY0MDcwNQ%3D%3D.2-ccb7-4&oh=00_AT-LG6KjnkA3gyFTzpilirlZGFeUHx0Yr_A60Uv6OXdRyA&oe=627F65F2&_nc_sid=1527a3', 'scans_profile': 'e35', 'estimated_scans_sizes': [10069, 20139, 30208, 40278, 50347, 56339, 71693, 81483, 90626]}}","üñ§
@euphoria 
@hbo 
@a24",
40,1559151677,2054635651208093883_26442490,1,False,False,1.805080533711775e+16,8419,821.0,1026.0,1739484,https://www.instagram.com/p/ByDiD0lHKC7/,"{'low_resolution': {'width': 480, 'height': 600, 'url': 'https://instagram.fcnd1-1.fna.fbcdn.net/v/t51.2885-15/60988057_216488022645134_1870049112724986485_n.jpg?stp=dst-jpg_e35_p480x480&_nc_ht=instagram.fcnd1-1.fna.fbcdn.net&_nc_cat=102&_nc_ohc=eEh60iPW-d4AX_UMXYK&edm=ACWDqb8BAAAA&ccb=7-4&ig_cache_key=MjA1NDYzNTY1MTIwODA5Mzg4Mw%3D%3D.2-ccb7-4&oh=00_AT-OXL3wd_xZm-8BAfUJ6Ug_CQaHo6KlJRE8UDtaUSeiPw&oe=62802A41&_nc_sid=1527a3', 'scans_profile': 'e35', 'estimated_scans_sizes': [4865, 9731, 14596, 19462, 24327, 29289, 845244, 43790, 43790]}, 'thumbnail': {'width': 480, 'height': 600, 'url': 'https://instagram.fcnd1-1.fna.fbcdn.net/v/t51.2885-15/60988057_216488022645134_1870049112724986485_n.jpg?stp=dst-jpg_e35_p480x480&_nc_ht=instagram.fcnd1-1.fna.fbcdn.net&_nc_cat=102&_nc_ohc=eEh60iPW-d4AX_UMXYK&edm=ACWDqb8BAAAA&ccb=7-4&ig_cache_key=MjA1NDYzNTY1MTIwODA5Mzg4Mw%3D%3D.2-ccb7-4&oh=00_AT-OXL3wd_xZm-8BAfUJ6Ug_CQaHo6KlJRE8UDtaUSeiPw&oe=62802A41&_nc_sid=1527a3', 'scans_profile': 'e35', 'estimated_scans_sizes': [4865, 9731, 14596, 19462, 24327, 29289, 845244, 43790, 43790]}, 'standard_resolution': {'width': 821, 'height': 1026, 'url': 'https://instagram.fcnd1-1.fna.fbcdn.net/v/t51.2885-15/60988057_216488022645134_1870049112724986485_n.jpg?se=8&stp=dst-jpg_e35&_nc_ht=instagram.fcnd1-1.fna.fbcdn.net&_nc_cat=102&_nc_ohc=eEh60iPW-d4AX_UMXYK&edm=ACWDqb8BAAAA&ccb=7-4&ig_cache_key=MjA1NDYzNTY1MTIwODA5Mzg4Mw%3D%3D.2-ccb7-4&oh=00_AT9da5Hii6yUhvpwq81pEtqSQdbdzrwMLocqhK_nJMROwA&oe=62802A41&_nc_sid=1527a3', 'scans_profile': 'e35', 'estimated_scans_sizes': [11209, 22418, 33628, 44837, 56047, 62716, 79809, 90707, 100885]}}",cover @wonderland  @euphoria @a24 @hbo,
41,1555105568,2020694422062079361_26442490,1,False,False,1.802392651318349e+16,1610,1080.0,789.0,960753,https://www.instagram.com/p/BwK8t7qn52B/,"{'low_resolution': {'width': 480, 'height': 351, 'url': 'https://instagram.fcnd1-1.fna.fbcdn.net/v/t51.2885-15/55883490_826462697734265_3969921145149783376_n.jpg?stp=dst-jpg_e35_s480x480&_nc_ht=instagram.fcnd1-1.fna.fbcdn.net&_nc_cat=105&_nc_ohc=q_onbT5XEoUAX9cwdTu&edm=ACWDqb8BAAAA&ccb=7-4&ig_cache_key=MjAyMDY5NDQyMjA2MjA3OTM2MQ%3D%3D.2-ccb7-4&oh=00_AT9DuZPKhLN3UGZlW6hb2wg0hisgoI3L4k6CWQpUfCfLCQ&oe=627F79CB&_nc_sid=1527a3', 'scans_profile': 'e35', 'estimated_scans_sizes': [2465, 4930, 7396, 9861, 12327, 14841, 428299, 22189, 22189]}, 'thumbnail': {'width': 480, 'height': 351, 'url': 'https://instagram.fcnd1-1.fna.fbcdn.net/v/t51.2885-15/55883490_826462697734265_3969921145149783376_n.jpg?stp=dst-jpg_e35_s480x480&_nc_ht=instagram.fcnd1-1.fna.fbcdn.net&_nc_cat=105&_nc_ohc=q_onbT5XEoUAX9cwdTu&edm=ACWDqb8BAAAA&ccb=7-4&ig_cache_key=MjAyMDY5NDQyMjA2MjA3OTM2MQ%3D%3D.2-ccb7-4&oh=00_AT9DuZPKhLN3UGZlW6hb2wg0hisgoI3L4k6CWQpUfCfLCQ&oe=627F79CB&_nc_sid=1527a3', 'scans_profile': 'e35', 'estimated_scans_sizes': [2465, 4930, 7396, 9861, 12327, 14841, 428299, 22189, 22189]}, 'standard_resolution': {'width': 1080, 'height': 789, 'url': 'https://instagram.fcnd1-1.fna.fbcdn.net/v/t51.2885-15/55883490_826462697734265_3969921145149783376_n.jpg?se=7&stp=dst-jpg_e35&_nc_ht=instagram.fcnd1-1.fna.fbcdn.net&_nc_cat=105&_nc_ohc=q_onbT5XEoUAX9cwdTu&edm=ACWDqb8BAAAA&ccb=7-4&ig_cache_key=MjAyMDY5NDQyMjA2MjA3OTM2MQ%3D%3D.2-ccb7-4&oh=00_AT9Srd6ZFfHvRJUN222cgNRl3jAZcnGlcNrAEb39wVMA-w&oe=627F79CB&_nc_sid=1527a3', 'scans_profile': 'e35', 'estimated_scans_sizes': [5681, 11363, 17045, 22727, 28408, 31789, 40453, 45977, 51136]}}",,
42,1550653585,1983348483939564662_26442490,1,False,False,,1788,1080.0,723.0,949803,https://www.instagram.com/p/BuGRPAbBvx2/,"{'low_resolution': {'width': 480, 'height': 321, 'url': 'https://instagram.fcnd1-1.fna.fbcdn.net/v/t51.2885-15/51101361_364118870843639_4728825058876924457_n.jpg?stp=dst-jpg_e35_s480x480&_nc_ht=instagram.fcnd1-1.fna.fbcdn.net&_nc_cat=111&_nc_ohc=YPnrgWNWJesAX-KJRci&edm=ACWDqb8BAAAA&ccb=7-4&ig_cache_key=MTk4MzM0ODQ4MzkzOTU2NDY2Mg%3D%3D.2-ccb7-4&oh=00_AT-r5Von2nAtINfqyxdBraG-W2RyaQwGOBt2DsljdZAEAQ&oe=62800566&_nc_sid=1527a3', 'scans_profile': 'e35', 'estimated_scans_sizes': [2677, 5355, 8033, 10711, 13389, 16120, 465205, 24101, 24101]}, 'thumbnail': {'width': 480, 'height': 321, 'url': 'https://instagram.fcnd1-1.fna.fbcdn.net/v/t51.2885-15/51101361_364118870843639_4728825058876924457_n.jpg?stp=dst-jpg_e35_s480x480&_nc_ht=instagram.fcnd1-1.fna.fbcdn.net&_nc_cat=111&_nc_ohc=YPnrgWNWJesAX-KJRci&edm=ACWDqb8BAAAA&ccb=7-4&ig_cache_key=MTk4MzM0ODQ4MzkzOTU2NDY2Mg%3D%3D.2-ccb7-4&oh=00_AT-r5Von2nAtINfqyxdBraG-W2RyaQwGOBt2DsljdZAEAQ&oe=62800566&_nc_sid=1527a3', 'scans_profile': 'e35', 'estimated_scans_sizes': [2677, 5355, 8033, 10711, 13389, 16120, 465205, 24101, 24101]}, 'standard_resolution': {'width': 1080, 'height': 723, 'url': 'https://instagram.fcnd1-1.fna.fbcdn.net/v/t51.2885-15/51101361_364118870843639_4728825058876924457_n.jpg?se=7&stp=dst-jpg_e35&_nc_ht=instagram.fcnd1-1.fna.fbcdn.net&_nc_cat=111&_nc_ohc=YPnrgWNWJesAX-KJRci&edm=ACWDqb8BAAAA&ccb=7-4&ig_cache_key=MTk4MzM0ODQ4MzkzOTU2NDY2Mg%3D%3D.2-ccb7-4&oh=00_AT_PPHaPu8igC_xNHR669HDtrxLTOu89Vsx1bJDSXLp6fw&oe=62800566&_nc_sid=1527a3', 'scans_profile': 'e35', 'estimated_scans_sizes': [7683, 15366, 23049, 30732, 38416, 42987, 54703, 62172, 69149]}}",@malomaki_  as the easy rider @markoristic__ @_rubyking,
43,1500926945,1566211192229095154_26442490,1,False,False,,606,867.0,1003.0,137924,https://www.instagram.com/p/BW8TMf8Dmby/,"{'low_resolution': {'width': 480, 'height': 555, 'url': 'https://instagram.fcnd1-1.fna.fbcdn.net/v/t51.2885-15/20398785_1503098983115194_2237377691462402048_n.jpg?stp=dst-jpg_e35_p480x480&_nc_ht=instagram.fcnd1-1.fna.fbcdn.net&_nc_cat=110&_nc_ohc=VA6M-Tfs1vsAX8mBNu0&edm=ACWDqb8BAAAA&ccb=7-4&ig_cache_key=MTU2NjIxMTE5MjIyOTA5NTE1NA%3D%3D.2-ccb7-4&oh=00_AT9zmhodw6rr4xMtHRjDqhFIwtnO9ogrehPvByrHIzAC3g&oe=627FCE82&_nc_sid=1527a3', 'scans_profile': 'e35', 'estimated_scans_sizes': [4127, 8254, 12382, 16509, 20637, 24846, 717022, 37147, 37147]}, 'thumbnail': {'width': 480, 'height': 555, 'url': 'https://instagram.fcnd1-1.fna.fbcdn.net/v/t51.2885-15/20398785_1503098983115194_2237377691462402048_n.jpg?stp=dst-jpg_e35_p480x480&_nc_ht=instagram.fcnd1-1.fna.fbcdn.net&_nc_cat=110&_nc_ohc=VA6M-Tfs1vsAX8mBNu0&edm=ACWDqb8BAAAA&ccb=7-4&ig_cache_key=MTU2NjIxMTE5MjIyOTA5NTE1NA%3D%3D.2-ccb7-4&oh=00_AT9zmhodw6rr4xMtHRjDqhFIwtnO9ogrehPvByrHIzAC3g&oe=627FCE82&_nc_sid=1527a3', 'scans_profile': 'e35', 'estimated_scans_sizes': [4127, 8254, 12382, 16509, 20637, 24846, 717022, 37147, 37147]}, 'standard_resolution': {'width': 867, 'height': 1003, 'url': 'https://instagram.fcnd1-1.fna.fbcdn.net/v/t51.2885-15/20398785_1503098983115194_2237377691462402048_n.jpg?se=8&stp=dst-jpg_e35&_nc_ht=instagram.fcnd1-1.fna.fbcdn.net&_nc_cat=110&_nc_ohc=VA6M-Tfs1vsAX8mBNu0&edm=ACWDqb8BAAAA&ccb=7-4&ig_cache_key=MTU2NjIxMTE5MjIyOTA5NTE1NA%3D%3D.2-ccb7-4&oh=00_AT_Z1rdic8pyM0ueELQXJkglPnaRSi-uwUKaQYc41yhjxg&oe=627FCE82&_nc_sid=1527a3', 'scans_profile': 'e35', 'estimated_scans_sizes': [8837, 17675, 26513, 35350, 44188, 49446, 62922, 71514, 79539]}}",,
