,taken_at,id,media_type,is_unified_video,is_paid_partnership,comment_count,original_width,original_height,like_count,link,images,description,next_max_id
0,1650257068,2818883055949347378_50739418093,1,False,False,0,1333.0,1333.0,8653920,https://www.instagram.com/p/CcerzRNOnoy/,"{'low_resolution': {'width': 480, 'height': 480, 'url': 'https://instagram.fotp3-1.fna.fbcdn.net/v/t51.2885-15/278644564_1379373605871162_977187085675012511_n.webp?stp=dst-jpg_e35_s480x480&_nc_ht=instagram.fotp3-1.fna.fbcdn.net&_nc_cat=1&_nc_ohc=8XB6kcEMpxsAX_SY8iK&edm=ACWDqb8BAAAA&ccb=7-4&ig_cache_key=MjgxODg4MzA1NTk0OTM0NzM3OA%3D%3D.2-ccb7-4&oh=00_AT83s3i5L0f4RsIcGD1nT3kBjyb_TJ_d-QxTVZ2QHM3ovg&oe=627C747E&_nc_sid=1527a3', 'scans_profile': 'e35', 'estimated_scans_sizes': [3308, 6616, 9924, 13232, 16540, 20647, 266665, 29772, 29772]}, 'thumbnail': {'width': 480, 'height': 480, 'url': 'https://instagram.fotp3-1.fna.fbcdn.net/v/t51.2885-15/278644564_1379373605871162_977187085675012511_n.webp?stp=dst-jpg_e35_s480x480&_nc_ht=instagram.fotp3-1.fna.fbcdn.net&_nc_cat=1&_nc_ohc=8XB6kcEMpxsAX_SY8iK&edm=ACWDqb8BAAAA&ccb=7-4&ig_cache_key=MjgxODg4MzA1NTk0OTM0NzM3OA%3D%3D.2-ccb7-4&oh=00_AT83s3i5L0f4RsIcGD1nT3kBjyb_TJ_d-QxTVZ2QHM3ovg&oe=627C747E&_nc_sid=1527a3', 'scans_profile': 'e35', 'estimated_scans_sizes': [3308, 6616, 9924, 13232, 16540, 20647, 266665, 29772, 29772]}, 'standard_resolution': {'width': 1333, 'height': 1333, 'url': 'https://instagram.fotp3-1.fna.fbcdn.net/v/t51.2885-15/278644564_1379373605871162_977187085675012511_n.webp?se=7&stp=dst-jpg_e35&_nc_ht=instagram.fotp3-1.fna.fbcdn.net&_nc_cat=1&_nc_ohc=8XB6kcEMpxsAX_SY8iK&edm=ACWDqb8BAAAA&ccb=7-4&ig_cache_key=MjgxODg4MzA1NTk0OTM0NzM3OA%3D%3D.2-ccb7-4&oh=00_AT8PJALryZ77Syp4WsAR7oJTiACmBvdbmkNDTMQ6KjLqog&oe=627C747E&_nc_sid=1527a3', 'scans_profile': 'e35', 'estimated_scans_sizes': [9429, 18859, 28289, 37719, 47149, 56909, 68893, 76724, 84869]}}",,
1,1650257050,2818882904996296168_50739418093,1,False,False,0,1334.0,1334.0,8038708,https://www.instagram.com/p/CcerxEnubXo/,"{'low_resolution': {'width': 480, 'height': 480, 'url': 'https://instagram.fotp3-1.fna.fbcdn.net/v/t51.2885-15/278596466_1370996356747513_7168823504816346651_n.webp?stp=dst-jpg_e35_s480x480&_nc_ht=instagram.fotp3-1.fna.fbcdn.net&_nc_cat=1&_nc_ohc=mrEAAhRfMVoAX_RvwDL&edm=ACWDqb8BAAAA&ccb=7-4&ig_cache_key=MjgxODg4MjkwNDk5NjI5NjE2OA%3D%3D.2-ccb7-4&oh=00_AT8UdWTzXB8uTdUpyvu_z_xPuQ4tZst_1KXE0_O-jxfCQw&oe=627C56A5&_nc_sid=1527a3', 'scans_profile': 'e35', 'estimated_scans_sizes': [2710, 5421, 8132, 10843, 13553, 16919, 218518, 24397, 24397]}, 'thumbnail': {'width': 480, 'height': 480, 'url': 'https://instagram.fotp3-1.fna.fbcdn.net/v/t51.2885-15/278596466_1370996356747513_7168823504816346651_n.webp?stp=dst-jpg_e35_s480x480&_nc_ht=instagram.fotp3-1.fna.fbcdn.net&_nc_cat=1&_nc_ohc=mrEAAhRfMVoAX_RvwDL&edm=ACWDqb8BAAAA&ccb=7-4&ig_cache_key=MjgxODg4MjkwNDk5NjI5NjE2OA%3D%3D.2-ccb7-4&oh=00_AT8UdWTzXB8uTdUpyvu_z_xPuQ4tZst_1KXE0_O-jxfCQw&oe=627C56A5&_nc_sid=1527a3', 'scans_profile': 'e35', 'estimated_scans_sizes': [2710, 5421, 8132, 10843, 13553, 16919, 218518, 24397, 24397]}, 'standard_resolution': {'width': 1334, 'height': 1334, 'url': 'https://instagram.fotp3-1.fna.fbcdn.net/v/t51.2885-15/278596466_1370996356747513_7168823504816346651_n.webp?se=7&stp=dst-jpg_e35&_nc_ht=instagram.fotp3-1.fna.fbcdn.net&_nc_cat=1&_nc_ohc=mrEAAhRfMVoAX_RvwDL&edm=ACWDqb8BAAAA&ccb=7-4&ig_cache_key=MjgxODg4MjkwNDk5NjI5NjE2OA%3D%3D.2-ccb7-4&oh=00_AT_zJ5OrEh2oIV572MV8n1JaE2Q751j5Ee1d-YJrPOf0pg&oe=627C56A5&_nc_sid=1527a3', 'scans_profile': 'e35', 'estimated_scans_sizes': [6923, 13846, 20770, 27693, 34616, 41782, 50581, 56330, 62310]}}",,
2,1650257033,2818882766064166163_50739418093,1,False,False,0,1333.0,1333.0,9089260,https://www.instagram.com/p/CcervDOuaUT/,"{'low_resolution': {'width': 480, 'height': 480, 'url': 'https://instagram.fotp3-1.fna.fbcdn.net/v/t51.2885-15/278584399_1144818859635815_9200026058323874160_n.webp?stp=dst-jpg_e35_s480x480&_nc_ht=instagram.fotp3-1.fna.fbcdn.net&_nc_cat=1&_nc_ohc=Sh2pBZU8GOsAX8N15Db&edm=ACWDqb8BAAAA&ccb=7-4&ig_cache_key=MjgxODg4Mjc2NjA2NDE2NjE2Mw%3D%3D.2-ccb7-4&oh=00_AT-Z9tPzmfcPwhpc-DcB-s14X8BSLgnUYPm4K0BFr9VBUg&oe=627CD256&_nc_sid=1527a3', 'scans_profile': 'e35', 'estimated_scans_sizes': [3448, 6896, 10344, 13792, 17240, 21521, 277950, 31032, 31032]}, 'thumbnail': {'width': 480, 'height': 480, 'url': 'https://instagram.fotp3-1.fna.fbcdn.net/v/t51.2885-15/278584399_1144818859635815_9200026058323874160_n.webp?stp=dst-jpg_e35_s480x480&_nc_ht=instagram.fotp3-1.fna.fbcdn.net&_nc_cat=1&_nc_ohc=Sh2pBZU8GOsAX8N15Db&edm=ACWDqb8BAAAA&ccb=7-4&ig_cache_key=MjgxODg4Mjc2NjA2NDE2NjE2Mw%3D%3D.2-ccb7-4&oh=00_AT-Z9tPzmfcPwhpc-DcB-s14X8BSLgnUYPm4K0BFr9VBUg&oe=627CD256&_nc_sid=1527a3', 'scans_profile': 'e35', 'estimated_scans_sizes': [3448, 6896, 10344, 13792, 17240, 21521, 277950, 31032, 31032]}, 'standard_resolution': {'width': 1333, 'height': 1333, 'url': 'https://instagram.fotp3-1.fna.fbcdn.net/v/t51.2885-15/278584399_1144818859635815_9200026058323874160_n.webp?se=7&stp=dst-jpg_e35&_nc_ht=instagram.fotp3-1.fna.fbcdn.net&_nc_cat=1&_nc_ohc=Sh2pBZU8GOsAX8N15Db&edm=ACWDqb8BAAAA&ccb=7-4&ig_cache_key=MjgxODg4Mjc2NjA2NDE2NjE2Mw%3D%3D.2-ccb7-4&oh=00_AT_DTlyCzB7r7Dn9250hItgo4bRkkTP0q_ZrMUrWuphfeg&oe=627CD256&_nc_sid=1527a3', 'scans_profile': 'e35', 'estimated_scans_sizes': [10058, 20116, 30174, 40232, 50290, 60700, 73482, 81835, 90522]}}",,
3,1649573854,2813151843570110891_50739418093,8,False,False,1,,,11329355,https://www.instagram.com/p/CcKUrJvO1Gr/,"{'low_resolution': {'width': 480, 'height': 480, 'url': 'https://instagram.fotp3-1.fna.fbcdn.net/v/t51.2885-15/278222792_994864081402094_2908788334708975559_n.webp?stp=dst-jpg_e35_s480x480&_nc_ht=instagram.fotp3-1.fna.fbcdn.net&_nc_cat=1&_nc_ohc=sjz0mJaLFdYAX_R_J6m&edm=ACWDqb8BAAAA&ccb=7-4&ig_cache_key=MjgxMzE1MTg0MDE5NzgwNjEyNw%3D%3D.2-ccb7-4&oh=00_AT9YOxe4ezNyndOg8Pf2eTDcXS0IkuF_P-tdh7eND-xi4g&oe=627BBE2D&_nc_sid=1527a3', 'scans_profile': 'e35', 'estimated_scans_sizes': [4028, 8056, 12084, 16112, 20141, 25142, 324723, 36254, 36254]}, 'thumbnail': {'width': 480, 'height': 480, 'url': 'https://instagram.fotp3-1.fna.fbcdn.net/v/t51.2885-15/278222792_994864081402094_2908788334708975559_n.webp?stp=dst-jpg_e35_s480x480&_nc_ht=instagram.fotp3-1.fna.fbcdn.net&_nc_cat=1&_nc_ohc=sjz0mJaLFdYAX_R_J6m&edm=ACWDqb8BAAAA&ccb=7-4&ig_cache_key=MjgxMzE1MTg0MDE5NzgwNjEyNw%3D%3D.2-ccb7-4&oh=00_AT9YOxe4ezNyndOg8Pf2eTDcXS0IkuF_P-tdh7eND-xi4g&oe=627BBE2D&_nc_sid=1527a3', 'scans_profile': 'e35', 'estimated_scans_sizes': [4028, 8056, 12084, 16112, 20141, 25142, 324723, 36254, 36254]}, 'standard_resolution': {'width': 1440, 'height': 1440, 'url': 'https://instagram.fotp3-1.fna.fbcdn.net/v/t51.2885-15/278222792_994864081402094_2908788334708975559_n.webp?se=7&stp=dst-jpg_e35&_nc_ht=instagram.fotp3-1.fna.fbcdn.net&_nc_cat=1&_nc_ohc=sjz0mJaLFdYAX_R_J6m&edm=ACWDqb8BAAAA&ccb=7-4&ig_cache_key=MjgxMzE1MTg0MDE5NzgwNjEyNw%3D%3D.2-ccb7-4&oh=00_AT910hxGZXzA7rsjgCnq2HCRZ6x59lPvOQvnU2J4GdCBnQ&oe=627BBE2D&_nc_sid=1527a3', 'scans_profile': 'e35', 'estimated_scans_sizes': [13973, 27947, 41921, 55895, 69869, 84332, 102091, 113696, 125765]}}",,
4,1649495554,2812495015437062407_50739418093,8,False,False,0,,,9939189,https://www.instagram.com/p/CcH_VC3rtEH/,"{'low_resolution': {'width': 480, 'height': 480, 'url': 'https://instagram.fotp3-1.fna.fbcdn.net/v/t51.2885-15/278132936_496187058669548_7445181555414083106_n.webp?stp=dst-jpg_e35_s480x480&_nc_ht=instagram.fotp3-1.fna.fbcdn.net&_nc_cat=1&_nc_ohc=iDynOf8Jx10AX_2ov4c&edm=ACWDqb8BAAAA&ccb=7-4&ig_cache_key=MjgxMjQ5NTAxMDg5ODc4MDgwNw%3D%3D.2-ccb7-4&oh=00_AT_lHixkVrhv2s3lNtmIi8tZBYrNbe3RUYrTfh2mr3kmyw&oe=627B9D3E&_nc_sid=1527a3', 'scans_profile': 'e35', 'estimated_scans_sizes': [5721, 11442, 17164, 22885, 28606, 35709, 461198, 51492, 51492]}, 'thumbnail': {'width': 480, 'height': 480, 'url': 'https://instagram.fotp3-1.fna.fbcdn.net/v/t51.2885-15/278132936_496187058669548_7445181555414083106_n.webp?stp=dst-jpg_e35_s480x480&_nc_ht=instagram.fotp3-1.fna.fbcdn.net&_nc_cat=1&_nc_ohc=iDynOf8Jx10AX_2ov4c&edm=ACWDqb8BAAAA&ccb=7-4&ig_cache_key=MjgxMjQ5NTAxMDg5ODc4MDgwNw%3D%3D.2-ccb7-4&oh=00_AT_lHixkVrhv2s3lNtmIi8tZBYrNbe3RUYrTfh2mr3kmyw&oe=627B9D3E&_nc_sid=1527a3', 'scans_profile': 'e35', 'estimated_scans_sizes': [5721, 11442, 17164, 22885, 28606, 35709, 461198, 51492, 51492]}, 'standard_resolution': {'width': 1440, 'height': 1440, 'url': 'https://instagram.fotp3-1.fna.fbcdn.net/v/t51.2885-15/278132936_496187058669548_7445181555414083106_n.webp?se=7&stp=dst-jpg_e35&_nc_ht=instagram.fotp3-1.fna.fbcdn.net&_nc_cat=1&_nc_ohc=iDynOf8Jx10AX_2ov4c&edm=ACWDqb8BAAAA&ccb=7-4&ig_cache_key=MjgxMjQ5NTAxMDg5ODc4MDgwNw%3D%3D.2-ccb7-4&oh=00_AT8F2fqbj-D2hwWbVEvQrS-pfBPTueP0xYc4kOzFtmYAKg&oe=627B9D3E&_nc_sid=1527a3', 'scans_profile': 'e35', 'estimated_scans_sizes': [24121, 48243, 72365, 96486, 120608, 145574, 176229, 196261, 217095]}}",,
5,1649381713,2811540045421628341_50739418093,8,False,False,1,,,10470005,https://www.instagram.com/p/CcEmMZvJEu1/,"{'low_resolution': {'width': 480, 'height': 480, 'url': 'https://instagram.fotp3-1.fna.fbcdn.net/v/t51.2885-15/278011982_1877616262598542_2613058880346428805_n.webp?stp=dst-jpg_e35_s480x480&_nc_ht=instagram.fotp3-1.fna.fbcdn.net&_nc_cat=1&_nc_ohc=qWH30X4owwcAX-_h24o&edm=ACWDqb8BAAAA&ccb=7-4&ig_cache_key=MjgxMTU0MDA0MTE3NzA2Mzc1Nw%3D%3D.2-ccb7-4&oh=00_AT-1as_6EeigcDmwbAtynLWtjRhIUmskjl6A9IELYzOUBA&oe=627D46BF&_nc_sid=1527a3', 'scans_profile': 'e35', 'estimated_scans_sizes': [2520, 5041, 7562, 10082, 12603, 15733, 203199, 22686, 22686]}, 'thumbnail': {'width': 480, 'height': 480, 'url': 'https://instagram.fotp3-1.fna.fbcdn.net/v/t51.2885-15/278011982_1877616262598542_2613058880346428805_n.webp?stp=dst-jpg_e35_s480x480&_nc_ht=instagram.fotp3-1.fna.fbcdn.net&_nc_cat=1&_nc_ohc=qWH30X4owwcAX-_h24o&edm=ACWDqb8BAAAA&ccb=7-4&ig_cache_key=MjgxMTU0MDA0MTE3NzA2Mzc1Nw%3D%3D.2-ccb7-4&oh=00_AT-1as_6EeigcDmwbAtynLWtjRhIUmskjl6A9IELYzOUBA&oe=627D46BF&_nc_sid=1527a3', 'scans_profile': 'e35', 'estimated_scans_sizes': [2520, 5041, 7562, 10082, 12603, 15733, 203199, 22686, 22686]}, 'standard_resolution': {'width': 790, 'height': 790, 'url': 'https://instagram.fotp3-1.fna.fbcdn.net/v/t51.2885-15/278011982_1877616262598542_2613058880346428805_n.webp?stp=dst-jpg_e35&_nc_ht=instagram.fotp3-1.fna.fbcdn.net&_nc_cat=1&_nc_ohc=qWH30X4owwcAX-_h24o&edm=ACWDqb8BAAAA&ccb=7-4&ig_cache_key=MjgxMTU0MDA0MTE3NzA2Mzc1Nw%3D%3D.2-ccb7-4&oh=00_AT-CdKD7LquwkpU2Jsb4c_3QKwxj1n4MMEfDCjxlS4xOfQ&oe=627D46BF&_nc_sid=1527a3', 'scans_profile': 'e35', 'estimated_scans_sizes': [3430, 6860, 10291, 13721, 17152, 20703, 25062, 27911, 30874]}}",,
6,1649081245,2809019539603099703_50739418093,1,False,False,0,1440.0,1440.0,11149618,https://www.instagram.com/p/Cb7pGNxLJA3/,"{'low_resolution': {'width': 480, 'height': 480, 'url': 'https://instagram.fotp3-1.fna.fbcdn.net/v/t51.2885-15/277926198_169883408723911_2279782501202475569_n.webp?stp=dst-jpg_e35_s480x480&_nc_ht=instagram.fotp3-1.fna.fbcdn.net&_nc_cat=1&_nc_ohc=xguGflqy96MAX9ybOQJ&edm=ACWDqb8BAAAA&ccb=7-4&ig_cache_key=MjgwOTAxOTUzOTYwMzA5OTcwMw%3D%3D.2-ccb7-4&oh=00_AT__njwpj82FtQxBuB_l1dCMZmPeFD-uq-tZRrdz1A3OIA&oe=627D0A7E&_nc_sid=1527a3', 'scans_profile': 'e35', 'estimated_scans_sizes': [5298, 10597, 15896, 21195, 26494, 33073, 427146, 47690, 47690]}, 'thumbnail': {'width': 480, 'height': 480, 'url': 'https://instagram.fotp3-1.fna.fbcdn.net/v/t51.2885-15/277926198_169883408723911_2279782501202475569_n.webp?stp=dst-jpg_e35_s480x480&_nc_ht=instagram.fotp3-1.fna.fbcdn.net&_nc_cat=1&_nc_ohc=xguGflqy96MAX9ybOQJ&edm=ACWDqb8BAAAA&ccb=7-4&ig_cache_key=MjgwOTAxOTUzOTYwMzA5OTcwMw%3D%3D.2-ccb7-4&oh=00_AT__njwpj82FtQxBuB_l1dCMZmPeFD-uq-tZRrdz1A3OIA&oe=627D0A7E&_nc_sid=1527a3', 'scans_profile': 'e35', 'estimated_scans_sizes': [5298, 10597, 15896, 21195, 26494, 33073, 427146, 47690, 47690]}, 'standard_resolution': {'width': 1440, 'height': 1440, 'url': 'https://instagram.fotp3-1.fna.fbcdn.net/v/t51.2885-15/277926198_169883408723911_2279782501202475569_n.webp?se=7&stp=dst-jpg_e35&_nc_ht=instagram.fotp3-1.fna.fbcdn.net&_nc_cat=1&_nc_ohc=xguGflqy96MAX9ybOQJ&edm=ACWDqb8BAAAA&ccb=7-4&ig_cache_key=MjgwOTAxOTUzOTYwMzA5OTcwMw%3D%3D.2-ccb7-4&oh=00_AT-SPXCh7BAVbp4b1kwaStGzidf3fuxBPT5i88H1OKAcvg&oe=627D0A7E&_nc_sid=1527a3', 'scans_profile': 'e35', 'estimated_scans_sizes': [21408, 42816, 64224, 85632, 107040, 129197, 156403, 174181, 192672]}}",찰칵,
7,1649081158,2809018807713920298_50739418093,1,False,False,0,1440.0,1440.0,10007065,https://www.instagram.com/p/Cb7o7kJLfUq/,"{'low_resolution': {'width': 480, 'height': 480, 'url': 'https://instagram.fotp3-1.fna.fbcdn.net/v/t51.2885-15/277963646_124394993517987_6059251548973849205_n.webp?stp=dst-jpg_e35_s480x480&_nc_ht=instagram.fotp3-1.fna.fbcdn.net&_nc_cat=1&_nc_ohc=9Ixyf0wsFP4AX88WIC6&edm=ACWDqb8BAAAA&ccb=7-4&ig_cache_key=MjgwOTAxODgwNzcxMzkyMDI5OA%3D%3D.2-ccb7-4&oh=00_AT8xcL-GU2EgDvib-XmNEOscnjLzP2E8XhOPKE9pDkJOMQ&oe=627CB05D&_nc_sid=1527a3', 'scans_profile': 'e35', 'estimated_scans_sizes': [3597, 7195, 10793, 14391, 17989, 22456, 290027, 32381, 32381]}, 'thumbnail': {'width': 480, 'height': 480, 'url': 'https://instagram.fotp3-1.fna.fbcdn.net/v/t51.2885-15/277963646_124394993517987_6059251548973849205_n.webp?stp=dst-jpg_e35_s480x480&_nc_ht=instagram.fotp3-1.fna.fbcdn.net&_nc_cat=1&_nc_ohc=9Ixyf0wsFP4AX88WIC6&edm=ACWDqb8BAAAA&ccb=7-4&ig_cache_key=MjgwOTAxODgwNzcxMzkyMDI5OA%3D%3D.2-ccb7-4&oh=00_AT8xcL-GU2EgDvib-XmNEOscnjLzP2E8XhOPKE9pDkJOMQ&oe=627CB05D&_nc_sid=1527a3', 'scans_profile': 'e35', 'estimated_scans_sizes': [3597, 7195, 10793, 14391, 17989, 22456, 290027, 32381, 32381]}, 'standard_resolution': {'width': 1440, 'height': 1440, 'url': 'https://instagram.fotp3-1.fna.fbcdn.net/v/t51.2885-15/277963646_124394993517987_6059251548973849205_n.webp?se=7&stp=dst-jpg_e35&_nc_ht=instagram.fotp3-1.fna.fbcdn.net&_nc_cat=1&_nc_ohc=9Ixyf0wsFP4AX88WIC6&edm=ACWDqb8BAAAA&ccb=7-4&ig_cache_key=MjgwOTAxODgwNzcxMzkyMDI5OA%3D%3D.2-ccb7-4&oh=00_AT9XMO62mVMwPu2GJgOvEbZunU4ObWrJM7vdnAQHz8Wouw&oe=627CB05D&_nc_sid=1527a3', 'scans_profile': 'e35', 'estimated_scans_sizes': [11720, 23441, 35162, 46883, 58604, 70736, 85631, 95365, 105488]}}",,
8,1647176194,2793038814598542170_50739418093,8,False,False,0,,,11450986,https://www.instagram.com/p/CbC3gD0BjNa/,"{'low_resolution': {'width': 480, 'height': 480, 'url': 'https://instagram.fotp3-1.fna.fbcdn.net/v/t51.2885-15/275644268_715321676514019_7183271939079197009_n.webp?stp=dst-jpg_e35_s480x480&_nc_ht=instagram.fotp3-1.fna.fbcdn.net&_nc_cat=1&_nc_ohc=7ooIp0NHT2wAX9ziX6g&edm=ACWDqb8BAAAA&ccb=7-4&ig_cache_key=Mjc5MzAzODgxMDIwMjg5MzM4MQ%3D%3D.2-ccb7-4&oh=00_AT-AKccJkGLGK-ZGHR3Aijs9lCT_6oKl9q5bQsSVzOBxug&oe=627BC45D&_nc_sid=1527a3', 'scans_profile': 'e35', 'estimated_scans_sizes': [4951, 9902, 14853, 19804, 24756, 30903, 399124, 44561, 44561]}, 'thumbnail': {'width': 480, 'height': 480, 'url': 'https://instagram.fotp3-1.fna.fbcdn.net/v/t51.2885-15/275644268_715321676514019_7183271939079197009_n.webp?stp=dst-jpg_e35_s480x480&_nc_ht=instagram.fotp3-1.fna.fbcdn.net&_nc_cat=1&_nc_ohc=7ooIp0NHT2wAX9ziX6g&edm=ACWDqb8BAAAA&ccb=7-4&ig_cache_key=Mjc5MzAzODgxMDIwMjg5MzM4MQ%3D%3D.2-ccb7-4&oh=00_AT-AKccJkGLGK-ZGHR3Aijs9lCT_6oKl9q5bQsSVzOBxug&oe=627BC45D&_nc_sid=1527a3', 'scans_profile': 'e35', 'estimated_scans_sizes': [4951, 9902, 14853, 19804, 24756, 30903, 399124, 44561, 44561]}, 'standard_resolution': {'width': 1440, 'height': 1440, 'url': 'https://instagram.fotp3-1.fna.fbcdn.net/v/t51.2885-15/275644268_715321676514019_7183271939079197009_n.webp?se=7&stp=dst-jpg_e35&_nc_ht=instagram.fotp3-1.fna.fbcdn.net&_nc_cat=1&_nc_ohc=7ooIp0NHT2wAX9ziX6g&edm=ACWDqb8BAAAA&ccb=7-4&ig_cache_key=Mjc5MzAzODgxMDIwMjg5MzM4MQ%3D%3D.2-ccb7-4&oh=00_AT8TXiEqAY9I5Ods9LUewQtCvIlT_CFMfqidMk-uVf2mgw&oe=627BC45D&_nc_sid=1527a3', 'scans_profile': 'e35', 'estimated_scans_sizes': [19263, 38526, 57789, 77052, 96315, 116252, 140732, 156729, 173367]}}",아미 하트,
9,1647088946,2792306923398397325_50739418093,8,False,False,0,,,10391928,https://www.instagram.com/p/CbARFpBBn2N/,"{'low_resolution': {'width': 480, 'height': 480, 'url': 'https://instagram.fotp3-1.fna.fbcdn.net/v/t51.2885-15/275724202_274775881474460_6636751131079686702_n.webp?stp=dst-jpg_e35_s480x480&_nc_ht=instagram.fotp3-1.fna.fbcdn.net&_nc_cat=1&_nc_ohc=8HRX3qdSQmAAX-lU-Zb&edm=ACWDqb8BAAAA&ccb=7-4&ig_cache_key=Mjc5MjMwNjkxOTA3ODI5MDY4MQ%3D%3D.2-ccb7-4&oh=00_AT-YiBvibbQC6pA5HL-zWgUrHartaIAEF05TMpXBS8AZGQ&oe=627C3187&_nc_sid=1527a3', 'scans_profile': 'e35', 'estimated_scans_sizes': [4353, 8706, 13060, 17413, 21766, 27171, 350928, 39180, 39180]}, 'thumbnail': {'width': 480, 'height': 480, 'url': 'https://instagram.fotp3-1.fna.fbcdn.net/v/t51.2885-15/275724202_274775881474460_6636751131079686702_n.webp?stp=dst-jpg_e35_s480x480&_nc_ht=instagram.fotp3-1.fna.fbcdn.net&_nc_cat=1&_nc_ohc=8HRX3qdSQmAAX-lU-Zb&edm=ACWDqb8BAAAA&ccb=7-4&ig_cache_key=Mjc5MjMwNjkxOTA3ODI5MDY4MQ%3D%3D.2-ccb7-4&oh=00_AT-YiBvibbQC6pA5HL-zWgUrHartaIAEF05TMpXBS8AZGQ&oe=627C3187&_nc_sid=1527a3', 'scans_profile': 'e35', 'estimated_scans_sizes': [4353, 8706, 13060, 17413, 21766, 27171, 350928, 39180, 39180]}, 'standard_resolution': {'width': 1440, 'height': 1440, 'url': 'https://instagram.fotp3-1.fna.fbcdn.net/v/t51.2885-15/275724202_274775881474460_6636751131079686702_n.webp?se=7&stp=dst-jpg_e35&_nc_ht=instagram.fotp3-1.fna.fbcdn.net&_nc_cat=1&_nc_ohc=8HRX3qdSQmAAX-lU-Zb&edm=ACWDqb8BAAAA&ccb=7-4&ig_cache_key=Mjc5MjMwNjkxOTA3ODI5MDY4MQ%3D%3D.2-ccb7-4&oh=00_AT_eogUlPWrVJSz_lkfq-prarzigmiP00dcHyFzadY0vdw&oe=627C3187&_nc_sid=1527a3', 'scans_profile': 'e35', 'estimated_scans_sizes': [15767, 31534, 47302, 63069, 78837, 95156, 115194, 128289, 141907]}}",,
10,1647088918,2792306688861389418_50739418093,1,False,False,0,1440.0,1440.0,10282757,https://www.instagram.com/p/CbARCOlh8Jq/,"{'low_resolution': {'width': 480, 'height': 480, 'url': 'https://instagram.fotp3-1.fna.fbcdn.net/v/t51.2885-15/275759803_1007392046824579_2704588183397338223_n.webp?stp=dst-jpg_e35_s480x480&_nc_ht=instagram.fotp3-1.fna.fbcdn.net&_nc_cat=1&_nc_ohc=buOGl4x4WQ0AX9dhnGh&edm=ACWDqb8BAAAA&ccb=7-4&ig_cache_key=Mjc5MjMwNjY4ODg2MTM4OTQxOA%3D%3D.2-ccb7-4&oh=00_AT-BOCY8sv_DtV_YXxkxiCvIcdprmisYtjhbNQI5ZbBixg&oe=627C3989&_nc_sid=1527a3', 'scans_profile': 'e35', 'estimated_scans_sizes': [5622, 11245, 16867, 22490, 28112, 35093, 453237, 50603, 50603]}, 'thumbnail': {'width': 480, 'height': 480, 'url': 'https://instagram.fotp3-1.fna.fbcdn.net/v/t51.2885-15/275759803_1007392046824579_2704588183397338223_n.webp?stp=dst-jpg_e35_s480x480&_nc_ht=instagram.fotp3-1.fna.fbcdn.net&_nc_cat=1&_nc_ohc=buOGl4x4WQ0AX9dhnGh&edm=ACWDqb8BAAAA&ccb=7-4&ig_cache_key=Mjc5MjMwNjY4ODg2MTM4OTQxOA%3D%3D.2-ccb7-4&oh=00_AT-BOCY8sv_DtV_YXxkxiCvIcdprmisYtjhbNQI5ZbBixg&oe=627C3989&_nc_sid=1527a3', 'scans_profile': 'e35', 'estimated_scans_sizes': [5622, 11245, 16867, 22490, 28112, 35093, 453237, 50603, 50603]}, 'standard_resolution': {'width': 1440, 'height': 1440, 'url': 'https://instagram.fotp3-1.fna.fbcdn.net/v/t51.2885-15/275759803_1007392046824579_2704588183397338223_n.webp?se=7&stp=dst-jpg_e35&_nc_ht=instagram.fotp3-1.fna.fbcdn.net&_nc_cat=1&_nc_ohc=buOGl4x4WQ0AX9dhnGh&edm=ACWDqb8BAAAA&ccb=7-4&ig_cache_key=Mjc5MjMwNjY4ODg2MTM4OTQxOA%3D%3D.2-ccb7-4&oh=00_AT-iFoxxPFbKkYtidh-wdxL4gRNIm6_bUaUNbY_7wIWo7Q&oe=627C3989&_nc_sid=1527a3', 'scans_profile': 'e35', 'estimated_scans_sizes': [23476, 46953, 70430, 93907, 117384, 141682, 171518, 191014, 211292]}}",,
11,1647054973,2792021936388184866_50739418093,1,False,False,1,1440.0,1440.0,8878836,https://www.instagram.com/p/Ca_QSiLhBsi/,"{'low_resolution': {'width': 480, 'height': 480, 'url': 'https://instagram.fotp3-1.fna.fbcdn.net/v/t51.2885-15/275602571_3068578396789169_4952102994534219015_n.webp?stp=dst-jpg_e35_s480x480&_nc_ht=instagram.fotp3-1.fna.fbcdn.net&_nc_cat=1&_nc_ohc=bnQiWEA68lAAX8J3RTJ&edm=ACWDqb8BAAAA&ccb=7-4&ig_cache_key=Mjc5MjAyMTkzNjM4ODE4NDg2Ng%3D%3D.2-ccb7-4&oh=00_AT_pvTwkfDE1G-fXsAaV7saeUh3YVK8zR9EndmYUaWwvsw&oe=627C402F&_nc_sid=1527a3', 'scans_profile': 'e35', 'estimated_scans_sizes': [7032, 14064, 21096, 28128, 35160, 43891, 566861, 63289, 63289]}, 'thumbnail': {'width': 480, 'height': 480, 'url': 'https://instagram.fotp3-1.fna.fbcdn.net/v/t51.2885-15/275602571_3068578396789169_4952102994534219015_n.webp?stp=dst-jpg_e35_s480x480&_nc_ht=instagram.fotp3-1.fna.fbcdn.net&_nc_cat=1&_nc_ohc=bnQiWEA68lAAX8J3RTJ&edm=ACWDqb8BAAAA&ccb=7-4&ig_cache_key=Mjc5MjAyMTkzNjM4ODE4NDg2Ng%3D%3D.2-ccb7-4&oh=00_AT_pvTwkfDE1G-fXsAaV7saeUh3YVK8zR9EndmYUaWwvsw&oe=627C402F&_nc_sid=1527a3', 'scans_profile': 'e35', 'estimated_scans_sizes': [7032, 14064, 21096, 28128, 35160, 43891, 566861, 63289, 63289]}, 'standard_resolution': {'width': 1440, 'height': 1440, 'url': 'https://instagram.fotp3-1.fna.fbcdn.net/v/t51.2885-15/275602571_3068578396789169_4952102994534219015_n.webp?se=7&stp=dst-jpg_e35&_nc_ht=instagram.fotp3-1.fna.fbcdn.net&_nc_cat=1&_nc_ohc=bnQiWEA68lAAX8J3RTJ&edm=ACWDqb8BAAAA&ccb=7-4&ig_cache_key=Mjc5MjAyMTkzNjM4ODE4NDg2Ng%3D%3D.2-ccb7-4&oh=00_AT9J2p_crekjbGbpK5H6Brr7BqY-h9W0mhtYlw_I9Ql9Eg&oe=627C402F&_nc_sid=1527a3', 'scans_profile': 'e35', 'estimated_scans_sizes': [33250, 66501, 99752, 133003, 166253, 200668, 242925, 270538, 299257]}}",내 첫 스티커,
12,1646920513,2790894010791929984_50739418093,1,False,False,0,1440.0,1440.0,10261192,https://www.instagram.com/p/Ca7P1DnBKiA/,"{'low_resolution': {'width': 480, 'height': 480, 'url': 'https://instagram.fotp3-1.fna.fbcdn.net/v/t51.2885-15/275433159_101782485785587_6339728649411365408_n.webp?stp=dst-jpg_e35_s480x480&_nc_ht=instagram.fotp3-1.fna.fbcdn.net&_nc_cat=107&_nc_ohc=gOu827yiNP0AX8gUnTD&edm=ACWDqb8BAAAA&ccb=7-4&ig_cache_key=Mjc5MDg5NDAxMDc5MTkyOTk4NA%3D%3D.2-ccb7-4&oh=00_AT9VNtBVyMXW_zBt2Fndy_ikkboD3mHNaDWjBZZdWey2qA&oe=627C3BA4&_nc_sid=1527a3', 'scans_profile': 'e35', 'estimated_scans_sizes': [5018, 10036, 15054, 20072, 25091, 31321, 404523, 45164, 45164]}, 'thumbnail': {'width': 480, 'height': 480, 'url': 'https://instagram.fotp3-1.fna.fbcdn.net/v/t51.2885-15/275433159_101782485785587_6339728649411365408_n.webp?stp=dst-jpg_e35_s480x480&_nc_ht=instagram.fotp3-1.fna.fbcdn.net&_nc_cat=107&_nc_ohc=gOu827yiNP0AX8gUnTD&edm=ACWDqb8BAAAA&ccb=7-4&ig_cache_key=Mjc5MDg5NDAxMDc5MTkyOTk4NA%3D%3D.2-ccb7-4&oh=00_AT9VNtBVyMXW_zBt2Fndy_ikkboD3mHNaDWjBZZdWey2qA&oe=627C3BA4&_nc_sid=1527a3', 'scans_profile': 'e35', 'estimated_scans_sizes': [5018, 10036, 15054, 20072, 25091, 31321, 404523, 45164, 45164]}, 'standard_resolution': {'width': 1440, 'height': 1440, 'url': 'https://instagram.fotp3-1.fna.fbcdn.net/v/t51.2885-15/275433159_101782485785587_6339728649411365408_n.webp?se=7&stp=dst-jpg_e35&_nc_ht=instagram.fotp3-1.fna.fbcdn.net&_nc_cat=107&_nc_ohc=gOu827yiNP0AX8gUnTD&edm=ACWDqb8BAAAA&ccb=7-4&ig_cache_key=Mjc5MDg5NDAxMDc5MTkyOTk4NA%3D%3D.2-ccb7-4&oh=00_AT_zvBl2NZY5E6uXraBDLCgYMKEj3jRI_jLb9kNg2OaZqw&oe=627C3BA4&_nc_sid=1527a3', 'scans_profile': 'e35', 'estimated_scans_sizes': [19670, 39340, 59010, 78680, 98350, 118708, 143706, 160041, 177030]}}",신나는 콘서트,
13,1646920491,2790893826536209251_50739418093,1,False,False,0,1440.0,1440.0,10750376,https://www.instagram.com/p/Ca7PyYAhXtj/,"{'low_resolution': {'width': 480, 'height': 480, 'url': 'https://instagram.fotp3-2.fna.fbcdn.net/v/t51.2885-15/275518869_679492583371313_217479685960493788_n.webp?stp=dst-jpg_e35_s480x480&_nc_ht=instagram.fotp3-2.fna.fbcdn.net&_nc_cat=105&_nc_ohc=rpXZ8YaeDFoAX8NbP16&edm=ACWDqb8BAAAA&ccb=7-4&ig_cache_key=Mjc5MDg5MzgyNjUzNjIwOTI1MQ%3D%3D.2-ccb7-4&oh=00_AT-1ouDHYVAyzxFbNKacT5xCiuo4tDeuAQ9Cs5iLZYUYwA&oe=627CCB8C&_nc_sid=1527a3', 'scans_profile': 'e35', 'estimated_scans_sizes': [4040, 8081, 12122, 16163, 20203, 25220, 325731, 36367, 36367]}, 'thumbnail': {'width': 480, 'height': 480, 'url': 'https://instagram.fotp3-2.fna.fbcdn.net/v/t51.2885-15/275518869_679492583371313_217479685960493788_n.webp?stp=dst-jpg_e35_s480x480&_nc_ht=instagram.fotp3-2.fna.fbcdn.net&_nc_cat=105&_nc_ohc=rpXZ8YaeDFoAX8NbP16&edm=ACWDqb8BAAAA&ccb=7-4&ig_cache_key=Mjc5MDg5MzgyNjUzNjIwOTI1MQ%3D%3D.2-ccb7-4&oh=00_AT-1ouDHYVAyzxFbNKacT5xCiuo4tDeuAQ9Cs5iLZYUYwA&oe=627CCB8C&_nc_sid=1527a3', 'scans_profile': 'e35', 'estimated_scans_sizes': [4040, 8081, 12122, 16163, 20203, 25220, 325731, 36367, 36367]}, 'standard_resolution': {'width': 1440, 'height': 1440, 'url': 'https://instagram.fotp3-2.fna.fbcdn.net/v/t51.2885-15/275518869_679492583371313_217479685960493788_n.webp?se=7&stp=dst-jpg_e35&_nc_ht=instagram.fotp3-2.fna.fbcdn.net&_nc_cat=105&_nc_ohc=rpXZ8YaeDFoAX8NbP16&edm=ACWDqb8BAAAA&ccb=7-4&ig_cache_key=Mjc5MDg5MzgyNjUzNjIwOTI1MQ%3D%3D.2-ccb7-4&oh=00_AT-COZX6k9TEdg1JpmfkvXZJQFV3RyjwsKu8dD60IULZlA&oe=627CCB8C&_nc_sid=1527a3', 'scans_profile': 'e35', 'estimated_scans_sizes': [14041, 28083, 42124, 56166, 70207, 84740, 102585, 114246, 126374]}}",제작한 모자,
14,1646381597,2786373249087598532_50739418093,8,False,False,1,,,12787255,https://www.instagram.com/p/CarL7ULhG_E/,"{'low_resolution': {'width': 480, 'height': 480, 'url': 'https://instagram.fotp3-1.fna.fbcdn.net/v/t51.2885-15/275221531_1119419125539123_979541976924358257_n.webp?stp=dst-jpg_e35_s480x480&_nc_ht=instagram.fotp3-1.fna.fbcdn.net&_nc_cat=103&_nc_ohc=2jBbvmDgLHEAX9BL5PH&edm=ACWDqb8BAAAA&ccb=7-4&ig_cache_key=Mjc4NjM3MzI0NDQwNjk2MDY4MQ%3D%3D.2-ccb7-4&oh=00_AT-MDPTBcA1ez9vso8z_DnFX_2ZwOeW3NLza3vpQ0HmUVQ&oe=627D5E5C&_nc_sid=1527a3', 'scans_profile': 'e35', 'estimated_scans_sizes': [2929, 5859, 8788, 11718, 14647, 18285, 236156, 26366, 26366]}, 'thumbnail': {'width': 480, 'height': 480, 'url': 'https://instagram.fotp3-1.fna.fbcdn.net/v/t51.2885-15/275221531_1119419125539123_979541976924358257_n.webp?stp=dst-jpg_e35_s480x480&_nc_ht=instagram.fotp3-1.fna.fbcdn.net&_nc_cat=103&_nc_ohc=2jBbvmDgLHEAX9BL5PH&edm=ACWDqb8BAAAA&ccb=7-4&ig_cache_key=Mjc4NjM3MzI0NDQwNjk2MDY4MQ%3D%3D.2-ccb7-4&oh=00_AT-MDPTBcA1ez9vso8z_DnFX_2ZwOeW3NLza3vpQ0HmUVQ&oe=627D5E5C&_nc_sid=1527a3', 'scans_profile': 'e35', 'estimated_scans_sizes': [2929, 5859, 8788, 11718, 14647, 18285, 236156, 26366, 26366]}, 'standard_resolution': {'width': 1440, 'height': 1440, 'url': 'https://instagram.fotp3-1.fna.fbcdn.net/v/t51.2885-15/275221531_1119419125539123_979541976924358257_n.webp?se=7&stp=dst-jpg_e35&_nc_ht=instagram.fotp3-1.fna.fbcdn.net&_nc_cat=103&_nc_ohc=2jBbvmDgLHEAX9BL5PH&edm=ACWDqb8BAAAA&ccb=7-4&ig_cache_key=Mjc4NjM3MzI0NDQwNjk2MDY4MQ%3D%3D.2-ccb7-4&oh=00_AT8USK5kD52ecdM_apJMuV9mkl4uTcwh_ElWCxK5PZfGEg&oe=627D5E5C&_nc_sid=1527a3', 'scans_profile': 'e35', 'estimated_scans_sizes': [8513, 17027, 25540, 34054, 42567, 51379, 62198, 69268, 76622]}}",성공한 사람처럼 찍어봄,
15,1645600983,2779824989862686779_50739418093,8,False,False,1,,,12420813,https://www.instagram.com/p/CaT7BmihPA7/,"{'low_resolution': {'width': 480, 'height': 480, 'url': 'https://instagram.fotp3-3.fna.fbcdn.net/v/t51.2885-15/274352487_675834873547970_8981726793869649851_n.webp?stp=dst-jpg_e35_s480x480&_nc_ht=instagram.fotp3-3.fna.fbcdn.net&_nc_cat=102&_nc_ohc=0tTPIYQLXLEAX8RB5MA&edm=ACWDqb8BAAAA&ccb=7-4&ig_cache_key=Mjc3OTgyNDk4NTAzOTM0OTkzNQ%3D%3D.2-ccb7-4&oh=00_AT_5MZEyuZ39o00_rn_mTQha7Cz5wdxgn_P7Ued1toqNJg&oe=627B8F74&_nc_sid=1527a3', 'scans_profile': 'e35', 'estimated_scans_sizes': [3631, 7263, 10895, 14527, 18158, 22668, 292760, 32686, 32686]}, 'thumbnail': {'width': 480, 'height': 480, 'url': 'https://instagram.fotp3-3.fna.fbcdn.net/v/t51.2885-15/274352487_675834873547970_8981726793869649851_n.webp?stp=dst-jpg_e35_s480x480&_nc_ht=instagram.fotp3-3.fna.fbcdn.net&_nc_cat=102&_nc_ohc=0tTPIYQLXLEAX8RB5MA&edm=ACWDqb8BAAAA&ccb=7-4&ig_cache_key=Mjc3OTgyNDk4NTAzOTM0OTkzNQ%3D%3D.2-ccb7-4&oh=00_AT_5MZEyuZ39o00_rn_mTQha7Cz5wdxgn_P7Ued1toqNJg&oe=627B8F74&_nc_sid=1527a3', 'scans_profile': 'e35', 'estimated_scans_sizes': [3631, 7263, 10895, 14527, 18158, 22668, 292760, 32686, 32686]}, 'standard_resolution': {'width': 1440, 'height': 1440, 'url': 'https://instagram.fotp3-3.fna.fbcdn.net/v/t51.2885-15/274352487_675834873547970_8981726793869649851_n.webp?se=7&stp=dst-jpg_e35&_nc_ht=instagram.fotp3-3.fna.fbcdn.net&_nc_cat=102&_nc_ohc=0tTPIYQLXLEAX8RB5MA&edm=ACWDqb8BAAAA&ccb=7-4&ig_cache_key=Mjc3OTgyNDk4NTAzOTM0OTkzNQ%3D%3D.2-ccb7-4&oh=00_AT8-ObJWHgcVqSz6peqXw6KWvFlW7ms7AHXpA4bindMEBQ&oe=627B8F74&_nc_sid=1527a3', 'scans_profile': 'e35', 'estimated_scans_sizes': [11893, 23786, 35679, 47572, 59466, 71775, 86890, 96767, 107039]}}",,
16,1645513638,2779092282383829755_50739418093,8,False,False,2,,,12000062,https://www.instagram.com/p/CaRUbThhIr7/,"{'low_resolution': {'width': 480, 'height': 480, 'url': 'https://instagram.fotp3-1.fna.fbcdn.net/v/t51.2885-15/274549825_150605070735439_6376209915988378802_n.webp?stp=dst-jpg_e35_s480x480&_nc_ht=instagram.fotp3-1.fna.fbcdn.net&_nc_cat=107&_nc_ohc=Iy_af9NvNZoAX8tbNss&edm=ACWDqb8BAAAA&ccb=7-4&ig_cache_key=Mjc3OTA5MjI3Nzk1NDY4MDY4Nw%3D%3D.2-ccb7-4&oh=00_AT_mCcxBylYnhB5GQ4jHIfuAUvDgWW68R5VXcMHszt3PuQ&oe=627C2704&_nc_sid=1527a3', 'scans_profile': 'e35', 'estimated_scans_sizes': [3876, 7752, 11628, 15504, 19380, 24192, 312447, 34884, 34884]}, 'thumbnail': {'width': 480, 'height': 480, 'url': 'https://instagram.fotp3-1.fna.fbcdn.net/v/t51.2885-15/274549825_150605070735439_6376209915988378802_n.webp?stp=dst-jpg_e35_s480x480&_nc_ht=instagram.fotp3-1.fna.fbcdn.net&_nc_cat=107&_nc_ohc=Iy_af9NvNZoAX8tbNss&edm=ACWDqb8BAAAA&ccb=7-4&ig_cache_key=Mjc3OTA5MjI3Nzk1NDY4MDY4Nw%3D%3D.2-ccb7-4&oh=00_AT_mCcxBylYnhB5GQ4jHIfuAUvDgWW68R5VXcMHszt3PuQ&oe=627C2704&_nc_sid=1527a3', 'scans_profile': 'e35', 'estimated_scans_sizes': [3876, 7752, 11628, 15504, 19380, 24192, 312447, 34884, 34884]}, 'standard_resolution': {'width': 1440, 'height': 1440, 'url': 'https://instagram.fotp3-1.fna.fbcdn.net/v/t51.2885-15/274549825_150605070735439_6376209915988378802_n.webp?se=7&stp=dst-jpg_e35&_nc_ht=instagram.fotp3-1.fna.fbcdn.net&_nc_cat=107&_nc_ohc=Iy_af9NvNZoAX8tbNss&edm=ACWDqb8BAAAA&ccb=7-4&ig_cache_key=Mjc3OTA5MjI3Nzk1NDY4MDY4Nw%3D%3D.2-ccb7-4&oh=00_AT9BevZQOA0-qhlNRhAqgZL_qyupuMv0X9XJ_DwWXc_cSA&oe=627C2704&_nc_sid=1527a3', 'scans_profile': 'e35', 'estimated_scans_sizes': [13160, 26321, 39482, 52642, 65803, 79424, 96150, 107079, 118446]}}",,1.828258963603301e+16
17,1644812743,2773212748728023311_50739418093,8,False,False,1,,,13223359,https://www.instagram.com/p/CZ8bk1GhLkP/,"{'low_resolution': {'width': 480, 'height': 480, 'url': 'https://instagram.fotp3-3.fna.fbcdn.net/v/t51.2885-15/274036586_410978380785152_6204900093943562901_n.webp?stp=dst-jpg_e35_s480x480&_nc_ht=instagram.fotp3-3.fna.fbcdn.net&_nc_cat=108&_nc_ohc=iDV3GINqXAcAX_XDbG9&edm=ACWDqb8BAAAA&ccb=7-4&ig_cache_key=Mjc3MzIxMjc0NDc3NzEzNzMxNw%3D%3D.2-ccb7-4&oh=00_AT8H_xh0XAsnc2jTw9srN886bS4XQYji-XNRAFMSYHWTiA&oe=627B9E3A&_nc_sid=1527a3', 'scans_profile': 'e35', 'estimated_scans_sizes': [4297, 8594, 12891, 17188, 21485, 26819, 346383, 38673, 38673]}, 'thumbnail': {'width': 480, 'height': 480, 'url': 'https://instagram.fotp3-3.fna.fbcdn.net/v/t51.2885-15/274036586_410978380785152_6204900093943562901_n.webp?stp=dst-jpg_e35_s480x480&_nc_ht=instagram.fotp3-3.fna.fbcdn.net&_nc_cat=108&_nc_ohc=iDV3GINqXAcAX_XDbG9&edm=ACWDqb8BAAAA&ccb=7-4&ig_cache_key=Mjc3MzIxMjc0NDc3NzEzNzMxNw%3D%3D.2-ccb7-4&oh=00_AT8H_xh0XAsnc2jTw9srN886bS4XQYji-XNRAFMSYHWTiA&oe=627B9E3A&_nc_sid=1527a3', 'scans_profile': 'e35', 'estimated_scans_sizes': [4297, 8594, 12891, 17188, 21485, 26819, 346383, 38673, 38673]}, 'standard_resolution': {'width': 1440, 'height': 1440, 'url': 'https://instagram.fotp3-3.fna.fbcdn.net/v/t51.2885-15/274036586_410978380785152_6204900093943562901_n.webp?se=7&stp=dst-jpg_e35&_nc_ht=instagram.fotp3-3.fna.fbcdn.net&_nc_cat=108&_nc_ohc=iDV3GINqXAcAX_XDbG9&edm=ACWDqb8BAAAA&ccb=7-4&ig_cache_key=Mjc3MzIxMjc0NDc3NzEzNzMxNw%3D%3D.2-ccb7-4&oh=00_AT8OSjVNKC8GghkVgy4fLnV44nettxX9wTztiF-jK3xTsg&oe=627B9E3A&_nc_sid=1527a3', 'scans_profile': 'e35', 'estimated_scans_sizes': [15450, 30901, 46352, 61803, 77254, 93246, 112882, 125713, 139058]}}",,
18,1643976127,2766194703933385265_50739418093,8,False,False,0,,,13109913,https://www.instagram.com/p/CZjf21jhCox/,"{'low_resolution': {'width': 480, 'height': 480, 'url': 'https://instagram.fotp3-1.fna.fbcdn.net/v/t51.2885-15/269984652_433045505272868_8075114698748263021_n.webp?stp=dst-jpg_e35_s480x480&_nc_ht=instagram.fotp3-1.fna.fbcdn.net&_nc_cat=1&_nc_ohc=wg4ddb7sXloAX_YR7Z1&edm=ACWDqb8BAAAA&ccb=7-4&ig_cache_key=Mjc2NjE5NDY5OTI4NjE1Mzk1OA%3D%3D.2-ccb7-4&oh=00_AT9HACiEepL0LGCLtSIrQR1ksaha-Mc8B0r_QTHWuUFHmQ&oe=627B8164&_nc_sid=1527a3', 'scans_profile': 'e35', 'estimated_scans_sizes': [4502, 9005, 13508, 18010, 22513, 28104, 362969, 40524, 40524]}, 'thumbnail': {'width': 480, 'height': 480, 'url': 'https://instagram.fotp3-1.fna.fbcdn.net/v/t51.2885-15/269984652_433045505272868_8075114698748263021_n.webp?stp=dst-jpg_e35_s480x480&_nc_ht=instagram.fotp3-1.fna.fbcdn.net&_nc_cat=1&_nc_ohc=wg4ddb7sXloAX_YR7Z1&edm=ACWDqb8BAAAA&ccb=7-4&ig_cache_key=Mjc2NjE5NDY5OTI4NjE1Mzk1OA%3D%3D.2-ccb7-4&oh=00_AT9HACiEepL0LGCLtSIrQR1ksaha-Mc8B0r_QTHWuUFHmQ&oe=627B8164&_nc_sid=1527a3', 'scans_profile': 'e35', 'estimated_scans_sizes': [4502, 9005, 13508, 18010, 22513, 28104, 362969, 40524, 40524]}, 'standard_resolution': {'width': 1440, 'height': 1440, 'url': 'https://instagram.fotp3-1.fna.fbcdn.net/v/t51.2885-15/269984652_433045505272868_8075114698748263021_n.webp?se=7&stp=dst-jpg_e35&_nc_ht=instagram.fotp3-1.fna.fbcdn.net&_nc_cat=1&_nc_ohc=wg4ddb7sXloAX_YR7Z1&edm=ACWDqb8BAAAA&ccb=7-4&ig_cache_key=Mjc2NjE5NDY5OTI4NjE1Mzk1OA%3D%3D.2-ccb7-4&oh=00_AT86hux1tcYHOxBfMMRgouJsZZ2yIEN-xIWJfZeBDw2HeQ&oe=627B8164&_nc_sid=1527a3', 'scans_profile': 'e35', 'estimated_scans_sizes': [16617, 33234, 49851, 66468, 83086, 100285, 121403, 135203, 149555]}}",여보세요,
19,1643603910,2763072328367048992_50739418093,1,False,False,3,1440.0,1440.0,11710098,https://www.instagram.com/p/CZYZ6StB4kg/,"{'low_resolution': {'width': 480, 'height': 480, 'url': 'https://instagram.fotp3-1.fna.fbcdn.net/v/t51.2885-15/272883238_267703765447014_169691421228765036_n.webp?stp=dst-jpg_e35_s480x480&_nc_ht=instagram.fotp3-1.fna.fbcdn.net&_nc_cat=106&_nc_ohc=0KRN8AsJRVEAX_yEytE&edm=ACWDqb8BAAAA&ccb=7-4&ig_cache_key=Mjc2MzA3MjMyODM2NzA0ODk5Mg%3D%3D.2-ccb7-4&oh=00_AT_7EKnrpJN0Xu8Pcei_7mzP35CtmEM2QfLXHhPcilD3VQ&oe=627BE2D8&_nc_sid=1527a3', 'scans_profile': 'e35', 'estimated_scans_sizes': [3221, 6443, 9665, 12886, 16108, 20108, 259701, 28995, 28995]}, 'thumbnail': {'width': 480, 'height': 480, 'url': 'https://instagram.fotp3-1.fna.fbcdn.net/v/t51.2885-15/272883238_267703765447014_169691421228765036_n.webp?stp=dst-jpg_e35_s480x480&_nc_ht=instagram.fotp3-1.fna.fbcdn.net&_nc_cat=106&_nc_ohc=0KRN8AsJRVEAX_yEytE&edm=ACWDqb8BAAAA&ccb=7-4&ig_cache_key=Mjc2MzA3MjMyODM2NzA0ODk5Mg%3D%3D.2-ccb7-4&oh=00_AT_7EKnrpJN0Xu8Pcei_7mzP35CtmEM2QfLXHhPcilD3VQ&oe=627BE2D8&_nc_sid=1527a3', 'scans_profile': 'e35', 'estimated_scans_sizes': [3221, 6443, 9665, 12886, 16108, 20108, 259701, 28995, 28995]}, 'standard_resolution': {'width': 1440, 'height': 1440, 'url': 'https://instagram.fotp3-1.fna.fbcdn.net/v/t51.2885-15/272883238_267703765447014_169691421228765036_n.webp?se=7&stp=dst-jpg_e35&_nc_ht=instagram.fotp3-1.fna.fbcdn.net&_nc_cat=106&_nc_ohc=0KRN8AsJRVEAX_yEytE&edm=ACWDqb8BAAAA&ccb=7-4&ig_cache_key=Mjc2MzA3MjMyODM2NzA0ODk5Mg%3D%3D.2-ccb7-4&oh=00_AT977jh4VM4hnQhTT-JtqKKfGFc8exa0sYM0fY2bBQOZpQ&oe=627BE2D8&_nc_sid=1527a3', 'scans_profile': 'e35', 'estimated_scans_sizes': [9870, 19740, 29611, 39481, 49351, 59567, 72111, 80308, 88833]}}",즐 설,1.7920925372311068e+16
20,1643296785,2760495976933536246_50739418093,1,False,False,1,1440.0,1440.0,9922436,https://www.instagram.com/p/CZPQHcdBLH2/,"{'low_resolution': {'width': 480, 'height': 480, 'url': 'https://instagram.fotp3-2.fna.fbcdn.net/v/t51.2885-15/272717373_346860637066361_5384741208527959074_n.webp?stp=dst-jpg_e35_s480x480&_nc_ht=instagram.fotp3-2.fna.fbcdn.net&_nc_cat=105&_nc_ohc=-QViB1NdRW4AX_aOplR&edm=ACWDqb8BAAAA&ccb=7-4&ig_cache_key=Mjc2MDQ5NTk3NjkzMzUzNjI0Ng%3D%3D.2-ccb7-4&oh=00_AT_5lgGd2p0TTvPHD5hPHlAfqUaO_KN87e8AYoWbytS1UQ&oe=627B90CE&_nc_sid=1527a3', 'scans_profile': 'e35', 'estimated_scans_sizes': [4644, 9288, 13932, 18576, 23221, 28987, 374374, 41798, 41798]}, 'thumbnail': {'width': 480, 'height': 480, 'url': 'https://instagram.fotp3-2.fna.fbcdn.net/v/t51.2885-15/272717373_346860637066361_5384741208527959074_n.webp?stp=dst-jpg_e35_s480x480&_nc_ht=instagram.fotp3-2.fna.fbcdn.net&_nc_cat=105&_nc_ohc=-QViB1NdRW4AX_aOplR&edm=ACWDqb8BAAAA&ccb=7-4&ig_cache_key=Mjc2MDQ5NTk3NjkzMzUzNjI0Ng%3D%3D.2-ccb7-4&oh=00_AT_5lgGd2p0TTvPHD5hPHlAfqUaO_KN87e8AYoWbytS1UQ&oe=627B90CE&_nc_sid=1527a3', 'scans_profile': 'e35', 'estimated_scans_sizes': [4644, 9288, 13932, 18576, 23221, 28987, 374374, 41798, 41798]}, 'standard_resolution': {'width': 1440, 'height': 1440, 'url': 'https://instagram.fotp3-2.fna.fbcdn.net/v/t51.2885-15/272717373_346860637066361_5384741208527959074_n.webp?se=7&stp=dst-jpg_e35&_nc_ht=instagram.fotp3-2.fna.fbcdn.net&_nc_cat=105&_nc_ohc=-QViB1NdRW4AX_aOplR&edm=ACWDqb8BAAAA&ccb=7-4&ig_cache_key=Mjc2MDQ5NTk3NjkzMzUzNjI0Ng%3D%3D.2-ccb7-4&oh=00_AT9NR-pyKNZZ9ko4Tjbov7TandvW1v-tSXKEzNXc9LY10A&oe=627B90CE&_nc_sid=1527a3', 'scans_profile': 'e35', 'estimated_scans_sizes': [17436, 34873, 52310, 69747, 87183, 105230, 127390, 141870, 156931]}}",죄홉 선물 고맙다,
21,1642425464,2753186802612829081_50739418093,1,False,False,1,1440.0,1440.0,12295750,https://www.instagram.com/p/CY1SM9aB_uZ/,"{'low_resolution': {'width': 480, 'height': 480, 'url': 'https://instagram.fotp3-3.fna.fbcdn.net/v/t51.2885-15/271916838_2059981827493268_2832667635396344993_n.webp?stp=dst-jpg_e35_s480x480&_nc_ht=instagram.fotp3-3.fna.fbcdn.net&_nc_cat=108&_nc_ohc=1XouQj6nEB8AX_brutY&edm=ACWDqb8BAAAA&ccb=7-4&ig_cache_key=Mjc1MzE4NjgwMjYxMjgyOTA4MQ%3D%3D.2-ccb7-4&oh=00_AT9C-LrkJc8CL5ZJV0i8amfKK5PFPjBbKcLYrEpjP8VD4Q&oe=627D0ECA&_nc_sid=1527a3', 'scans_profile': 'e35', 'estimated_scans_sizes': [4512, 9025, 13538, 18051, 22563, 28167, 363780, 40615, 40615]}, 'thumbnail': {'width': 480, 'height': 480, 'url': 'https://instagram.fotp3-3.fna.fbcdn.net/v/t51.2885-15/271916838_2059981827493268_2832667635396344993_n.webp?stp=dst-jpg_e35_s480x480&_nc_ht=instagram.fotp3-3.fna.fbcdn.net&_nc_cat=108&_nc_ohc=1XouQj6nEB8AX_brutY&edm=ACWDqb8BAAAA&ccb=7-4&ig_cache_key=Mjc1MzE4NjgwMjYxMjgyOTA4MQ%3D%3D.2-ccb7-4&oh=00_AT9C-LrkJc8CL5ZJV0i8amfKK5PFPjBbKcLYrEpjP8VD4Q&oe=627D0ECA&_nc_sid=1527a3', 'scans_profile': 'e35', 'estimated_scans_sizes': [4512, 9025, 13538, 18051, 22563, 28167, 363780, 40615, 40615]}, 'standard_resolution': {'width': 1440, 'height': 1440, 'url': 'https://instagram.fotp3-3.fna.fbcdn.net/v/t51.2885-15/271916838_2059981827493268_2832667635396344993_n.webp?se=7&stp=dst-jpg_e35&_nc_ht=instagram.fotp3-3.fna.fbcdn.net&_nc_cat=108&_nc_ohc=1XouQj6nEB8AX_brutY&edm=ACWDqb8BAAAA&ccb=7-4&ig_cache_key=Mjc1MzE4NjgwMjYxMjgyOTA4MQ%3D%3D.2-ccb7-4&oh=00_AT9UP7IATLdMEhpfRJYLPpGTMbyseiI3r0c9E1qy4f75Fw&oe=627D0ECA&_nc_sid=1527a3', 'scans_profile': 'e35', 'estimated_scans_sizes': [16675, 33350, 50025, 66700, 83375, 100634, 121826, 135673, 150076]}}",죄홉이 뭔 사진을 그렇게 빨리 찍냐고 뭐라함,
22,1642397978,2752956231403826051_50739418093,1,False,False,2,1440.0,1440.0,11832144,https://www.instagram.com/p/CY0dxtPBeuD/,"{'low_resolution': {'width': 480, 'height': 480, 'url': 'https://instagram.fotp3-1.fna.fbcdn.net/v/t51.2885-15/271774919_326350752733263_6277068331064593532_n.webp?stp=dst-jpg_e35_s480x480&_nc_ht=instagram.fotp3-1.fna.fbcdn.net&_nc_cat=103&_nc_ohc=8cLNiLZaDgoAX8iyh4s&edm=ACWDqb8BAAAA&ccb=7-4&ig_cache_key=Mjc1Mjk1NjIzMTQwMzgyNjA1MQ%3D%3D.2-ccb7-4&oh=00_AT90ekoy8p3ZxtvUTj3jgghAHNLvyK_Pu-Mw8AytRqVTCw&oe=627CB56D&_nc_sid=1527a3', 'scans_profile': 'e35', 'estimated_scans_sizes': [4338, 8677, 13016, 17355, 21694, 27081, 349764, 39050, 39050]}, 'thumbnail': {'width': 480, 'height': 480, 'url': 'https://instagram.fotp3-1.fna.fbcdn.net/v/t51.2885-15/271774919_326350752733263_6277068331064593532_n.webp?stp=dst-jpg_e35_s480x480&_nc_ht=instagram.fotp3-1.fna.fbcdn.net&_nc_cat=103&_nc_ohc=8cLNiLZaDgoAX8iyh4s&edm=ACWDqb8BAAAA&ccb=7-4&ig_cache_key=Mjc1Mjk1NjIzMTQwMzgyNjA1MQ%3D%3D.2-ccb7-4&oh=00_AT90ekoy8p3ZxtvUTj3jgghAHNLvyK_Pu-Mw8AytRqVTCw&oe=627CB56D&_nc_sid=1527a3', 'scans_profile': 'e35', 'estimated_scans_sizes': [4338, 8677, 13016, 17355, 21694, 27081, 349764, 39050, 39050]}, 'standard_resolution': {'width': 1440, 'height': 1440, 'url': 'https://instagram.fotp3-1.fna.fbcdn.net/v/t51.2885-15/271774919_326350752733263_6277068331064593532_n.webp?se=7&stp=dst-jpg_e35&_nc_ht=instagram.fotp3-1.fna.fbcdn.net&_nc_cat=103&_nc_ohc=8cLNiLZaDgoAX8iyh4s&edm=ACWDqb8BAAAA&ccb=7-4&ig_cache_key=Mjc1Mjk1NjIzMTQwMzgyNjA1MQ%3D%3D.2-ccb7-4&oh=00_AT9akK40-j79z3BW0KLPfGeg_mCxPXDhJ0EnsChYexIvsw&oe=627CB56D&_nc_sid=1527a3', 'scans_profile': 'e35', 'estimated_scans_sizes': [15686, 31372, 47058, 62744, 78430, 94666, 114601, 127627, 141175]}}",죄홉이 삭제하는거 아니래요,
23,1642247086,2751690463538198681_50739418093,8,False,False,2,,,12866523,https://www.instagram.com/p/CYv9-XDBjiZ/,"{'low_resolution': {'width': 480, 'height': 480, 'url': 'https://instagram.fotp3-1.fna.fbcdn.net/v/t51.2885-15/271901442_645856016450680_1012469364077165577_n.webp?stp=dst-jpg_e35_s480x480&_nc_ht=instagram.fotp3-1.fna.fbcdn.net&_nc_cat=104&_nc_ohc=7QySpnYaxWcAX9ic8Z1&edm=ACWDqb8BAAAA&ccb=7-4&ig_cache_key=Mjc1MTY5MDQ1Nzk4NDg3ODA0NQ%3D%3D.2-ccb7-4&oh=00_AT_-FSnb4JkXJg14Te2Zw0WS31vhO71EKFH_MhTKPI0uwg&oe=627BA5D3&_nc_sid=1527a3', 'scans_profile': 'e35', 'estimated_scans_sizes': [5110, 10220, 15330, 20440, 25551, 31895, 411937, 45992, 45992]}, 'thumbnail': {'width': 480, 'height': 480, 'url': 'https://instagram.fotp3-1.fna.fbcdn.net/v/t51.2885-15/271901442_645856016450680_1012469364077165577_n.webp?stp=dst-jpg_e35_s480x480&_nc_ht=instagram.fotp3-1.fna.fbcdn.net&_nc_cat=104&_nc_ohc=7QySpnYaxWcAX9ic8Z1&edm=ACWDqb8BAAAA&ccb=7-4&ig_cache_key=Mjc1MTY5MDQ1Nzk4NDg3ODA0NQ%3D%3D.2-ccb7-4&oh=00_AT_-FSnb4JkXJg14Te2Zw0WS31vhO71EKFH_MhTKPI0uwg&oe=627BA5D3&_nc_sid=1527a3', 'scans_profile': 'e35', 'estimated_scans_sizes': [5110, 10220, 15330, 20440, 25551, 31895, 411937, 45992, 45992]}, 'standard_resolution': {'width': 1440, 'height': 1440, 'url': 'https://instagram.fotp3-1.fna.fbcdn.net/v/t51.2885-15/271901442_645856016450680_1012469364077165577_n.webp?se=7&stp=dst-jpg_e35&_nc_ht=instagram.fotp3-1.fna.fbcdn.net&_nc_cat=104&_nc_ohc=7QySpnYaxWcAX9ic8Z1&edm=ACWDqb8BAAAA&ccb=7-4&ig_cache_key=Mjc1MTY5MDQ1Nzk4NDg3ODA0NQ%3D%3D.2-ccb7-4&oh=00_AT_FLcjpqsI-x_eApGbF5cITEkHD2tcybHuMrC3fjkLEeA&oe=627BA5D3&_nc_sid=1527a3', 'scans_profile': 'e35', 'estimated_scans_sizes': [20233, 40467, 60701, 80935, 101168, 122111, 147825, 164628, 182104]}}",,1.787447959162334e+16
24,1642246978,2751689553231558540_50739418093,1,False,False,1,1440.0,1440.0,11113603,https://www.instagram.com/p/CYv9xHQhTeM/,"{'low_resolution': {'width': 480, 'height': 480, 'url': 'https://instagram.fotp3-3.fna.fbcdn.net/v/t51.2885-15/271945315_606215373813788_8623250700038079194_n.webp?stp=dst-jpg_e35_s480x480&_nc_ht=instagram.fotp3-3.fna.fbcdn.net&_nc_cat=108&_nc_ohc=Bu3X290NPhoAX9gScOB&edm=ACWDqb8BAAAA&ccb=7-4&ig_cache_key=Mjc1MTY4OTU1MzIzMTU1ODU0MA%3D%3D.2-ccb7-4&oh=00_AT9b8caolwWeFKk-GFFU35UR8jqv1nC_FY8ypNojSmjndQ&oe=627C4111&_nc_sid=1527a3', 'scans_profile': 'e35', 'estimated_scans_sizes': [2020, 4040, 6060, 8080, 10100, 12607, 162832, 18180, 18180]}, 'thumbnail': {'width': 480, 'height': 480, 'url': 'https://instagram.fotp3-3.fna.fbcdn.net/v/t51.2885-15/271945315_606215373813788_8623250700038079194_n.webp?stp=dst-jpg_e35_s480x480&_nc_ht=instagram.fotp3-3.fna.fbcdn.net&_nc_cat=108&_nc_ohc=Bu3X290NPhoAX9gScOB&edm=ACWDqb8BAAAA&ccb=7-4&ig_cache_key=Mjc1MTY4OTU1MzIzMTU1ODU0MA%3D%3D.2-ccb7-4&oh=00_AT9b8caolwWeFKk-GFFU35UR8jqv1nC_FY8ypNojSmjndQ&oe=627C4111&_nc_sid=1527a3', 'scans_profile': 'e35', 'estimated_scans_sizes': [2020, 4040, 6060, 8080, 10100, 12607, 162832, 18180, 18180]}, 'standard_resolution': {'width': 1440, 'height': 1440, 'url': 'https://instagram.fotp3-3.fna.fbcdn.net/v/t51.2885-15/271945315_606215373813788_8623250700038079194_n.webp?se=7&stp=dst-jpg_e35&_nc_ht=instagram.fotp3-3.fna.fbcdn.net&_nc_cat=108&_nc_ohc=Bu3X290NPhoAX9gScOB&edm=ACWDqb8BAAAA&ccb=7-4&ig_cache_key=Mjc1MTY4OTU1MzIzMTU1ODU0MA%3D%3D.2-ccb7-4&oh=00_AT_BO7mWpeJItqu_HZXz9LIfX6xPVPScSrMcAASaVTGRpQ&oe=627C4111&_nc_sid=1527a3', 'scans_profile': 'e35', 'estimated_scans_sizes': [4774, 9548, 14322, 19096, 23870, 28811, 34878, 38843, 42966]}}",,
25,1642154577,2750914437455403219_50739418093,8,False,False,6,,,14166728,https://www.instagram.com/p/CYtNhscBdjT/,"{'low_resolution': {'width': 480, 'height': 480, 'url': 'https://instagram.fotp3-1.fna.fbcdn.net/v/t51.2885-15/271813418_605819737152067_7023844292574737246_n.webp?stp=dst-jpg_e35_s480x480&_nc_ht=instagram.fotp3-1.fna.fbcdn.net&_nc_cat=107&_nc_ohc=j2BlmlwWDlUAX8t30pr&edm=ACWDqb8BAAAA&ccb=7-4&ig_cache_key=Mjc1MDkxNDQzMjUxNDQ3NzY2Nw%3D%3D.2-ccb7-4&oh=00_AT-TIVEIrdSys78aF_WUri7I7a3L9Beu8_X9w0Ijdni7CA&oe=627C14DD&_nc_sid=1527a3', 'scans_profile': 'e35', 'estimated_scans_sizes': [6685, 13370, 20055, 26740, 33426, 41726, 538904, 60167, 60167]}, 'thumbnail': {'width': 480, 'height': 480, 'url': 'https://instagram.fotp3-1.fna.fbcdn.net/v/t51.2885-15/271813418_605819737152067_7023844292574737246_n.webp?stp=dst-jpg_e35_s480x480&_nc_ht=instagram.fotp3-1.fna.fbcdn.net&_nc_cat=107&_nc_ohc=j2BlmlwWDlUAX8t30pr&edm=ACWDqb8BAAAA&ccb=7-4&ig_cache_key=Mjc1MDkxNDQzMjUxNDQ3NzY2Nw%3D%3D.2-ccb7-4&oh=00_AT-TIVEIrdSys78aF_WUri7I7a3L9Beu8_X9w0Ijdni7CA&oe=627C14DD&_nc_sid=1527a3', 'scans_profile': 'e35', 'estimated_scans_sizes': [6685, 13370, 20055, 26740, 33426, 41726, 538904, 60167, 60167]}, 'standard_resolution': {'width': 1440, 'height': 1440, 'url': 'https://instagram.fotp3-1.fna.fbcdn.net/v/t51.2885-15/271813418_605819737152067_7023844292574737246_n.webp?se=7&stp=dst-jpg_e35&_nc_ht=instagram.fotp3-1.fna.fbcdn.net&_nc_cat=107&_nc_ohc=j2BlmlwWDlUAX8t30pr&edm=ACWDqb8BAAAA&ccb=7-4&ig_cache_key=Mjc1MDkxNDQzMjUxNDQ3NzY2Nw%3D%3D.2-ccb7-4&oh=00_AT_i75rSGwdX5rOG6Umy9qxwZaokyJWtbrxZpuPyfmlPUw&oe=627C14DD&_nc_sid=1527a3', 'scans_profile': 'e35', 'estimated_scans_sizes': [30734, 61468, 92203, 122937, 153672, 185482, 224541, 250065, 276610]}}",딸기,1.7876247098624452e+16
26,1641133065,2742345372117973431_50739418093,8,False,False,1,,,11599123,https://www.instagram.com/p/CYOxJYchzm3/,"{'low_resolution': {'width': 480, 'height': 480, 'url': 'https://instagram.fotp3-3.fna.fbcdn.net/v/t51.2885-15/271327359_1082861409134161_797436260828184867_n.jpg?stp=dst-jpg_e35_s480x480&_nc_ht=instagram.fotp3-3.fna.fbcdn.net&_nc_cat=101&_nc_ohc=DkuPDMt3J-kAX-ZWAL7&edm=ACWDqb8BAAAA&ccb=7-4&ig_cache_key=Mjc0MjM0NTM2Nzc0NzQwNTY2Ng%3D%3D.2-ccb7-4&oh=00_AT9JZqBTYqTZmRZeir28I_Q6jQNCa5E82hqGgrFcEM6wlg&oe=627D5F50&_nc_sid=1527a3', 'scans_profile': 'e35', 'estimated_scans_sizes': [2824, 5648, 8472, 11296, 14121, 17627, 227666, 25418, 25418]}, 'thumbnail': {'width': 480, 'height': 480, 'url': 'https://instagram.fotp3-3.fna.fbcdn.net/v/t51.2885-15/271327359_1082861409134161_797436260828184867_n.jpg?stp=dst-jpg_e35_s480x480&_nc_ht=instagram.fotp3-3.fna.fbcdn.net&_nc_cat=101&_nc_ohc=DkuPDMt3J-kAX-ZWAL7&edm=ACWDqb8BAAAA&ccb=7-4&ig_cache_key=Mjc0MjM0NTM2Nzc0NzQwNTY2Ng%3D%3D.2-ccb7-4&oh=00_AT9JZqBTYqTZmRZeir28I_Q6jQNCa5E82hqGgrFcEM6wlg&oe=627D5F50&_nc_sid=1527a3', 'scans_profile': 'e35', 'estimated_scans_sizes': [2824, 5648, 8472, 11296, 14121, 17627, 227666, 25418, 25418]}, 'standard_resolution': {'width': 1125, 'height': 1125, 'url': 'https://instagram.fotp3-3.fna.fbcdn.net/v/t51.2885-15/271327359_1082861409134161_797436260828184867_n.jpg?se=7&stp=dst-jpg_e35&_nc_ht=instagram.fotp3-3.fna.fbcdn.net&_nc_cat=101&_nc_ohc=DkuPDMt3J-kAX-ZWAL7&edm=ACWDqb8BAAAA&ccb=7-4&ig_cache_key=Mjc0MjM0NTM2Nzc0NzQwNTY2Ng%3D%3D.2-ccb7-4&oh=00_AT-g7K-5FlczKFww97BhFaQbtcEnUMwt_A2io2_FITgfYA&oe=627D5F50&_nc_sid=1527a3', 'scans_profile': 'e35', 'estimated_scans_sizes': [6092, 12185, 18278, 24371, 30463, 36770, 44513, 49572, 54835]}}",제시,
27,1641007845,2741294951890736639_50739418093,1,False,False,1,800.0,800.0,12671374,https://www.instagram.com/p/CYLCTwYBNX_/,"{'low_resolution': {'width': 480, 'height': 480, 'url': 'https://instagram.fotp3-1.fna.fbcdn.net/v/t51.2885-15/270795987_3222318621388459_4961744111415447398_n.jpg?stp=dst-jpg_e35_s480x480&_nc_ht=instagram.fotp3-1.fna.fbcdn.net&_nc_cat=107&_nc_ohc=QAvZg2WwNhUAX_ijIv6&edm=ACWDqb8BAAAA&ccb=7-4&ig_cache_key=Mjc0MTI5NDk1MTg5MDczNjYzOQ%3D%3D.2-ccb7-4&oh=00_AT-NtUyd4j6oUlop49xORcbGbJJ7w7bAS5r4xeXdc1b_hA&oe=627BD7F9&_nc_sid=1527a3', 'scans_profile': 'e35', 'estimated_scans_sizes': [3468, 6937, 10406, 13875, 17344, 21651, 279632, 31220, 31220]}, 'thumbnail': {'width': 480, 'height': 480, 'url': 'https://instagram.fotp3-1.fna.fbcdn.net/v/t51.2885-15/270795987_3222318621388459_4961744111415447398_n.jpg?stp=dst-jpg_e35_s480x480&_nc_ht=instagram.fotp3-1.fna.fbcdn.net&_nc_cat=107&_nc_ohc=QAvZg2WwNhUAX_ijIv6&edm=ACWDqb8BAAAA&ccb=7-4&ig_cache_key=Mjc0MTI5NDk1MTg5MDczNjYzOQ%3D%3D.2-ccb7-4&oh=00_AT-NtUyd4j6oUlop49xORcbGbJJ7w7bAS5r4xeXdc1b_hA&oe=627BD7F9&_nc_sid=1527a3', 'scans_profile': 'e35', 'estimated_scans_sizes': [3468, 6937, 10406, 13875, 17344, 21651, 279632, 31220, 31220]}, 'standard_resolution': {'width': 800, 'height': 800, 'url': 'https://instagram.fotp3-1.fna.fbcdn.net/v/t51.2885-15/270795987_3222318621388459_4961744111415447398_n.jpg?se=8&stp=dst-jpg_e35&_nc_ht=instagram.fotp3-1.fna.fbcdn.net&_nc_cat=107&_nc_ohc=QAvZg2WwNhUAX_ijIv6&edm=ACWDqb8BAAAA&ccb=7-4&ig_cache_key=Mjc0MTI5NDk1MTg5MDczNjYzOQ%3D%3D.2-ccb7-4&oh=00_AT-CNGzUu1jB9oYGyHRzrLcJ5JdfiDn40ZllTPU5D103jA&oe=627BD7F9&_nc_sid=1527a3', 'scans_profile': 'e35', 'estimated_scans_sizes': [5718, 11436, 17154, 22872, 28590, 34509, 41776, 46524, 51463]}}",새해 복 많이 받으세요,
28,1640087988,2733578633385254762_50739418093,1,False,False,1,1440.0,1440.0,13677021,https://www.instagram.com/p/CXvn0iwhp9q/,"{'low_resolution': {'width': 480, 'height': 480, 'url': 'https://instagram.fotp3-3.fna.fbcdn.net/v/t51.2885-15/269675585_125155333311266_2784292056951455674_n.jpg?stp=dst-jpg_e35_s480x480&_nc_ht=instagram.fotp3-3.fna.fbcdn.net&_nc_cat=102&_nc_ohc=tCBLRZm5VAQAX8luD86&edm=ACWDqb8BAAAA&ccb=7-4&ig_cache_key=MjczMzU3ODYzMzM4NTI1NDc2Mg%3D%3D.2-ccb7-4&oh=00_AT87Akf3nXI162LJs0TpHF2EGtq8ePYvdzuY5zYLEUiDGA&oe=627BE103&_nc_sid=1527a3', 'scans_profile': 'e35', 'estimated_scans_sizes': [3822, 7645, 11468, 15291, 19113, 23860, 308160, 34405, 34405]}, 'thumbnail': {'width': 480, 'height': 480, 'url': 'https://instagram.fotp3-3.fna.fbcdn.net/v/t51.2885-15/269675585_125155333311266_2784292056951455674_n.jpg?stp=dst-jpg_e35_s480x480&_nc_ht=instagram.fotp3-3.fna.fbcdn.net&_nc_cat=102&_nc_ohc=tCBLRZm5VAQAX8luD86&edm=ACWDqb8BAAAA&ccb=7-4&ig_cache_key=MjczMzU3ODYzMzM4NTI1NDc2Mg%3D%3D.2-ccb7-4&oh=00_AT87Akf3nXI162LJs0TpHF2EGtq8ePYvdzuY5zYLEUiDGA&oe=627BE103&_nc_sid=1527a3', 'scans_profile': 'e35', 'estimated_scans_sizes': [3822, 7645, 11468, 15291, 19113, 23860, 308160, 34405, 34405]}, 'standard_resolution': {'width': 1440, 'height': 1440, 'url': 'https://instagram.fotp3-3.fna.fbcdn.net/v/t51.2885-15/269675585_125155333311266_2784292056951455674_n.jpg?se=7&stp=dst-jpg_e35&_nc_ht=instagram.fotp3-3.fna.fbcdn.net&_nc_cat=102&_nc_ohc=tCBLRZm5VAQAX8luD86&edm=ACWDqb8BAAAA&ccb=7-4&ig_cache_key=MjczMzU3ODYzMzM4NTI1NDc2Mg%3D%3D.2-ccb7-4&oh=00_AT-MDvsjGRC0ysRvxhbm7vhQyWXi9EjbGb1tpn3VZsWxzQ&oe=627BE103&_nc_sid=1527a3', 'scans_profile': 'e35', 'estimated_scans_sizes': [12880, 25761, 38642, 51523, 64403, 77735, 94105, 104802, 115927]}}",,
29,1640004548,2732878690752290711_50739418093,1,False,False,0,1440.0,1440.0,11384531,https://www.instagram.com/p/CXtIrCYhl-X/,"{'low_resolution': {'width': 480, 'height': 480, 'url': 'https://instagram.fotp3-3.fna.fbcdn.net/v/t51.2885-15/269296993_289729923099577_1224555840421305237_n.jpg?stp=dst-jpg_e35_s480x480&_nc_ht=instagram.fotp3-3.fna.fbcdn.net&_nc_cat=101&_nc_ohc=TkBBErPiLeYAX9Tc-w0&edm=ACWDqb8BAAAA&ccb=7-4&ig_cache_key=MjczMjg3ODY5MDc1MjI5MDcxMQ%3D%3D.2-ccb7-4&oh=00_AT-lAATebTf2Yyf87tUSjSXOs1C7SXS8bfXtQ5uBteNepQ&oe=627CB9A4&_nc_sid=1527a3', 'scans_profile': 'e35', 'estimated_scans_sizes': [5018, 10037, 15056, 20074, 25093, 31324, 404561, 45168, 45168]}, 'thumbnail': {'width': 480, 'height': 480, 'url': 'https://instagram.fotp3-3.fna.fbcdn.net/v/t51.2885-15/269296993_289729923099577_1224555840421305237_n.jpg?stp=dst-jpg_e35_s480x480&_nc_ht=instagram.fotp3-3.fna.fbcdn.net&_nc_cat=101&_nc_ohc=TkBBErPiLeYAX9Tc-w0&edm=ACWDqb8BAAAA&ccb=7-4&ig_cache_key=MjczMjg3ODY5MDc1MjI5MDcxMQ%3D%3D.2-ccb7-4&oh=00_AT-lAATebTf2Yyf87tUSjSXOs1C7SXS8bfXtQ5uBteNepQ&oe=627CB9A4&_nc_sid=1527a3', 'scans_profile': 'e35', 'estimated_scans_sizes': [5018, 10037, 15056, 20074, 25093, 31324, 404561, 45168, 45168]}, 'standard_resolution': {'width': 1440, 'height': 1440, 'url': 'https://instagram.fotp3-3.fna.fbcdn.net/v/t51.2885-15/269296993_289729923099577_1224555840421305237_n.jpg?se=7&stp=dst-jpg_e35&_nc_ht=instagram.fotp3-3.fna.fbcdn.net&_nc_cat=101&_nc_ohc=TkBBErPiLeYAX9Tc-w0&edm=ACWDqb8BAAAA&ccb=7-4&ig_cache_key=MjczMjg3ODY5MDc1MjI5MDcxMQ%3D%3D.2-ccb7-4&oh=00_AT90AdZKaZEKbLQeLF-GHLGbOGlZ8AcMdCQAblfWQRTSvg&oe=627CB9A4&_nc_sid=1527a3', 'scans_profile': 'e35', 'estimated_scans_sizes': [19672, 39345, 59018, 78691, 98364, 118726, 143727, 160064, 177056]}}",happybirthday bro,
30,1639799351,2731157366283616193_50739418093,1,False,False,0,1440.0,1440.0,13100556,https://www.instagram.com/p/CXnBSeDBr_B/,"{'low_resolution': {'width': 480, 'height': 480, 'url': 'https://instagram.fotp3-1.fna.fbcdn.net/v/t51.2885-15/269591754_298423038726319_4504896386739965119_n.jpg?stp=dst-jpg_e35_s480x480&_nc_ht=instagram.fotp3-1.fna.fbcdn.net&_nc_cat=107&_nc_ohc=jlGUOyK5Lt4AX_ySKjc&edm=ACWDqb8BAAAA&ccb=7-4&ig_cache_key=MjczMTE1NzM2NjI4MzYxNjE5Mw%3D%3D.2-ccb7-4&oh=00_AT8kGDvhaPVP7eVZXWMf9d1zxcYuZk177LIlBY_c4i1TWA&oe=627CE30A&_nc_sid=1527a3', 'scans_profile': 'e35', 'estimated_scans_sizes': [4100, 8201, 12302, 16402, 20503, 25594, 330562, 36906, 36906]}, 'thumbnail': {'width': 480, 'height': 480, 'url': 'https://instagram.fotp3-1.fna.fbcdn.net/v/t51.2885-15/269591754_298423038726319_4504896386739965119_n.jpg?stp=dst-jpg_e35_s480x480&_nc_ht=instagram.fotp3-1.fna.fbcdn.net&_nc_cat=107&_nc_ohc=jlGUOyK5Lt4AX_ySKjc&edm=ACWDqb8BAAAA&ccb=7-4&ig_cache_key=MjczMTE1NzM2NjI4MzYxNjE5Mw%3D%3D.2-ccb7-4&oh=00_AT8kGDvhaPVP7eVZXWMf9d1zxcYuZk177LIlBY_c4i1TWA&oe=627CE30A&_nc_sid=1527a3', 'scans_profile': 'e35', 'estimated_scans_sizes': [4100, 8201, 12302, 16402, 20503, 25594, 330562, 36906, 36906]}, 'standard_resolution': {'width': 1440, 'height': 1440, 'url': 'https://instagram.fotp3-1.fna.fbcdn.net/v/t51.2885-15/269591754_298423038726319_4504896386739965119_n.jpg?se=7&stp=dst-jpg_e35&_nc_ht=instagram.fotp3-1.fna.fbcdn.net&_nc_cat=107&_nc_ohc=jlGUOyK5Lt4AX_ySKjc&edm=ACWDqb8BAAAA&ccb=7-4&ig_cache_key=MjczMTE1NzM2NjI4MzYxNjE5Mw%3D%3D.2-ccb7-4&oh=00_AT9AIVa2ToMz6AoMRIqEdt5znNtb2VfkmFUBsPETMVfDWw&oe=627CE30A&_nc_sid=1527a3', 'scans_profile': 'e35', 'estimated_scans_sizes': [14366, 28733, 43100, 57467, 71834, 86704, 104962, 116893, 129302]}}",오 나도 사진 있었다,
31,1639133111,2725568543923333860_50739418093,1,False,False,4,1440.0,1440.0,13022386,https://www.instagram.com/p/CXTKiZnh2rk/,"{'low_resolution': {'width': 480, 'height': 480, 'url': 'https://instagram.fotp3-1.fna.fbcdn.net/v/t51.2885-15/265712777_141944001512435_5409085104912730619_n.jpg?stp=dst-jpg_e35_s480x480&_nc_ht=instagram.fotp3-1.fna.fbcdn.net&_nc_cat=111&_nc_ohc=urwMib-cLpAAX9sV3QF&edm=ACWDqb8BAAAA&ccb=7-4&ig_cache_key=MjcyNTU2ODU0MzkyMzMzMzg2MA%3D%3D.2-ccb7-4&oh=00_AT8lyThpkHLUZevpaU5FFI1c9tLAkJ2HCNGBbRx4cTLYFw&oe=627CA15E&_nc_sid=1527a3', 'scans_profile': 'e35', 'estimated_scans_sizes': [4879, 9759, 14638, 19518, 24397, 30455, 393342, 43916, 43916]}, 'thumbnail': {'width': 480, 'height': 480, 'url': 'https://instagram.fotp3-1.fna.fbcdn.net/v/t51.2885-15/265712777_141944001512435_5409085104912730619_n.jpg?stp=dst-jpg_e35_s480x480&_nc_ht=instagram.fotp3-1.fna.fbcdn.net&_nc_cat=111&_nc_ohc=urwMib-cLpAAX9sV3QF&edm=ACWDqb8BAAAA&ccb=7-4&ig_cache_key=MjcyNTU2ODU0MzkyMzMzMzg2MA%3D%3D.2-ccb7-4&oh=00_AT8lyThpkHLUZevpaU5FFI1c9tLAkJ2HCNGBbRx4cTLYFw&oe=627CA15E&_nc_sid=1527a3', 'scans_profile': 'e35', 'estimated_scans_sizes': [4879, 9759, 14638, 19518, 24397, 30455, 393342, 43916, 43916]}, 'standard_resolution': {'width': 1440, 'height': 1440, 'url': 'https://instagram.fotp3-1.fna.fbcdn.net/v/t51.2885-15/265712777_141944001512435_5409085104912730619_n.jpg?se=7&stp=dst-jpg_e35&_nc_ht=instagram.fotp3-1.fna.fbcdn.net&_nc_cat=111&_nc_ohc=urwMib-cLpAAX9sV3QF&edm=ACWDqb8BAAAA&ccb=7-4&ig_cache_key=MjcyNTU2ODU0MzkyMzMzMzg2MA%3D%3D.2-ccb7-4&oh=00_AT9bSA5r0xdkAdcjk961-nks1QvozHAP6_e0pz45QUBuyQ&oe=627CA15E&_nc_sid=1527a3', 'scans_profile': 'e35', 'estimated_scans_sizes': [18830, 37661, 56491, 75322, 94152, 113642, 137573, 153211, 169475]}}",,1.7953177792574552e+16
32,1639020521,2724624073576857121_50739418093,1,False,False,1,1440.0,1440.0,13139730,https://www.instagram.com/p/CXPzyjEBr4h/,"{'low_resolution': {'width': 480, 'height': 480, 'url': 'https://instagram.fotp3-2.fna.fbcdn.net/v/t51.2885-15/265309279_590865972207857_334368462117238576_n.jpg?stp=dst-jpg_e35_s480x480&_nc_ht=instagram.fotp3-2.fna.fbcdn.net&_nc_cat=105&_nc_ohc=n6kQjxtO20QAX-tLnZk&edm=ACWDqb8BAAAA&ccb=7-4&ig_cache_key=MjcyNDYyNDA3MzU3Njg1NzEyMQ%3D%3D.2-ccb7-4&oh=00_AT9x3okpev4-j3cWSdDTj9HR8hFWzKRwRhmn11ulNq5fAg&oe=627CF8AB&_nc_sid=1527a3', 'scans_profile': 'e35', 'estimated_scans_sizes': [5078, 10156, 15234, 20312, 25390, 31695, 409352, 45703, 45703]}, 'thumbnail': {'width': 480, 'height': 480, 'url': 'https://instagram.fotp3-2.fna.fbcdn.net/v/t51.2885-15/265309279_590865972207857_334368462117238576_n.jpg?stp=dst-jpg_e35_s480x480&_nc_ht=instagram.fotp3-2.fna.fbcdn.net&_nc_cat=105&_nc_ohc=n6kQjxtO20QAX-tLnZk&edm=ACWDqb8BAAAA&ccb=7-4&ig_cache_key=MjcyNDYyNDA3MzU3Njg1NzEyMQ%3D%3D.2-ccb7-4&oh=00_AT9x3okpev4-j3cWSdDTj9HR8hFWzKRwRhmn11ulNq5fAg&oe=627CF8AB&_nc_sid=1527a3', 'scans_profile': 'e35', 'estimated_scans_sizes': [5078, 10156, 15234, 20312, 25390, 31695, 409352, 45703, 45703]}, 'standard_resolution': {'width': 1440, 'height': 1440, 'url': 'https://instagram.fotp3-2.fna.fbcdn.net/v/t51.2885-15/265309279_590865972207857_334368462117238576_n.jpg?se=7&stp=dst-jpg_e35&_nc_ht=instagram.fotp3-2.fna.fbcdn.net&_nc_cat=105&_nc_ohc=n6kQjxtO20QAX-tLnZk&edm=ACWDqb8BAAAA&ccb=7-4&ig_cache_key=MjcyNDYyNDA3MzU3Njg1NzEyMQ%3D%3D.2-ccb7-4&oh=00_AT_hUZ7EJIBtW4ZIp_ebc6ssSvHKfq63r9nMvhTsU7FmjA&oe=627CF8AB&_nc_sid=1527a3', 'scans_profile': 'e35', 'estimated_scans_sizes': [20036, 40073, 60109, 80146, 100182, 120920, 146384, 163023, 180329]}}",진짜 심심하다,
33,1638932839,2723888543079667682_50739418093,1,False,False,0,1440.0,1440.0,13543719,https://www.instagram.com/p/CXNMjK6BRfi/,"{'low_resolution': {'width': 480, 'height': 480, 'url': 'https://instagram.fotp3-2.fna.fbcdn.net/v/t51.2885-15/264766309_1576496886035669_4707799529247423918_n.jpg?stp=dst-jpg_e35_s480x480&_nc_ht=instagram.fotp3-2.fna.fbcdn.net&_nc_cat=105&_nc_ohc=Yk1GeYr72DsAX94niCR&edm=ACWDqb8BAAAA&ccb=7-4&ig_cache_key=MjcyMzg4ODU0MzA3OTY2NzY4Mg%3D%3D.2-ccb7-4&oh=00_AT8MhfQ7ZMS04wjYL0AhYmB9bzU25DM6KT9LEL2Bi3BfYA&oe=627D460A&_nc_sid=1527a3', 'scans_profile': 'e35', 'estimated_scans_sizes': [4659, 9319, 13979, 18638, 23298, 29083, 375618, 41937, 41937]}, 'thumbnail': {'width': 480, 'height': 480, 'url': 'https://instagram.fotp3-2.fna.fbcdn.net/v/t51.2885-15/264766309_1576496886035669_4707799529247423918_n.jpg?stp=dst-jpg_e35_s480x480&_nc_ht=instagram.fotp3-2.fna.fbcdn.net&_nc_cat=105&_nc_ohc=Yk1GeYr72DsAX94niCR&edm=ACWDqb8BAAAA&ccb=7-4&ig_cache_key=MjcyMzg4ODU0MzA3OTY2NzY4Mg%3D%3D.2-ccb7-4&oh=00_AT8MhfQ7ZMS04wjYL0AhYmB9bzU25DM6KT9LEL2Bi3BfYA&oe=627D460A&_nc_sid=1527a3', 'scans_profile': 'e35', 'estimated_scans_sizes': [4659, 9319, 13979, 18638, 23298, 29083, 375618, 41937, 41937]}, 'standard_resolution': {'width': 1440, 'height': 1440, 'url': 'https://instagram.fotp3-2.fna.fbcdn.net/v/t51.2885-15/264766309_1576496886035669_4707799529247423918_n.jpg?se=7&stp=dst-jpg_e35&_nc_ht=instagram.fotp3-2.fna.fbcdn.net&_nc_cat=105&_nc_ohc=Yk1GeYr72DsAX94niCR&edm=ACWDqb8BAAAA&ccb=7-4&ig_cache_key=MjcyMzg4ODU0MzA3OTY2NzY4Mg%3D%3D.2-ccb7-4&oh=00_AT9hOV2jKudyMcN8hp2TJpDU22ZLjgLH0gAGb5dB3QeznA&oe=627D460A&_nc_sid=1527a3', 'scans_profile': 'e35', 'estimated_scans_sizes': [17527, 35054, 52581, 70108, 87635, 105775, 128049, 142604, 157743]}}",생일상,
34,1638789865,2722689184476643114_50739418093,1,False,False,1,1440.0,1440.0,17099288,https://www.instagram.com/p/CXI72NKhz8q/,"{'low_resolution': {'width': 480, 'height': 480, 'url': 'https://instagram.fotp3-3.fna.fbcdn.net/v/t51.2885-15/263724166_391124889432062_369472881725725449_n.jpg?stp=dst-jpg_e35_s480x480&_nc_ht=instagram.fotp3-3.fna.fbcdn.net&_nc_cat=102&_nc_ohc=0x02AYQ6K0wAX9KMF_K&edm=ACWDqb8BAAAA&ccb=7-4&ig_cache_key=MjcyMjY4OTE4NDQ3NjY0MzExNA%3D%3D.2-ccb7-4&oh=00_AT-ux0jHUwJcUsnEvZ4Tj7MnD8rQzBmGwCkAdq6udcX7aQ&oe=627C6BDC&_nc_sid=1527a3', 'scans_profile': 'e35', 'estimated_scans_sizes': [6246, 12493, 18740, 24987, 31233, 38989, 503553, 56221, 56221]}, 'thumbnail': {'width': 480, 'height': 480, 'url': 'https://instagram.fotp3-3.fna.fbcdn.net/v/t51.2885-15/263724166_391124889432062_369472881725725449_n.jpg?stp=dst-jpg_e35_s480x480&_nc_ht=instagram.fotp3-3.fna.fbcdn.net&_nc_cat=102&_nc_ohc=0x02AYQ6K0wAX9KMF_K&edm=ACWDqb8BAAAA&ccb=7-4&ig_cache_key=MjcyMjY4OTE4NDQ3NjY0MzExNA%3D%3D.2-ccb7-4&oh=00_AT-ux0jHUwJcUsnEvZ4Tj7MnD8rQzBmGwCkAdq6udcX7aQ&oe=627C6BDC&_nc_sid=1527a3', 'scans_profile': 'e35', 'estimated_scans_sizes': [6246, 12493, 18740, 24987, 31233, 38989, 503553, 56221, 56221]}, 'standard_resolution': {'width': 1440, 'height': 1440, 'url': 'https://instagram.fotp3-3.fna.fbcdn.net/v/t51.2885-15/263724166_391124889432062_369472881725725449_n.jpg?se=7&stp=dst-jpg_e35&_nc_ht=instagram.fotp3-3.fna.fbcdn.net&_nc_cat=102&_nc_ohc=0x02AYQ6K0wAX9KMF_K&edm=ACWDqb8BAAAA&ccb=7-4&ig_cache_key=MjcyMjY4OTE4NDQ3NjY0MzExNA%3D%3D.2-ccb7-4&oh=00_AT8AypCQliv3AUXo59DH168oV_jWnqOXrShbR9d0JsVwKQ&oe=627C6BDC&_nc_sid=1527a3', 'scans_profile': 'e35', 'estimated_scans_sizes': [27655, 55310, 82966, 110621, 138276, 166899, 202045, 225011, 248898]}}",,
35,1638788576,2722678379119088792_50739418093,8,False,False,3,,,14146170,https://www.instagram.com/p/CXI5Y95B5SY/,"{'low_resolution': {'width': 480, 'height': 480, 'url': 'https://instagram.fotp3-3.fna.fbcdn.net/v/t51.2885-15/264037322_413587230155606_8356095383596443640_n.jpg?stp=dst-jpg_e35_s480x480&_nc_ht=instagram.fotp3-3.fna.fbcdn.net&_nc_cat=102&_nc_ohc=fSjpX8xc3cAAX_b3D6_&edm=ACWDqb8BAAAA&ccb=7-4&ig_cache_key=MjcyMjY3ODM3NTM5NDUwOTAzNQ%3D%3D.2-ccb7-4&oh=00_AT_C-aU0VMckfNAFyTcQHW202vxvymAB5ZMdet6TuUEidQ&oe=627B8794&_nc_sid=1527a3', 'scans_profile': 'e35', 'estimated_scans_sizes': [4300, 8601, 12901, 17202, 21502, 26842, 346671, 38705, 38705]}, 'thumbnail': {'width': 480, 'height': 480, 'url': 'https://instagram.fotp3-3.fna.fbcdn.net/v/t51.2885-15/264037322_413587230155606_8356095383596443640_n.jpg?stp=dst-jpg_e35_s480x480&_nc_ht=instagram.fotp3-3.fna.fbcdn.net&_nc_cat=102&_nc_ohc=fSjpX8xc3cAAX_b3D6_&edm=ACWDqb8BAAAA&ccb=7-4&ig_cache_key=MjcyMjY3ODM3NTM5NDUwOTAzNQ%3D%3D.2-ccb7-4&oh=00_AT_C-aU0VMckfNAFyTcQHW202vxvymAB5ZMdet6TuUEidQ&oe=627B8794&_nc_sid=1527a3', 'scans_profile': 'e35', 'estimated_scans_sizes': [4300, 8601, 12901, 17202, 21502, 26842, 346671, 38705, 38705]}, 'standard_resolution': {'width': 1440, 'height': 1440, 'url': 'https://instagram.fotp3-3.fna.fbcdn.net/v/t51.2885-15/264037322_413587230155606_8356095383596443640_n.jpg?se=7&stp=dst-jpg_e35&_nc_ht=instagram.fotp3-3.fna.fbcdn.net&_nc_cat=102&_nc_ohc=fSjpX8xc3cAAX_b3D6_&edm=ACWDqb8BAAAA&ccb=7-4&ig_cache_key=MjcyMjY3ODM3NTM5NDUwOTAzNQ%3D%3D.2-ccb7-4&oh=00_AT_GMHvsXwPhwiaIHCWE6yk7Qbcj1oRyPwerE5-opljFHg&oe=627B8794&_nc_sid=1527a3', 'scans_profile': 'e35', 'estimated_scans_sizes': [15470, 30941, 46412, 61883, 77354, 93366, 113028, 125876, 139238]}}",참치!,1.8178267168088696e+16
36,1638760787,2722445267621625604_50739418093,1,False,False,0,1440.0,1440.0,14799448,https://www.instagram.com/p/CXIEYv5B78E/,"{'low_resolution': {'width': 480, 'height': 480, 'url': 'https://instagram.fotp3-2.fna.fbcdn.net/v/t51.2885-15/264661507_1958687497632648_2804318770876036515_n.jpg?stp=dst-jpg_e35_s480x480&_nc_ht=instagram.fotp3-2.fna.fbcdn.net&_nc_cat=100&_nc_ohc=9m0SKW9MC3YAX8TnP4r&edm=ACWDqb8BAAAA&ccb=7-4&ig_cache_key=MjcyMjQ0NTI2NzYyMTYyNTYwNA%3D%3D.2-ccb7-4&oh=00_AT9a67JKWKxGGNdscJ1fbV2RdK-gd0J9bLkqHZfBn_mu9w&oe=627B85B7&_nc_sid=1527a3', 'scans_profile': 'e35', 'estimated_scans_sizes': [4869, 9739, 14608, 19478, 24347, 30393, 392542, 43826, 43826]}, 'thumbnail': {'width': 480, 'height': 480, 'url': 'https://instagram.fotp3-2.fna.fbcdn.net/v/t51.2885-15/264661507_1958687497632648_2804318770876036515_n.jpg?stp=dst-jpg_e35_s480x480&_nc_ht=instagram.fotp3-2.fna.fbcdn.net&_nc_cat=100&_nc_ohc=9m0SKW9MC3YAX8TnP4r&edm=ACWDqb8BAAAA&ccb=7-4&ig_cache_key=MjcyMjQ0NTI2NzYyMTYyNTYwNA%3D%3D.2-ccb7-4&oh=00_AT9a67JKWKxGGNdscJ1fbV2RdK-gd0J9bLkqHZfBn_mu9w&oe=627B85B7&_nc_sid=1527a3', 'scans_profile': 'e35', 'estimated_scans_sizes': [4869, 9739, 14608, 19478, 24347, 30393, 392542, 43826, 43826]}, 'standard_resolution': {'width': 1440, 'height': 1440, 'url': 'https://instagram.fotp3-2.fna.fbcdn.net/v/t51.2885-15/264661507_1958687497632648_2804318770876036515_n.jpg?se=7&stp=dst-jpg_e35&_nc_ht=instagram.fotp3-2.fna.fbcdn.net&_nc_cat=100&_nc_ohc=9m0SKW9MC3YAX8TnP4r&edm=ACWDqb8BAAAA&ccb=7-4&ig_cache_key=MjcyMjQ0NTI2NzYyMTYyNTYwNA%3D%3D.2-ccb7-4&oh=00_AT9p5Khrw4CFCDsRoMaZu64FKhRG6W5SrxfBgj1EsIFiBQ&oe=627B85B7&_nc_sid=1527a3', 'scans_profile': 'e35', 'estimated_scans_sizes': [18771, 37542, 56313, 75084, 93855, 113283, 137138, 152726, 168939]}}",,
