,taken_at,id,media_type,is_unified_video,is_paid_partnership,comment_count,original_width,original_height,like_count,link,images,description,next_max_id,title
0,1651466730,2829030441443826484_50344278754,1,False,False,0,1440.0,960.0,8192756,https://www.instagram.com/p/CdCvDKZBps0/,"{'low_resolution': {'width': 480, 'height': 320, 'url': 'https://instagram.fotp3-1.fna.fbcdn.net/v/t51.2885-15/279720850_988262941832979_7754753021013332722_n.webp?stp=dst-jpg_e35_s480x480&_nc_ht=instagram.fotp3-1.fna.fbcdn.net&_nc_cat=1&_nc_ohc=2AwzBB_OLl8AX9B4fzj&edm=ACWDqb8BAAAA&ccb=7-4&ig_cache_key=MjgyOTAzMDQ0MTQ0MzgyNjQ4NA%3D%3D.2-ccb7-4&oh=00_AT8B5FHslxqLAkLKrL6-O6LTSqJm2hvk0alw1gYkY8JNlw&oe=627D5957&_nc_sid=1527a3', 'scans_profile': 'e35', 'estimated_scans_sizes': [2078, 4156, 6234, 8312, 10390, 12970, 167521, 18703, 18703]}, 'thumbnail': {'width': 480, 'height': 320, 'url': 'https://instagram.fotp3-1.fna.fbcdn.net/v/t51.2885-15/279720850_988262941832979_7754753021013332722_n.webp?stp=dst-jpg_e35_s480x480&_nc_ht=instagram.fotp3-1.fna.fbcdn.net&_nc_cat=1&_nc_ohc=2AwzBB_OLl8AX9B4fzj&edm=ACWDqb8BAAAA&ccb=7-4&ig_cache_key=MjgyOTAzMDQ0MTQ0MzgyNjQ4NA%3D%3D.2-ccb7-4&oh=00_AT8B5FHslxqLAkLKrL6-O6LTSqJm2hvk0alw1gYkY8JNlw&oe=627D5957&_nc_sid=1527a3', 'scans_profile': 'e35', 'estimated_scans_sizes': [2078, 4156, 6234, 8312, 10390, 12970, 167521, 18703, 18703]}, 'standard_resolution': {'width': 1440, 'height': 960, 'url': 'https://instagram.fotp3-1.fna.fbcdn.net/v/t51.2885-15/279720850_988262941832979_7754753021013332722_n.webp?se=7&stp=dst-jpg_e35&_nc_ht=instagram.fotp3-1.fna.fbcdn.net&_nc_cat=1&_nc_ohc=2AwzBB_OLl8AX9B4fzj&edm=ACWDqb8BAAAA&ccb=7-4&ig_cache_key=MjgyOTAzMDQ0MTQ0MzgyNjQ4NA%3D%3D.2-ccb7-4&oh=00_AT-XceAXloJVm0ZXg8qj69V09_7hv39jYjFK-U_BomUETg&oe=627D5957&_nc_sid=1527a3', 'scans_profile': 'e35', 'estimated_scans_sizes': [6299, 12599, 18899, 25199, 31498, 38019, 46025, 51257, 56698]}}",,,
1,1649802545,2815070247721926519_50344278754,8,False,False,4,,,14335174,https://www.instagram.com/p/CcRI3m1PH93/,"{'low_resolution': {'width': 480, 'height': 480, 'url': 'https://instagram.fotp3-1.fna.fbcdn.net/v/t51.2885-15/278488711_401710591769878_3332926059629114223_n.webp?stp=dst-jpg_e35_s480x480&_nc_ht=instagram.fotp3-1.fna.fbcdn.net&_nc_cat=1&_nc_ohc=gyaG8dJsL2EAX_o76UE&edm=ACWDqb8BAAAA&ccb=7-4&ig_cache_key=MjgxNTA3MDI0MTUwNjAzMTg0NA%3D%3D.2-ccb7-4&oh=00_AT9omFOcoqsohhraQ1quJMAQDUnWoeQGCtdKI3HOwCU_9A&oe=627CE05C&_nc_sid=1527a3', 'scans_profile': 'e35', 'estimated_scans_sizes': [4059, 8119, 12179, 16238, 20298, 25338, 327251, 36537, 36537]}, 'thumbnail': {'width': 480, 'height': 480, 'url': 'https://instagram.fotp3-1.fna.fbcdn.net/v/t51.2885-15/278488711_401710591769878_3332926059629114223_n.webp?stp=dst-jpg_e35_s480x480&_nc_ht=instagram.fotp3-1.fna.fbcdn.net&_nc_cat=1&_nc_ohc=gyaG8dJsL2EAX_o76UE&edm=ACWDqb8BAAAA&ccb=7-4&ig_cache_key=MjgxNTA3MDI0MTUwNjAzMTg0NA%3D%3D.2-ccb7-4&oh=00_AT9omFOcoqsohhraQ1quJMAQDUnWoeQGCtdKI3HOwCU_9A&oe=627CE05C&_nc_sid=1527a3', 'scans_profile': 'e35', 'estimated_scans_sizes': [4059, 8119, 12179, 16238, 20298, 25338, 327251, 36537, 36537]}, 'standard_resolution': {'width': 853, 'height': 853, 'url': 'https://instagram.fotp3-1.fna.fbcdn.net/v/t51.2885-15/278488711_401710591769878_3332926059629114223_n.webp?se=8&stp=dst-jpg_e35&_nc_ht=instagram.fotp3-1.fna.fbcdn.net&_nc_cat=1&_nc_ohc=gyaG8dJsL2EAX_o76UE&edm=ACWDqb8BAAAA&ccb=7-4&ig_cache_key=MjgxNTA3MDI0MTUwNjAzMTg0NA%3D%3D.2-ccb7-4&oh=00_AT9NJOIvPjQj0zttHezS-G0Y-lsRIGyIp7TxGKrxmlRX-Q&oe=627CE05C&_nc_sid=1527a3', 'scans_profile': 'e35', 'estimated_scans_sizes': [7849, 15698, 23548, 31397, 39247, 47371, 57347, 63866, 70645]}}",‚ò∫Ô∏è,1.7900645258568856e+16,
2,1649372804,2811465311893396771_50344278754,8,False,False,0,,,13536051,https://www.instagram.com/p/CcEVM4tvR0j/,"{'low_resolution': {'width': 480, 'height': 600, 'url': 'https://instagram.fotp3-1.fna.fbcdn.net/v/t51.2885-15/277909649_369797391707643_8034364082867614491_n.jpg?stp=dst-jpg_e35_p480x480&_nc_ht=instagram.fotp3-1.fna.fbcdn.net&_nc_cat=1&_nc_ohc=eHHVGeOb1U4AX_lVrwj&edm=ACWDqb8BAAAA&ccb=7-4&ig_cache_key=MjgxMTQ2NTMwNDc3MTY0ODc0OA%3D%3D.2-ccb7-4&oh=00_AT_YFfMAH9dokQ-1bf3Pvrrl3j8p6WyFkL9UoKQkpbG5uw&oe=627C19D0&_nc_sid=1527a3', 'scans_profile': 'e35', 'estimated_scans_sizes': [4429, 8859, 13289, 17719, 22148, 26666, 769541, 39868, 39868]}, 'thumbnail': {'width': 480, 'height': 600, 'url': 'https://instagram.fotp3-1.fna.fbcdn.net/v/t51.2885-15/277909649_369797391707643_8034364082867614491_n.jpg?stp=dst-jpg_e35_p480x480&_nc_ht=instagram.fotp3-1.fna.fbcdn.net&_nc_cat=1&_nc_ohc=eHHVGeOb1U4AX_lVrwj&edm=ACWDqb8BAAAA&ccb=7-4&ig_cache_key=MjgxMTQ2NTMwNDc3MTY0ODc0OA%3D%3D.2-ccb7-4&oh=00_AT_YFfMAH9dokQ-1bf3Pvrrl3j8p6WyFkL9UoKQkpbG5uw&oe=627C19D0&_nc_sid=1527a3', 'scans_profile': 'e35', 'estimated_scans_sizes': [4429, 8859, 13289, 17719, 22148, 26666, 769541, 39868, 39868]}, 'standard_resolution': {'width': 1440, 'height': 1800, 'url': 'https://instagram.fotp3-1.fna.fbcdn.net/v/t51.2885-15/277909649_369797391707643_8034364082867614491_n.jpg?se=7&stp=dst-jpg_e35&_nc_ht=instagram.fotp3-1.fna.fbcdn.net&_nc_cat=1&_nc_ohc=eHHVGeOb1U4AX_lVrwj&edm=ACWDqb8BAAAA&ccb=7-4&ig_cache_key=MjgxMTQ2NTMwNDc3MTY0ODc0OA%3D%3D.2-ccb7-4&oh=00_AT8UaRbspFaarXwsk4rGkDAWxsQ5k8CC4DMkAZ7lzX_N0Q&oe=627C19D0&_nc_sid=1527a3', 'scans_profile': 'e35', 'estimated_scans_sizes': [17854, 35709, 53564, 71419, 89274, 99897, 127123, 144482, 160694]}}",insta gemsungüòè,,
3,1649112413,2809280993708369693_50344278754,8,False,False,0,,,12019032,https://www.instagram.com/p/Cb8ki34Pmcd/,"{'low_resolution': {'width': 480, 'height': 270, 'url': 'https://instagram.fotp3-1.fna.fbcdn.net/v/t51.2885-15/277906295_530156198550845_7460276753847307165_n.jpg?stp=dst-jpg_e35_s480x480&_nc_ht=instagram.fotp3-1.fna.fbcdn.net&_nc_cat=1&_nc_ohc=Kx1OMbYRs2EAX_4C6tm&edm=ACWDqb8BAAAA&ccb=7-4&ig_cache_key=MjgwOTI4MDYyMjA4OTA4Nzc2Ng%3D%3D.2-ccb7-4&oh=00_AT8TdHC39BDY58Awe1lUhWvE9ufB8imjPiGcfwLU-KDOOg&oe=627BC1CF&_nc_sid=1527a3', 'scans_profile': 'e35', 'estimated_scans_sizes': [2180, 4360, 6540, 8720, 10901, 13124, 378748, 19622, 19622]}, 'thumbnail': {'width': 480, 'height': 270, 'url': 'https://instagram.fotp3-1.fna.fbcdn.net/v/t51.2885-15/277906295_530156198550845_7460276753847307165_n.jpg?stp=dst-jpg_e35_s480x480&_nc_ht=instagram.fotp3-1.fna.fbcdn.net&_nc_cat=1&_nc_ohc=Kx1OMbYRs2EAX_4C6tm&edm=ACWDqb8BAAAA&ccb=7-4&ig_cache_key=MjgwOTI4MDYyMjA4OTA4Nzc2Ng%3D%3D.2-ccb7-4&oh=00_AT8TdHC39BDY58Awe1lUhWvE9ufB8imjPiGcfwLU-KDOOg&oe=627BC1CF&_nc_sid=1527a3', 'scans_profile': 'e35', 'estimated_scans_sizes': [2180, 4360, 6540, 8720, 10901, 13124, 378748, 19622, 19622]}, 'standard_resolution': {'width': 480, 'height': 270, 'url': 'https://instagram.fotp3-1.fna.fbcdn.net/v/t51.2885-15/277906295_530156198550845_7460276753847307165_n.jpg?stp=dst-jpg_e35_s480x480&_nc_ht=instagram.fotp3-1.fna.fbcdn.net&_nc_cat=1&_nc_ohc=Kx1OMbYRs2EAX_4C6tm&edm=ACWDqb8BAAAA&ccb=7-4&ig_cache_key=MjgwOTI4MDYyMjA4OTA4Nzc2Ng%3D%3D.2-ccb7-4&oh=00_AT8TdHC39BDY58Awe1lUhWvE9ufB8imjPiGcfwLU-KDOOg&oe=627BC1CF&_nc_sid=1527a3', 'scans_profile': 'e35', 'estimated_scans_sizes': [2180, 4360, 6540, 8720, 10901, 13124, 378748, 19622, 19622]}}",Ïûò Î®πÏóàÏñ¥ ÎßõÎÇ¨Ïñ¥ @jonbatiste,,
4,1649048018,2808740810393922765_50344278754,8,False,False,0,,,14626296,https://www.instagram.com/p/Cb6puK9rCzN/,"{'low_resolution': {'width': 480, 'height': 600, 'url': 'https://instagram.fotp3-1.fna.fbcdn.net/v/t51.2885-15/277856204_1024474104810405_2600149620407576907_n.jpg?stp=dst-jpg_e35_p480x480&_nc_ht=instagram.fotp3-1.fna.fbcdn.net&_nc_cat=1&_nc_ohc=wrLwHe96hSwAX-Se518&edm=ACWDqb8BAAAA&ccb=7-4&ig_cache_key=MjgwODc0MDgwNTIxODMzMTIxNA%3D%3D.2-ccb7-4&oh=00_AT_RlpTamGT9ul9J4IeOFj5lznd15ney-oHi6I3opFVSmQ&oe=627D1436&_nc_sid=1527a3', 'scans_profile': 'e35', 'estimated_scans_sizes': [4940, 9881, 14822, 19763, 24704, 29742, 858326, 44468, 44468]}, 'thumbnail': {'width': 480, 'height': 600, 'url': 'https://instagram.fotp3-1.fna.fbcdn.net/v/t51.2885-15/277856204_1024474104810405_2600149620407576907_n.jpg?stp=dst-jpg_e35_p480x480&_nc_ht=instagram.fotp3-1.fna.fbcdn.net&_nc_cat=1&_nc_ohc=wrLwHe96hSwAX-Se518&edm=ACWDqb8BAAAA&ccb=7-4&ig_cache_key=MjgwODc0MDgwNTIxODMzMTIxNA%3D%3D.2-ccb7-4&oh=00_AT_RlpTamGT9ul9J4IeOFj5lznd15ney-oHi6I3opFVSmQ&oe=627D1436&_nc_sid=1527a3', 'scans_profile': 'e35', 'estimated_scans_sizes': [4940, 9881, 14822, 19763, 24704, 29742, 858326, 44468, 44468]}, 'standard_resolution': {'width': 1125, 'height': 1406, 'url': 'https://instagram.fotp3-1.fna.fbcdn.net/v/t51.2885-15/277856204_1024474104810405_2600149620407576907_n.jpg?se=7&stp=dst-jpg_e35&_nc_ht=instagram.fotp3-1.fna.fbcdn.net&_nc_cat=1&_nc_ohc=wrLwHe96hSwAX-Se518&edm=ACWDqb8BAAAA&ccb=7-4&ig_cache_key=MjgwODc0MDgwNTIxODMzMTIxNA%3D%3D.2-ccb7-4&oh=00_AT9dn7KpmWY6aZcBzKPd9b_mqxYagyBq8DfHNmePbEb-Mg&oe=627D1436&_nc_sid=1527a3', 'scans_profile': 'e35', 'estimated_scans_sizes': [17127, 34254, 51382, 68509, 85636, 95826, 121943, 138594, 154146]}}",Grammy Awards,,
5,1648889702,2807412765032810745_50344278754,8,False,False,0,,,12981006,https://www.instagram.com/p/Cb17wkVrYj5/,"{'low_resolution': {'width': 480, 'height': 480, 'url': 'https://instagram.fotp3-1.fna.fbcdn.net/v/t51.2885-15/277821828_4755200347935726_7276338439641132942_n.webp?stp=dst-jpg_e35_s480x480&_nc_ht=instagram.fotp3-1.fna.fbcdn.net&_nc_cat=1&_nc_ohc=w-W31MPOTRgAX9ZKAm1&edm=ACWDqb8BAAAA&ccb=7-4&ig_cache_key=MjgwNzQxMjc2MDI2ODE3NDYyMw%3D%3D.2-ccb7-4&oh=00_AT8_QS5ycBCUf1j9zrEvPBVFk8X8NhpDVqnITLFCyrBQeQ&oe=627BEF8B&_nc_sid=1527a3', 'scans_profile': 'e35', 'estimated_scans_sizes': [4130, 8261, 12391, 16522, 20652, 25781, 332969, 37175, 37175]}, 'thumbnail': {'width': 480, 'height': 480, 'url': 'https://instagram.fotp3-1.fna.fbcdn.net/v/t51.2885-15/277821828_4755200347935726_7276338439641132942_n.webp?stp=dst-jpg_e35_s480x480&_nc_ht=instagram.fotp3-1.fna.fbcdn.net&_nc_cat=1&_nc_ohc=w-W31MPOTRgAX9ZKAm1&edm=ACWDqb8BAAAA&ccb=7-4&ig_cache_key=MjgwNzQxMjc2MDI2ODE3NDYyMw%3D%3D.2-ccb7-4&oh=00_AT8_QS5ycBCUf1j9zrEvPBVFk8X8NhpDVqnITLFCyrBQeQ&oe=627BEF8B&_nc_sid=1527a3', 'scans_profile': 'e35', 'estimated_scans_sizes': [4130, 8261, 12391, 16522, 20652, 25781, 332969, 37175, 37175]}, 'standard_resolution': {'width': 1278, 'height': 1278, 'url': 'https://instagram.fotp3-1.fna.fbcdn.net/v/t51.2885-15/277821828_4755200347935726_7276338439641132942_n.webp?se=7&stp=dst-jpg_e35&_nc_ht=instagram.fotp3-1.fna.fbcdn.net&_nc_cat=1&_nc_ohc=w-W31MPOTRgAX9ZKAm1&edm=ACWDqb8BAAAA&ccb=7-4&ig_cache_key=MjgwNzQxMjc2MDI2ODE3NDYyMw%3D%3D.2-ccb7-4&oh=00_AT_8UGCXlkLjom51UyEJjPAE0PiueaWEPEl7T_BqRp8-JQ&oe=627BEF8B&_nc_sid=1527a3', 'scans_profile': 'e35', 'estimated_scans_sizes': [12705, 25410, 38115, 50820, 63526, 76676, 92822, 103373, 114347]}}",@time,,
6,1648855556,2807126112915079940_50344278754,2,True,False,1,540.0,840.0,14225799,https://www.instagram.com/p/Cb06lOwBsME/,"{'low_resolution': {'width': 480, 'height': 747, 'url': 'https://instagram.fotp3-1.fna.fbcdn.net/v/t51.2885-15/277645362_733746024650213_8888097039103130837_n.jpg?stp=dst-jpg_e15_p480x480&_nc_ht=instagram.fotp3-1.fna.fbcdn.net&_nc_cat=1&_nc_ohc=jqlxKauVABsAX8tORy2&edm=ACWDqb8BAAAA&ccb=7-4&ig_cache_key=MjgwNzEyNjExMjkxNTA3OTk0MA%3D%3D.2-ccb7-4&oh=00_AT-V12Rxxb7jncqu-NZazwH6LpEHcqLsf471fyX3I1vUPg&oe=627C18A0&_nc_sid=1527a3', 'scans_profile': 'e15'}, 'thumbnail': {'width': 480, 'height': 747, 'url': 'https://instagram.fotp3-1.fna.fbcdn.net/v/t51.2885-15/277645362_733746024650213_8888097039103130837_n.jpg?stp=dst-jpg_e15_p480x480&_nc_ht=instagram.fotp3-1.fna.fbcdn.net&_nc_cat=1&_nc_ohc=jqlxKauVABsAX8tORy2&edm=ACWDqb8BAAAA&ccb=7-4&ig_cache_key=MjgwNzEyNjExMjkxNTA3OTk0MA%3D%3D.2-ccb7-4&oh=00_AT-V12Rxxb7jncqu-NZazwH6LpEHcqLsf471fyX3I1vUPg&oe=627C18A0&_nc_sid=1527a3', 'scans_profile': 'e15'}, 'standard_resolution': {'width': 480, 'height': 747, 'url': 'https://instagram.fotp3-1.fna.fbcdn.net/v/t51.2885-15/277645362_733746024650213_8888097039103130837_n.jpg?stp=dst-jpg_e15_p480x480&_nc_ht=instagram.fotp3-1.fna.fbcdn.net&_nc_cat=1&_nc_ohc=jqlxKauVABsAX8tORy2&edm=ACWDqb8BAAAA&ccb=7-4&ig_cache_key=MjgwNzEyNjExMjkxNTA3OTk0MA%3D%3D.2-ccb7-4&oh=00_AT-V12Rxxb7jncqu-NZazwH6LpEHcqLsf471fyX3I1vUPg&oe=627C18A0&_nc_sid=1527a3', 'scans_profile': 'e15'}}",Shall we dance?üï∫,,
7,1648505177,2804187129046177503_50344278754,1,False,False,0,1440.0,1440.0,13769288,https://www.instagram.com/p/CbqeVYuhRbf/,"{'low_resolution': {'width': 480, 'height': 480, 'url': 'https://instagram.fotp3-1.fna.fbcdn.net/v/t51.2885-15/277478031_347845307300623_8493026991704226186_n.webp?stp=dst-jpg_e35_s480x480&_nc_ht=instagram.fotp3-1.fna.fbcdn.net&_nc_cat=1&_nc_ohc=Rhxiu6C335oAX-CWQpr&edm=ACWDqb8BAAAA&ccb=7-4&ig_cache_key=MjgwNDE4NzEyOTA0NjE3NzUwMw%3D%3D.2-ccb7-4&oh=00_AT-xzxwFVOE8FiymInfT9mkh0aSevu5OaWNE2j4xngHr1Q&oe=627BEEF0&_nc_sid=1527a3', 'scans_profile': 'e35', 'estimated_scans_sizes': [6473, 12946, 19420, 25893, 32367, 40404, 521833, 58261, 58261]}, 'thumbnail': {'width': 480, 'height': 480, 'url': 'https://instagram.fotp3-1.fna.fbcdn.net/v/t51.2885-15/277478031_347845307300623_8493026991704226186_n.webp?stp=dst-jpg_e35_s480x480&_nc_ht=instagram.fotp3-1.fna.fbcdn.net&_nc_cat=1&_nc_ohc=Rhxiu6C335oAX-CWQpr&edm=ACWDqb8BAAAA&ccb=7-4&ig_cache_key=MjgwNDE4NzEyOTA0NjE3NzUwMw%3D%3D.2-ccb7-4&oh=00_AT-xzxwFVOE8FiymInfT9mkh0aSevu5OaWNE2j4xngHr1Q&oe=627BEEF0&_nc_sid=1527a3', 'scans_profile': 'e35', 'estimated_scans_sizes': [6473, 12946, 19420, 25893, 32367, 40404, 521833, 58261, 58261]}, 'standard_resolution': {'width': 1440, 'height': 1440, 'url': 'https://instagram.fotp3-1.fna.fbcdn.net/v/t51.2885-15/277478031_347845307300623_8493026991704226186_n.webp?se=7&stp=dst-jpg_e35&_nc_ht=instagram.fotp3-1.fna.fbcdn.net&_nc_cat=1&_nc_ohc=Rhxiu6C335oAX-CWQpr&edm=ACWDqb8BAAAA&ccb=7-4&ig_cache_key=MjgwNDE4NzEyOTA0NjE3NzUwMw%3D%3D.2-ccb7-4&oh=00_AT9ayq8fggvcAqySfzId4Dk2uzcrAKHn5D46kewZpeL6ng&oe=627BEEF0&_nc_sid=1527a3', 'scans_profile': 'e35', 'estimated_scans_sizes': [29233, 58466, 87699, 116932, 146165, 176421, 213572, 237848, 263097]}}",Í∞ÄÎ∞© ÎìúÎ¶¥ÍπåÏöî?,,
8,1647835372,2798568401285406728_50344278754,8,False,False,0,,,12391536,https://www.instagram.com/p/CbWgyIuP-AI/,"{'low_resolution': {'width': 480, 'height': 480, 'url': 'https://instagram.fotp3-1.fna.fbcdn.net/v/t51.2885-15/276078803_4943111045795664_449409082151592652_n.webp?stp=dst-jpg_e35_s480x480&_nc_ht=instagram.fotp3-1.fna.fbcdn.net&_nc_cat=1&_nc_ohc=GjXmzK3_YrIAX_Fh3Qg&edm=ACWDqb8BAAAA&ccb=7-4&ig_cache_key=Mjc5ODU2ODM5NDkwMTUyMjM4NQ%3D%3D.2-ccb7-4&oh=00_AT_NFjlQW7yOBTqx68bquqyHoZwAdDnvSsxNQgDDXsNUuA&oe=627CF5CE&_nc_sid=1527a3', 'scans_profile': 'e35', 'estimated_scans_sizes': [2639, 5278, 7918, 10557, 13197, 16474, 212766, 23755, 23755]}, 'thumbnail': {'width': 480, 'height': 480, 'url': 'https://instagram.fotp3-1.fna.fbcdn.net/v/t51.2885-15/276078803_4943111045795664_449409082151592652_n.webp?stp=dst-jpg_e35_s480x480&_nc_ht=instagram.fotp3-1.fna.fbcdn.net&_nc_cat=1&_nc_ohc=GjXmzK3_YrIAX_Fh3Qg&edm=ACWDqb8BAAAA&ccb=7-4&ig_cache_key=Mjc5ODU2ODM5NDkwMTUyMjM4NQ%3D%3D.2-ccb7-4&oh=00_AT_NFjlQW7yOBTqx68bquqyHoZwAdDnvSsxNQgDDXsNUuA&oe=627CF5CE&_nc_sid=1527a3', 'scans_profile': 'e35', 'estimated_scans_sizes': [2639, 5278, 7918, 10557, 13197, 16474, 212766, 23755, 23755]}, 'standard_resolution': {'width': 540, 'height': 540, 'url': 'https://instagram.fotp3-1.fna.fbcdn.net/v/t51.2885-15/276078803_4943111045795664_449409082151592652_n.webp?stp=dst-jpg_e35&_nc_ht=instagram.fotp3-1.fna.fbcdn.net&_nc_cat=1&_nc_ohc=GjXmzK3_YrIAX_Fh3Qg&edm=ACWDqb8BAAAA&ccb=7-4&ig_cache_key=Mjc5ODU2ODM5NDkwMTUyMjM4NQ%3D%3D.2-ccb7-4&oh=00_AT8SS2XvXsVZF7gcpiMVBY-rQCn8aZMMXhfOVk8cTdWR6Q&oe=627CF5CE&_nc_sid=1527a3', 'scans_profile': 'e35', 'estimated_scans_sizes': [3135, 6270, 9406, 12541, 15676, 19569, 252742, 28218, 28218]}}","ÎÇ¥ Ï£ΩÍ∏∞ Ï†ÑÏóê Î∂ÄÌÉÅ ÌïòÎÇòÎßå Ìï¥ÎèÑ ÎêòÍ≤†ÏÜå?üßéüèº‚Äç‚ôÇÔ∏è
ÏóêÏöî ÏÇ¨Îòê ÎìúÎûç Îçî Ïû•Îã®",,
9,1647322209,2794263678365343743_50344278754,8,False,False,1,,,13813530,https://www.instagram.com/p/CbHOALFvh__/,"{'low_resolution': {'width': 480, 'height': 480, 'url': 'https://instagram.fotp3-1.fna.fbcdn.net/v/t51.2885-15/275724489_654135105798832_2434398081598670397_n.webp?stp=dst-jpg_e35_s480x480&_nc_ht=instagram.fotp3-1.fna.fbcdn.net&_nc_cat=1&_nc_ohc=K1M0QJ8xwaAAX8SRdDp&edm=ACWDqb8BAAAA&ccb=7-4&ig_cache_key=Mjc5NDI2MzY3MjcyODI1OTM3Mg%3D%3D.2-ccb7-4&oh=00_AT_dxK0onxOIIN6Tw1vcgyvppRegbwosGTgnFW6npe8U8Q&oe=627CF905&_nc_sid=1527a3', 'scans_profile': 'e35', 'estimated_scans_sizes': [3352, 6705, 10058, 13410, 16763, 20925, 270259, 30174, 30174]}, 'thumbnail': {'width': 480, 'height': 480, 'url': 'https://instagram.fotp3-1.fna.fbcdn.net/v/t51.2885-15/275724489_654135105798832_2434398081598670397_n.webp?stp=dst-jpg_e35_s480x480&_nc_ht=instagram.fotp3-1.fna.fbcdn.net&_nc_cat=1&_nc_ohc=K1M0QJ8xwaAAX8SRdDp&edm=ACWDqb8BAAAA&ccb=7-4&ig_cache_key=Mjc5NDI2MzY3MjcyODI1OTM3Mg%3D%3D.2-ccb7-4&oh=00_AT_dxK0onxOIIN6Tw1vcgyvppRegbwosGTgnFW6npe8U8Q&oe=627CF905&_nc_sid=1527a3', 'scans_profile': 'e35', 'estimated_scans_sizes': [3352, 6705, 10058, 13410, 16763, 20925, 270259, 30174, 30174]}, 'standard_resolution': {'width': 1440, 'height': 1440, 'url': 'https://instagram.fotp3-1.fna.fbcdn.net/v/t51.2885-15/275724489_654135105798832_2434398081598670397_n.webp?se=7&stp=dst-jpg_e35&_nc_ht=instagram.fotp3-1.fna.fbcdn.net&_nc_cat=1&_nc_ohc=K1M0QJ8xwaAAX8SRdDp&edm=ACWDqb8BAAAA&ccb=7-4&ig_cache_key=Mjc5NDI2MzY3MjcyODI1OTM3Mg%3D%3D.2-ccb7-4&oh=00_AT8lzCQLNI3bJvCqAAuf4LNwZ7W2zmsJhfam0NiwW7CoEA&oe=627CF905&_nc_sid=1527a3', 'scans_profile': 'e35', 'estimated_scans_sizes': [10501, 21003, 31505, 42006, 52508, 63377, 76723, 85445, 94515]}}",ÍπÄÌöåÏû•üë§,,
10,1647248801,2793647885541855418_50344278754,8,False,False,0,,,12884263,https://www.instagram.com/p/CbFB_NVPlC6/,"{'low_resolution': {'width': 480, 'height': 320, 'url': 'https://instagram.fotp3-1.fna.fbcdn.net/v/t51.2885-15/275772997_500595668261235_3997641666446352342_n.webp?stp=dst-jpg_e35_s480x480&_nc_ht=instagram.fotp3-1.fna.fbcdn.net&_nc_cat=1&_nc_ohc=tW_42Y2ScmwAX9vHxSt&edm=ACWDqb8BAAAA&ccb=7-4&ig_cache_key=Mjc5MzY0Nzg4MTc4MzYyMTg5MA%3D%3D.2-ccb7-4&oh=00_AT-TZQuWDykBiVDzOutV3GdxH4TfDfMDZu4_7qbd7YcLjQ&oe=627D5CF4&_nc_sid=1527a3', 'scans_profile': 'e35', 'estimated_scans_sizes': [2979, 5959, 8939, 11918, 14898, 18597, 240194, 26817, 26817]}, 'thumbnail': {'width': 480, 'height': 320, 'url': 'https://instagram.fotp3-1.fna.fbcdn.net/v/t51.2885-15/275772997_500595668261235_3997641666446352342_n.webp?stp=dst-jpg_e35_s480x480&_nc_ht=instagram.fotp3-1.fna.fbcdn.net&_nc_cat=1&_nc_ohc=tW_42Y2ScmwAX9vHxSt&edm=ACWDqb8BAAAA&ccb=7-4&ig_cache_key=Mjc5MzY0Nzg4MTc4MzYyMTg5MA%3D%3D.2-ccb7-4&oh=00_AT-TZQuWDykBiVDzOutV3GdxH4TfDfMDZu4_7qbd7YcLjQ&oe=627D5CF4&_nc_sid=1527a3', 'scans_profile': 'e35', 'estimated_scans_sizes': [2979, 5959, 8939, 11918, 14898, 18597, 240194, 26817, 26817]}, 'standard_resolution': {'width': 1440, 'height': 960, 'url': 'https://instagram.fotp3-1.fna.fbcdn.net/v/t51.2885-15/275772997_500595668261235_3997641666446352342_n.webp?se=7&stp=dst-jpg_e35&_nc_ht=instagram.fotp3-1.fna.fbcdn.net&_nc_cat=1&_nc_ohc=tW_42Y2ScmwAX9vHxSt&edm=ACWDqb8BAAAA&ccb=7-4&ig_cache_key=Mjc5MzY0Nzg4MTc4MzYyMTg5MA%3D%3D.2-ccb7-4&oh=00_AT-so4cfbMcL2cdzheqduBiUhnstKgBh5AVsRrYHvoDnQA&oe=627D5CF4&_nc_sid=1527a3', 'scans_profile': 'e35', 'estimated_scans_sizes': [11036, 22072, 33108, 44144, 55181, 66604, 80629, 89794, 99326]}}",ÎÅù‚ò∫Ô∏è,,
11,1647227551,2793469627319888141_50344278754,8,False,False,0,,,12096857,https://www.instagram.com/p/CbEZdNbPqkN/,"{'low_resolution': {'width': 480, 'height': 601, 'url': 'https://instagram.fotp3-1.fna.fbcdn.net/v/t51.2885-15/275739192_302790391957392_3011469103749223727_n.webp?stp=dst-jpg_e35_p480x480&_nc_ht=instagram.fotp3-1.fna.fbcdn.net&_nc_cat=1&_nc_ohc=nEs4O33dFRAAX8bTWI5&edm=ACWDqb8BAAAA&ccb=7-4&ig_cache_key=Mjc5MzQ2OTYyMzEzNDAzMjE4MA%3D%3D.2-ccb7-4&oh=00_AT93heSQtuIOiPTchcuQvA4cU0NAFBoS2JkjSf9jWwqpIQ&oe=627C4399&_nc_sid=1527a3', 'scans_profile': 'e35', 'estimated_scans_sizes': [6110, 12220, 18330, 24440, 30550, 38135, 492530, 54990, 54990]}, 'thumbnail': {'width': 480, 'height': 601, 'url': 'https://instagram.fotp3-1.fna.fbcdn.net/v/t51.2885-15/275739192_302790391957392_3011469103749223727_n.webp?stp=dst-jpg_e35_p480x480&_nc_ht=instagram.fotp3-1.fna.fbcdn.net&_nc_cat=1&_nc_ohc=nEs4O33dFRAAX8bTWI5&edm=ACWDqb8BAAAA&ccb=7-4&ig_cache_key=Mjc5MzQ2OTYyMzEzNDAzMjE4MA%3D%3D.2-ccb7-4&oh=00_AT93heSQtuIOiPTchcuQvA4cU0NAFBoS2JkjSf9jWwqpIQ&oe=627C4399&_nc_sid=1527a3', 'scans_profile': 'e35', 'estimated_scans_sizes': [6110, 12220, 18330, 24440, 30550, 38135, 492530, 54990, 54990]}, 'standard_resolution': {'width': 1440, 'height': 1802, 'url': 'https://instagram.fotp3-1.fna.fbcdn.net/v/t51.2885-15/275739192_302790391957392_3011469103749223727_n.webp?se=7&stp=dst-jpg_e35&_nc_ht=instagram.fotp3-1.fna.fbcdn.net&_nc_cat=1&_nc_ohc=nEs4O33dFRAAX8bTWI5&edm=ACWDqb8BAAAA&ccb=7-4&ig_cache_key=Mjc5MzQ2OTYyMzEzNDAzMjE4MA%3D%3D.2-ccb7-4&oh=00_AT-J13TFyo8KcVuC4DXf5lXYT8cK7Ue4llKnDpd_tb40Xw&oe=627C4399&_nc_sid=1527a3', 'scans_profile': 'e35', 'estimated_scans_sizes': [23471, 46943, 70415, 93887, 117358, 141652, 171481, 190973, 211246]}}",Day 3,,
12,1647100643,2792405043842405303_50344278754,8,False,False,0,,,13110604,https://www.instagram.com/p/CbAnZezPFO3/,"{'low_resolution': {'width': 480, 'height': 320, 'url': 'https://instagram.fotp3-1.fna.fbcdn.net/v/t51.2885-15/275619215_4964451663614487_8757139673081424753_n.webp?stp=dst-jpg_e35_s480x480&_nc_ht=instagram.fotp3-1.fna.fbcdn.net&_nc_cat=1&_nc_ohc=JofvvHm5Vt0AX9AwKdU&edm=ACWDqb8BAAAA&ccb=7-4&ig_cache_key=Mjc5MjQwNTAzODc5MjQ3NTgwMA%3D%3D.2-ccb7-4&oh=00_AT9UeOHudo1-95gR-98c7e8itURBr54CH_-Ajj-b_J4JrA&oe=627BEA88&_nc_sid=1527a3', 'scans_profile': 'e35', 'estimated_scans_sizes': [3108, 6216, 9325, 12433, 15541, 19401, 250571, 27975, 27975]}, 'thumbnail': {'width': 480, 'height': 320, 'url': 'https://instagram.fotp3-1.fna.fbcdn.net/v/t51.2885-15/275619215_4964451663614487_8757139673081424753_n.webp?stp=dst-jpg_e35_s480x480&_nc_ht=instagram.fotp3-1.fna.fbcdn.net&_nc_cat=1&_nc_ohc=JofvvHm5Vt0AX9AwKdU&edm=ACWDqb8BAAAA&ccb=7-4&ig_cache_key=Mjc5MjQwNTAzODc5MjQ3NTgwMA%3D%3D.2-ccb7-4&oh=00_AT9UeOHudo1-95gR-98c7e8itURBr54CH_-Ajj-b_J4JrA&oe=627BEA88&_nc_sid=1527a3', 'scans_profile': 'e35', 'estimated_scans_sizes': [3108, 6216, 9325, 12433, 15541, 19401, 250571, 27975, 27975]}, 'standard_resolution': {'width': 1440, 'height': 960, 'url': 'https://instagram.fotp3-1.fna.fbcdn.net/v/t51.2885-15/275619215_4964451663614487_8757139673081424753_n.webp?se=7&stp=dst-jpg_e35&_nc_ht=instagram.fotp3-1.fna.fbcdn.net&_nc_cat=1&_nc_ohc=JofvvHm5Vt0AX9AwKdU&edm=ACWDqb8BAAAA&ccb=7-4&ig_cache_key=Mjc5MjQwNTAzODc5MjQ3NTgwMA%3D%3D.2-ccb7-4&oh=00_AT98tljdzmui9BRcgz279LEd30sCzHZhqGUkdbteo9I71Q&oe=627BEA88&_nc_sid=1527a3', 'scans_profile': 'e35', 'estimated_scans_sizes': [11787, 23574, 35361, 47148, 58935, 71134, 86114, 95902, 106083]}}",Day 2,,
13,1646984525,2791430978805936184_50344278754,8,False,False,0,,,13281481,https://www.instagram.com/p/Ca9J6-Cv7A4/,"{'low_resolution': {'width': 480, 'height': 320, 'url': 'https://instagram.fotp3-1.fna.fbcdn.net/v/t51.2885-15/275514407_1674752292867806_7686748305332445509_n.webp?stp=dst-jpg_e35_s480x480&_nc_ht=instagram.fotp3-1.fna.fbcdn.net&_nc_cat=1&_nc_ohc=po1s15KUDzgAX99zAng&edm=ACWDqb8BAAAA&ccb=7-4&ig_cache_key=Mjc5MTQzMDk3NDMwOTU3NDg5Nw%3D%3D.2-ccb7-4&oh=00_AT8cvOEjP8Lph1tVEM9hgAW5zSnf2IZwWU7xGxqGA0B5cQ&oe=627C338A&_nc_sid=1527a3', 'scans_profile': 'e35', 'estimated_scans_sizes': [1442, 2885, 4328, 5770, 7213, 9004, 116294, 12984, 12984]}, 'thumbnail': {'width': 480, 'height': 320, 'url': 'https://instagram.fotp3-1.fna.fbcdn.net/v/t51.2885-15/275514407_1674752292867806_7686748305332445509_n.webp?stp=dst-jpg_e35_s480x480&_nc_ht=instagram.fotp3-1.fna.fbcdn.net&_nc_cat=1&_nc_ohc=po1s15KUDzgAX99zAng&edm=ACWDqb8BAAAA&ccb=7-4&ig_cache_key=Mjc5MTQzMDk3NDMwOTU3NDg5Nw%3D%3D.2-ccb7-4&oh=00_AT8cvOEjP8Lph1tVEM9hgAW5zSnf2IZwWU7xGxqGA0B5cQ&oe=627C338A&_nc_sid=1527a3', 'scans_profile': 'e35', 'estimated_scans_sizes': [1442, 2885, 4328, 5770, 7213, 9004, 116294, 12984, 12984]}, 'standard_resolution': {'width': 1440, 'height': 960, 'url': 'https://instagram.fotp3-1.fna.fbcdn.net/v/t51.2885-15/275514407_1674752292867806_7686748305332445509_n.webp?se=7&stp=dst-jpg_e35&_nc_ht=instagram.fotp3-1.fna.fbcdn.net&_nc_cat=1&_nc_ohc=po1s15KUDzgAX99zAng&edm=ACWDqb8BAAAA&ccb=7-4&ig_cache_key=Mjc5MTQzMDk3NDMwOTU3NDg5Nw%3D%3D.2-ccb7-4&oh=00_AT8c9046_Nn06F4ZnKBwHkp-gdnvULwjTK5aEf2DXGxkmQ&oe=627C338A&_nc_sid=1527a3', 'scans_profile': 'e35', 'estimated_scans_sizes': [3570, 7140, 10710, 14280, 17851, 21546, 26083, 29048, 32132]}}",Day 1,,
14,1646051495,2783604154776393838_50344278754,8,False,False,0,,,15747220,https://www.instagram.com/p/CahWTsIv5hu/,"{'low_resolution': {'width': 480, 'height': 480, 'url': 'https://instagram.fotp3-1.fna.fbcdn.net/v/t51.2885-15/274900909_656429672081867_2403341528339636485_n.webp?stp=dst-jpg_e35_s480x480&_nc_ht=instagram.fotp3-1.fna.fbcdn.net&_nc_cat=1&_nc_ohc=wsVgmnhdL5wAX9bLPMo&edm=ACWDqb8BAAAA&ccb=7-4&ig_cache_key=Mjc4MzYwNDE1MDI1NDg1NTk4OA%3D%3D.2-ccb7-4&oh=00_AT-HcW4Sgh87AU4HjqmrsCeWGRumjbqm-6_ni6_pFhT7oA&oe=627D2DFE&_nc_sid=1527a3', 'scans_profile': 'e35', 'estimated_scans_sizes': [2037, 4074, 6112, 8149, 10187, 12716, 164239, 18337, 18337]}, 'thumbnail': {'width': 480, 'height': 480, 'url': 'https://instagram.fotp3-1.fna.fbcdn.net/v/t51.2885-15/274900909_656429672081867_2403341528339636485_n.webp?stp=dst-jpg_e35_s480x480&_nc_ht=instagram.fotp3-1.fna.fbcdn.net&_nc_cat=1&_nc_ohc=wsVgmnhdL5wAX9bLPMo&edm=ACWDqb8BAAAA&ccb=7-4&ig_cache_key=Mjc4MzYwNDE1MDI1NDg1NTk4OA%3D%3D.2-ccb7-4&oh=00_AT-HcW4Sgh87AU4HjqmrsCeWGRumjbqm-6_ni6_pFhT7oA&oe=627D2DFE&_nc_sid=1527a3', 'scans_profile': 'e35', 'estimated_scans_sizes': [2037, 4074, 6112, 8149, 10187, 12716, 164239, 18337, 18337]}, 'standard_resolution': {'width': 1440, 'height': 1440, 'url': 'https://instagram.fotp3-1.fna.fbcdn.net/v/t51.2885-15/274900909_656429672081867_2403341528339636485_n.webp?se=7&stp=dst-jpg_e35&_nc_ht=instagram.fotp3-1.fna.fbcdn.net&_nc_cat=1&_nc_ohc=wsVgmnhdL5wAX9bLPMo&edm=ACWDqb8BAAAA&ccb=7-4&ig_cache_key=Mjc4MzYwNDE1MDI1NDg1NTk4OA%3D%3D.2-ccb7-4&oh=00_AT-9kNqjFEL6Efi01it6w3cq_d2m719ujjzG9XYRqGo4lQ&oe=627D2DFE&_nc_sid=1527a3', 'scans_profile': 'e35', 'estimated_scans_sizes': [4838, 9676, 14515, 19353, 24192, 29199, 35348, 39367, 43546]}}",ÏÇ¨ÏßÑÏ†ïÎ¶¨ÌïòÎã§Í∞Äüï¥,,
15,1645861917,2782013862201585389_50344278754,8,False,False,0,,,14187459,https://www.instagram.com/p/Cabst4wvO7t/,"{'low_resolution': {'width': 480, 'height': 480, 'url': 'https://instagram.fotp3-1.fna.fbcdn.net/v/t51.2885-15/274652760_246798427539558_8142017096263934893_n.webp?stp=dst-jpg_e35_s480x480&_nc_ht=instagram.fotp3-1.fna.fbcdn.net&_nc_cat=1&_nc_ohc=jQ6nKD1qfIMAX_qUvdb&edm=ACWDqb8BAAAA&ccb=7-4&ig_cache_key=Mjc4MjAxMzg1NzQ3MDYwODc3NQ%3D%3D.2-ccb7-4&oh=00_AT_3cWXyLsllvsoiAGbb8G2lj6srHgK5jSXahSVUzX_Auw&oe=627D3EB5&_nc_sid=1527a3', 'scans_profile': 'e35', 'estimated_scans_sizes': [3622, 7245, 10868, 14491, 18113, 22612, 292041, 32605, 32605]}, 'thumbnail': {'width': 480, 'height': 480, 'url': 'https://instagram.fotp3-1.fna.fbcdn.net/v/t51.2885-15/274652760_246798427539558_8142017096263934893_n.webp?stp=dst-jpg_e35_s480x480&_nc_ht=instagram.fotp3-1.fna.fbcdn.net&_nc_cat=1&_nc_ohc=jQ6nKD1qfIMAX_qUvdb&edm=ACWDqb8BAAAA&ccb=7-4&ig_cache_key=Mjc4MjAxMzg1NzQ3MDYwODc3NQ%3D%3D.2-ccb7-4&oh=00_AT_3cWXyLsllvsoiAGbb8G2lj6srHgK5jSXahSVUzX_Auw&oe=627D3EB5&_nc_sid=1527a3', 'scans_profile': 'e35', 'estimated_scans_sizes': [3622, 7245, 10868, 14491, 18113, 22612, 292041, 32605, 32605]}, 'standard_resolution': {'width': 1440, 'height': 1440, 'url': 'https://instagram.fotp3-1.fna.fbcdn.net/v/t51.2885-15/274652760_246798427539558_8142017096263934893_n.webp?se=7&stp=dst-jpg_e35&_nc_ht=instagram.fotp3-1.fna.fbcdn.net&_nc_cat=1&_nc_ohc=jQ6nKD1qfIMAX_qUvdb&edm=ACWDqb8BAAAA&ccb=7-4&ig_cache_key=Mjc4MjAxMzg1NzQ3MDYwODc3NQ%3D%3D.2-ccb7-4&oh=00_AT-4dVl9J-Hez2PNA5GXP2qQVK72auJUU8NGWHr5_NeNjw&oe=627D3EB5&_nc_sid=1527a3', 'scans_profile': 'e35', 'estimated_scans_sizes': [11847, 23695, 35543, 47391, 59238, 71501, 86558, 96397, 106630]}}",üòµ‚Äçüí´,,
16,1644155825,2767701920582771879_50344278754,2,True,False,2,540.0,840.0,14384464,https://www.instagram.com/p/CZo2jucgKSn/,"{'low_resolution': {'width': 480, 'height': 747, 'url': 'https://instagram.fotp3-1.fna.fbcdn.net/v/t51.2885-15/273482946_3054211551512398_2512821311965181819_n.jpg?stp=dst-jpg_e35_p480x480&_nc_ht=instagram.fotp3-1.fna.fbcdn.net&_nc_cat=1&_nc_ohc=dGsMHi_mQdQAX-PW9BP&edm=ACWDqb8BAAAA&ccb=7-4&ig_cache_key=Mjc2NzcwMTkyMDU4Mjc3MTg3OQ%3D%3D.2-ccb7-4&oh=00_AT9qgUxuq4Y8YYu6wVAHBQcpol_7m6sk46wF4htViSCeQA&oe=627D5454&_nc_sid=1527a3', 'scans_profile': 'e35', 'estimated_scans_sizes': [5354, 10708, 16063, 21417, 26772, 33419, 431623, 48190, 48190]}, 'thumbnail': {'width': 480, 'height': 747, 'url': 'https://instagram.fotp3-1.fna.fbcdn.net/v/t51.2885-15/273482946_3054211551512398_2512821311965181819_n.jpg?stp=dst-jpg_e35_p480x480&_nc_ht=instagram.fotp3-1.fna.fbcdn.net&_nc_cat=1&_nc_ohc=dGsMHi_mQdQAX-PW9BP&edm=ACWDqb8BAAAA&ccb=7-4&ig_cache_key=Mjc2NzcwMTkyMDU4Mjc3MTg3OQ%3D%3D.2-ccb7-4&oh=00_AT9qgUxuq4Y8YYu6wVAHBQcpol_7m6sk46wF4htViSCeQA&oe=627D5454&_nc_sid=1527a3', 'scans_profile': 'e35', 'estimated_scans_sizes': [5354, 10708, 16063, 21417, 26772, 33419, 431623, 48190, 48190]}, 'standard_resolution': {'width': 480, 'height': 747, 'url': 'https://instagram.fotp3-1.fna.fbcdn.net/v/t51.2885-15/273482946_3054211551512398_2512821311965181819_n.jpg?stp=dst-jpg_e35_p480x480&_nc_ht=instagram.fotp3-1.fna.fbcdn.net&_nc_cat=1&_nc_ohc=dGsMHi_mQdQAX-PW9BP&edm=ACWDqb8BAAAA&ccb=7-4&ig_cache_key=Mjc2NzcwMTkyMDU4Mjc3MTg3OQ%3D%3D.2-ccb7-4&oh=00_AT9qgUxuq4Y8YYu6wVAHBQcpol_7m6sk46wF4htViSCeQA&oe=627D5454&_nc_sid=1527a3', 'scans_profile': 'e35', 'estimated_scans_sizes': [5354, 10708, 16063, 21417, 26772, 33419, 431623, 48190, 48190]}}",üé∫ü§°,1.820399049713025e+16,
17,1644099414,2767228914635227146_50344278754,1,False,False,0,1440.0,1440.0,11921469,https://www.instagram.com/p/CZnLAlVBcAK/,"{'low_resolution': {'width': 480, 'height': 480, 'url': 'https://instagram.fotp3-1.fna.fbcdn.net/v/t51.2885-15/273198791_883534572323164_4184808273071330655_n.webp?stp=dst-jpg_e35_s480x480&_nc_ht=instagram.fotp3-1.fna.fbcdn.net&_nc_cat=1&_nc_ohc=b3gniYYkL_AAX-FjvWL&edm=ACWDqb8BAAAA&ccb=7-4&ig_cache_key=Mjc2NzIyODkxNDYzNTIyNzE0Ng%3D%3D.2-ccb7-4&oh=00_AT9FnaQjDZl1TcYheMDix09IHufD1vX4XHJiCj4g1mlK8Q&oe=627D154C&_nc_sid=1527a3', 'scans_profile': 'e35', 'estimated_scans_sizes': [4093, 8187, 12281, 16374, 20468, 25550, 329994, 36843, 36843]}, 'thumbnail': {'width': 480, 'height': 480, 'url': 'https://instagram.fotp3-1.fna.fbcdn.net/v/t51.2885-15/273198791_883534572323164_4184808273071330655_n.webp?stp=dst-jpg_e35_s480x480&_nc_ht=instagram.fotp3-1.fna.fbcdn.net&_nc_cat=1&_nc_ohc=b3gniYYkL_AAX-FjvWL&edm=ACWDqb8BAAAA&ccb=7-4&ig_cache_key=Mjc2NzIyODkxNDYzNTIyNzE0Ng%3D%3D.2-ccb7-4&oh=00_AT9FnaQjDZl1TcYheMDix09IHufD1vX4XHJiCj4g1mlK8Q&oe=627D154C&_nc_sid=1527a3', 'scans_profile': 'e35', 'estimated_scans_sizes': [4093, 8187, 12281, 16374, 20468, 25550, 329994, 36843, 36843]}, 'standard_resolution': {'width': 1440, 'height': 1440, 'url': 'https://instagram.fotp3-1.fna.fbcdn.net/v/t51.2885-15/273198791_883534572323164_4184808273071330655_n.webp?se=7&stp=dst-jpg_e35&_nc_ht=instagram.fotp3-1.fna.fbcdn.net&_nc_cat=1&_nc_ohc=b3gniYYkL_AAX-FjvWL&edm=ACWDqb8BAAAA&ccb=7-4&ig_cache_key=Mjc2NzIyODkxNDYzNTIyNzE0Ng%3D%3D.2-ccb7-4&oh=00_AT_mQv-VwBhuv8TiWmhuUqPUn-5reoUzEOflRQQ0hcA08A&oe=627D154C&_nc_sid=1527a3', 'scans_profile': 'e35', 'estimated_scans_sizes': [14328, 28656, 42985, 57313, 71642, 86472, 104681, 116580, 128956]}}",üòë,,
18,1644077323,2767043596883075048_50344278754,1,False,False,0,1280.0,1280.0,12093312,https://www.instagram.com/p/CZmg32uPB_o/,"{'low_resolution': {'width': 480, 'height': 480, 'url': 'https://instagram.fotp3-1.fna.fbcdn.net/v/t51.2885-15/273168535_638728350513912_8774779115487752332_n.webp?stp=dst-jpg_e35_s480x480&_nc_ht=instagram.fotp3-1.fna.fbcdn.net&_nc_cat=1&_nc_ohc=L6G6OFuIJvIAX-XlDNE&edm=ACWDqb8BAAAA&ccb=7-4&ig_cache_key=Mjc2NzA0MzU5Njg4MzA3NTA0OA%3D%3D.2-ccb7-4&oh=00_AT9qEaZmSJfwTcU96aCgF1PexJxl79ZIzbleKoOI1dQOsQ&oe=627C854B&_nc_sid=1527a3', 'scans_profile': 'e35', 'estimated_scans_sizes': [2223, 4446, 6669, 8892, 11115, 13876, 179211, 20008, 20008]}, 'thumbnail': {'width': 480, 'height': 480, 'url': 'https://instagram.fotp3-1.fna.fbcdn.net/v/t51.2885-15/273168535_638728350513912_8774779115487752332_n.webp?stp=dst-jpg_e35_s480x480&_nc_ht=instagram.fotp3-1.fna.fbcdn.net&_nc_cat=1&_nc_ohc=L6G6OFuIJvIAX-XlDNE&edm=ACWDqb8BAAAA&ccb=7-4&ig_cache_key=Mjc2NzA0MzU5Njg4MzA3NTA0OA%3D%3D.2-ccb7-4&oh=00_AT9qEaZmSJfwTcU96aCgF1PexJxl79ZIzbleKoOI1dQOsQ&oe=627C854B&_nc_sid=1527a3', 'scans_profile': 'e35', 'estimated_scans_sizes': [2223, 4446, 6669, 8892, 11115, 13876, 179211, 20008, 20008]}, 'standard_resolution': {'width': 1280, 'height': 1280, 'url': 'https://instagram.fotp3-1.fna.fbcdn.net/v/t51.2885-15/273168535_638728350513912_8774779115487752332_n.webp?se=7&stp=dst-jpg_e35&_nc_ht=instagram.fotp3-1.fna.fbcdn.net&_nc_cat=1&_nc_ohc=L6G6OFuIJvIAX-XlDNE&edm=ACWDqb8BAAAA&ccb=7-4&ig_cache_key=Mjc2NzA0MzU5Njg4MzA3NTA0OA%3D%3D.2-ccb7-4&oh=00_AT8QwNOT8_hCOVDtSrZI0xGY-wyZJAT4TUMywEz-338Vdw&oe=627C854B&_nc_sid=1527a3', 'scans_profile': 'e35', 'estimated_scans_sizes': [4854, 9708, 14563, 19417, 24271, 29296, 35465, 39497, 43689]}}",Purple,,
19,1643995143,2766354222671474175_50344278754,8,False,False,0,,,12534635,https://www.instagram.com/p/CZkEII9PC3_/,"{'low_resolution': {'width': 480, 'height': 480, 'url': 'https://instagram.fotp3-1.fna.fbcdn.net/v/t51.2885-15/273177744_814179419982919_8212380179658579567_n.webp?stp=dst-jpg_e35_s480x480&_nc_ht=instagram.fotp3-1.fna.fbcdn.net&_nc_cat=1&_nc_ohc=oe7I2cbimB0AX8i35db&edm=ACWDqb8BAAAA&ccb=7-4&ig_cache_key=Mjc2NjM1NDIxNjc5MTE0Mzg3NQ%3D%3D.2-ccb7-4&oh=00_AT8PTGMd3S296FTgIQDbmc5HG1bqcCOr1EyRTE8R_UnPtA&oe=627BD89B&_nc_sid=1527a3', 'scans_profile': 'e35', 'estimated_scans_sizes': [8019, 16039, 24058, 32078, 40097, 50054, 646459, 72176, 72176]}, 'thumbnail': {'width': 480, 'height': 480, 'url': 'https://instagram.fotp3-1.fna.fbcdn.net/v/t51.2885-15/273177744_814179419982919_8212380179658579567_n.webp?stp=dst-jpg_e35_s480x480&_nc_ht=instagram.fotp3-1.fna.fbcdn.net&_nc_cat=1&_nc_ohc=oe7I2cbimB0AX8i35db&edm=ACWDqb8BAAAA&ccb=7-4&ig_cache_key=Mjc2NjM1NDIxNjc5MTE0Mzg3NQ%3D%3D.2-ccb7-4&oh=00_AT8PTGMd3S296FTgIQDbmc5HG1bqcCOr1EyRTE8R_UnPtA&oe=627BD89B&_nc_sid=1527a3', 'scans_profile': 'e35', 'estimated_scans_sizes': [8019, 16039, 24058, 32078, 40097, 50054, 646459, 72176, 72176]}, 'standard_resolution': {'width': 806, 'height': 806, 'url': 'https://instagram.fotp3-1.fna.fbcdn.net/v/t51.2885-15/273177744_814179419982919_8212380179658579567_n.webp?se=8&stp=dst-jpg_e35&_nc_ht=instagram.fotp3-1.fna.fbcdn.net&_nc_cat=1&_nc_ohc=oe7I2cbimB0AX8i35db&edm=ACWDqb8BAAAA&ccb=7-4&ig_cache_key=Mjc2NjM1NDIxNjc5MTE0Mzg3NQ%3D%3D.2-ccb7-4&oh=00_AT_dP6n7XyLZMhF5Kz_UZhW6qTznM7lrWBQ-hWONKVdy4g&oe=627BD89B&_nc_sid=1527a3', 'scans_profile': 'e35', 'estimated_scans_sizes': [21242, 42484, 63726, 84968, 106210, 128196, 155192, 172832, 191179]}}",,,
20,1643994748,2766350911067229182_50344278754,1,False,False,0,1440.0,1440.0,12549762,https://www.instagram.com/p/CZkDX8yPYv-/,"{'low_resolution': {'width': 480, 'height': 480, 'url': 'https://instagram.fotp3-1.fna.fbcdn.net/v/t51.2885-15/258885222_467689091488361_434699500696622246_n.webp?stp=dst-jpg_e35_s480x480&_nc_ht=instagram.fotp3-1.fna.fbcdn.net&_nc_cat=1&_nc_ohc=pyLwjabW-5sAX_E4HJZ&edm=ACWDqb8BAAAA&ccb=7-4&ig_cache_key=Mjc2NjM1MDkxMTA2NzIyOTE4Mg%3D%3D.2-ccb7-4&oh=00_AT_vWymU5tG9N49AMI4qadesYw8nLXBFaut5gslTlWUlDQ&oe=627C3ACE&_nc_sid=1527a3', 'scans_profile': 'e35', 'estimated_scans_sizes': [4825, 9650, 14476, 19301, 24127, 30118, 388987, 43429, 43429]}, 'thumbnail': {'width': 480, 'height': 480, 'url': 'https://instagram.fotp3-1.fna.fbcdn.net/v/t51.2885-15/258885222_467689091488361_434699500696622246_n.webp?stp=dst-jpg_e35_s480x480&_nc_ht=instagram.fotp3-1.fna.fbcdn.net&_nc_cat=1&_nc_ohc=pyLwjabW-5sAX_E4HJZ&edm=ACWDqb8BAAAA&ccb=7-4&ig_cache_key=Mjc2NjM1MDkxMTA2NzIyOTE4Mg%3D%3D.2-ccb7-4&oh=00_AT_vWymU5tG9N49AMI4qadesYw8nLXBFaut5gslTlWUlDQ&oe=627C3ACE&_nc_sid=1527a3', 'scans_profile': 'e35', 'estimated_scans_sizes': [4825, 9650, 14476, 19301, 24127, 30118, 388987, 43429, 43429]}, 'standard_resolution': {'width': 1440, 'height': 1440, 'url': 'https://instagram.fotp3-1.fna.fbcdn.net/v/t51.2885-15/258885222_467689091488361_434699500696622246_n.webp?se=7&stp=dst-jpg_e35&_nc_ht=instagram.fotp3-1.fna.fbcdn.net&_nc_cat=1&_nc_ohc=pyLwjabW-5sAX_E4HJZ&edm=ACWDqb8BAAAA&ccb=7-4&ig_cache_key=Mjc2NjM1MDkxMTA2NzIyOTE4Mg%3D%3D.2-ccb7-4&oh=00_AT8Ovj5C2xMPJn5aMo8SinSrAh768PLNRlM6QzIfohH4cA&oe=627C3ACE&_nc_sid=1527a3', 'scans_profile': 'e35', 'estimated_scans_sizes': [18507, 37014, 55521, 74028, 92536, 111691, 135211, 150580, 166565]}}","ÍπÄÏó∞ÌÉÑ ÏÜåÏõê ÎπåÏóàÏßÄ? 
ÎÑ§ ÏÜåÏõêÏù¥ ÎÇ¥ ÏÜåÏõêÏù¥Îã§",,
21,1643119951,2759007022436993524_50344278754,2,True,False,0,720.0,1280.0,11849177,https://www.instagram.com/p/CZJ9kThKkn0/,"{'low_resolution': {'width': 480, 'height': 853, 'url': 'https://instagram.fotp3-1.fna.fbcdn.net/v/t51.2885-15/272572554_288161633299375_7989408774689026737_n.jpg?stp=dst-jpg_e35_p480x480&_nc_ht=instagram.fotp3-1.fna.fbcdn.net&_nc_cat=1&_nc_ohc=HyUegkt-BVsAX_qLwv_&edm=ACWDqb8BAAAA&ccb=7-4&ig_cache_key=Mjc1OTAwNzAyMjQzNjk5MzUyNA%3D%3D.2-ccb7-4&oh=00_AT8EOZqmDOXyiAaeUYFn04ngjrCNPziu0dHYmPofkhtSbQ&oe=627BD17A&_nc_sid=1527a3', 'scans_profile': 'e35', 'estimated_scans_sizes': [3194, 6389, 9584, 12779, 15974, 19232, 555009, 28754, 28754]}, 'thumbnail': {'width': 480, 'height': 853, 'url': 'https://instagram.fotp3-1.fna.fbcdn.net/v/t51.2885-15/272572554_288161633299375_7989408774689026737_n.jpg?stp=dst-jpg_e35_p480x480&_nc_ht=instagram.fotp3-1.fna.fbcdn.net&_nc_cat=1&_nc_ohc=HyUegkt-BVsAX_qLwv_&edm=ACWDqb8BAAAA&ccb=7-4&ig_cache_key=Mjc1OTAwNzAyMjQzNjk5MzUyNA%3D%3D.2-ccb7-4&oh=00_AT8EOZqmDOXyiAaeUYFn04ngjrCNPziu0dHYmPofkhtSbQ&oe=627BD17A&_nc_sid=1527a3', 'scans_profile': 'e35', 'estimated_scans_sizes': [3194, 6389, 9584, 12779, 15974, 19232, 555009, 28754, 28754]}, 'standard_resolution': {'width': 480, 'height': 853, 'url': 'https://instagram.fotp3-1.fna.fbcdn.net/v/t51.2885-15/272572554_288161633299375_7989408774689026737_n.jpg?stp=dst-jpg_e35_p480x480&_nc_ht=instagram.fotp3-1.fna.fbcdn.net&_nc_cat=1&_nc_ohc=HyUegkt-BVsAX_qLwv_&edm=ACWDqb8BAAAA&ccb=7-4&ig_cache_key=Mjc1OTAwNzAyMjQzNjk5MzUyNA%3D%3D.2-ccb7-4&oh=00_AT8EOZqmDOXyiAaeUYFn04ngjrCNPziu0dHYmPofkhtSbQ&oe=627BD17A&_nc_sid=1527a3', 'scans_profile': 'e35', 'estimated_scans_sizes': [3194, 6389, 9584, 12779, 15974, 19232, 555009, 28754, 28754]}}",,,
22,1642252040,2751732014380790229_50344278754,1,False,False,0,1440.0,1080.0,12861892,https://www.instagram.com/p/CYwHbASPLHV/,"{'low_resolution': {'width': 480, 'height': 360, 'url': 'https://instagram.fotp3-1.fna.fbcdn.net/v/t51.2885-15/271834495_380054420586197_3002608303189799088_n.jpg?stp=dst-jpg_e35_s480x480&_nc_ht=instagram.fotp3-1.fna.fbcdn.net&_nc_cat=1&_nc_ohc=RPCH3d35YCAAX-8UtDH&edm=ACWDqb8BAAAA&ccb=7-4&ig_cache_key=Mjc1MTczMjAxNDM4MDc5MDIyOQ%3D%3D.2-ccb7-4&oh=00_AT_qWc0oEcGPqfuQddeRZfzgovfRreUdr3ELNN4d-armzQ&oe=627BB133&_nc_sid=1527a3', 'scans_profile': 'e35', 'estimated_scans_sizes': [3160, 6321, 9482, 12643, 15803, 19026, 549083, 28447, 28447]}, 'thumbnail': {'width': 480, 'height': 360, 'url': 'https://instagram.fotp3-1.fna.fbcdn.net/v/t51.2885-15/271834495_380054420586197_3002608303189799088_n.jpg?stp=dst-jpg_e35_s480x480&_nc_ht=instagram.fotp3-1.fna.fbcdn.net&_nc_cat=1&_nc_ohc=RPCH3d35YCAAX-8UtDH&edm=ACWDqb8BAAAA&ccb=7-4&ig_cache_key=Mjc1MTczMjAxNDM4MDc5MDIyOQ%3D%3D.2-ccb7-4&oh=00_AT_qWc0oEcGPqfuQddeRZfzgovfRreUdr3ELNN4d-armzQ&oe=627BB133&_nc_sid=1527a3', 'scans_profile': 'e35', 'estimated_scans_sizes': [3160, 6321, 9482, 12643, 15803, 19026, 549083, 28447, 28447]}, 'standard_resolution': {'width': 1440, 'height': 1080, 'url': 'https://instagram.fotp3-1.fna.fbcdn.net/v/t51.2885-15/271834495_380054420586197_3002608303189799088_n.jpg?se=7&stp=dst-jpg_e35&_nc_ht=instagram.fotp3-1.fna.fbcdn.net&_nc_cat=1&_nc_ohc=RPCH3d35YCAAX-8UtDH&edm=ACWDqb8BAAAA&ccb=7-4&ig_cache_key=Mjc1MTczMjAxNDM4MDc5MDIyOQ%3D%3D.2-ccb7-4&oh=00_AT-g3X_rY5Zy_o_8BU96VoA1XE7Cv6G4SpSt-j-J6MUE8A&oe=627BB133&_nc_sid=1527a3', 'scans_profile': 'e35', 'estimated_scans_sizes': [14268, 28536, 42804, 57072, 71340, 79829, 101585, 115457, 128412]}}",„Ö°„Ö°..,,
23,1641618781,2746397472093549696_50344278754,2,True,False,0,720.0,1116.0,14462771,https://www.instagram.com/p/CYdKfMoKrSA/,"{'low_resolution': {'width': 480, 'height': 744, 'url': 'https://instagram.fotp3-1.fna.fbcdn.net/v/t51.2885-15/271547835_3092542317726894_883502934616889550_n.jpg?stp=dst-jpg_e35_p480x480&_nc_ht=instagram.fotp3-1.fna.fbcdn.net&_nc_cat=1&_nc_ohc=kAnxZDYvWP0AX9u_5eq&edm=ACWDqb8BAAAA&ccb=7-4&ig_cache_key=Mjc0NjM5NzQ3MjA5MzU0OTY5Ng%3D%3D.2-ccb7-4&oh=00_AT8phd7Cyo1E6fyCj8eS1GB1e9GdC7hKfl07bH8BkFNRxQ&oe=627C8352&_nc_sid=1527a3', 'scans_profile': 'e35', 'estimated_scans_sizes': [6029, 12058, 18088, 24117, 30146, 36294, 1047396, 54264, 54264]}, 'thumbnail': {'width': 480, 'height': 744, 'url': 'https://instagram.fotp3-1.fna.fbcdn.net/v/t51.2885-15/271547835_3092542317726894_883502934616889550_n.jpg?stp=dst-jpg_e35_p480x480&_nc_ht=instagram.fotp3-1.fna.fbcdn.net&_nc_cat=1&_nc_ohc=kAnxZDYvWP0AX9u_5eq&edm=ACWDqb8BAAAA&ccb=7-4&ig_cache_key=Mjc0NjM5NzQ3MjA5MzU0OTY5Ng%3D%3D.2-ccb7-4&oh=00_AT8phd7Cyo1E6fyCj8eS1GB1e9GdC7hKfl07bH8BkFNRxQ&oe=627C8352&_nc_sid=1527a3', 'scans_profile': 'e35', 'estimated_scans_sizes': [6029, 12058, 18088, 24117, 30146, 36294, 1047396, 54264, 54264]}, 'standard_resolution': {'width': 480, 'height': 744, 'url': 'https://instagram.fotp3-1.fna.fbcdn.net/v/t51.2885-15/271547835_3092542317726894_883502934616889550_n.jpg?stp=dst-jpg_e35_p480x480&_nc_ht=instagram.fotp3-1.fna.fbcdn.net&_nc_cat=1&_nc_ohc=kAnxZDYvWP0AX9u_5eq&edm=ACWDqb8BAAAA&ccb=7-4&ig_cache_key=Mjc0NjM5NzQ3MjA5MzU0OTY5Ng%3D%3D.2-ccb7-4&oh=00_AT8phd7Cyo1E6fyCj8eS1GB1e9GdC7hKfl07bH8BkFNRxQ&oe=627C8352&_nc_sid=1527a3', 'scans_profile': 'e35', 'estimated_scans_sizes': [6029, 12058, 18088, 24117, 30146, 36294, 1047396, 54264, 54264]}}","@mrbrunomajor
A tiring day no matter how much I sleep",,
24,1640052014,2733276859272786752_50344278754,8,False,False,0,,,16370023,https://www.instagram.com/p/CXujNJtv_NA/,"{'low_resolution': {'width': 480, 'height': 600, 'url': 'https://instagram.fotp3-1.fna.fbcdn.net/v/t51.2885-15/269611531_4331894143589280_4665918905519169270_n.jpg?stp=dst-jpg_e35_p480x480&_nc_ht=instagram.fotp3-1.fna.fbcdn.net&_nc_cat=1&_nc_ohc=mCuTHpZIWW8AX9NvXjz&edm=ACWDqb8BAAAA&ccb=7-4&ig_cache_key=MjczMzI3Njg1NTQ4MTA2MzA3NQ%3D%3D.2-ccb7-4&oh=00_AT8ddjXl5zyoM6iCwkPuSl03EdFHLTt43NAQo7NK_zukIg&oe=627CDDDB&_nc_sid=1527a3', 'scans_profile': 'e35', 'estimated_scans_sizes': [4252, 8504, 12757, 17009, 21261, 26541, 342789, 38271, 38271]}, 'thumbnail': {'width': 480, 'height': 600, 'url': 'https://instagram.fotp3-1.fna.fbcdn.net/v/t51.2885-15/269611531_4331894143589280_4665918905519169270_n.jpg?stp=dst-jpg_e35_p480x480&_nc_ht=instagram.fotp3-1.fna.fbcdn.net&_nc_cat=1&_nc_ohc=mCuTHpZIWW8AX9NvXjz&edm=ACWDqb8BAAAA&ccb=7-4&ig_cache_key=MjczMzI3Njg1NTQ4MTA2MzA3NQ%3D%3D.2-ccb7-4&oh=00_AT8ddjXl5zyoM6iCwkPuSl03EdFHLTt43NAQo7NK_zukIg&oe=627CDDDB&_nc_sid=1527a3', 'scans_profile': 'e35', 'estimated_scans_sizes': [4252, 8504, 12757, 17009, 21261, 26541, 342789, 38271, 38271]}, 'standard_resolution': {'width': 1440, 'height': 1800, 'url': 'https://instagram.fotp3-1.fna.fbcdn.net/v/t51.2885-15/269611531_4331894143589280_4665918905519169270_n.jpg?se=7&stp=dst-jpg_e35&_nc_ht=instagram.fotp3-1.fna.fbcdn.net&_nc_cat=1&_nc_ohc=mCuTHpZIWW8AX9NvXjz&edm=ACWDqb8BAAAA&ccb=7-4&ig_cache_key=MjczMzI3Njg1NTQ4MTA2MzA3NQ%3D%3D.2-ccb7-4&oh=00_AT_5zZLyt_qSNnVtkooceUfl5q5rbcianZHU7LjVHjCVGQ&oe=627CDDDB&_nc_sid=1527a3', 'scans_profile': 'e35', 'estimated_scans_sizes': [13371, 26742, 40114, 53485, 66857, 80697, 97690, 108794, 120343]}}",,,
25,1640046452,2733230203546255159_50344278754,8,False,False,0,,,15155804,https://www.instagram.com/p/CXuYmOLvj83/,"{'low_resolution': {'width': 480, 'height': 600, 'url': 'https://instagram.fotp3-1.fna.fbcdn.net/v/t51.2885-15/269742154_133501859090294_5044417537174859494_n.jpg?stp=dst-jpg_e35_p480x480&_nc_ht=instagram.fotp3-1.fna.fbcdn.net&_nc_cat=1&_nc_ohc=To7qPHoSDkEAX9O0KmK&edm=ACWDqb8BAAAA&ccb=7-4&ig_cache_key=MjczMzIzMDE5ODg0ODY2MTI3OA%3D%3D.2-ccb7-4&oh=00_AT97h9UjB6yQMdpABNMdy9SoUsvWg_qo3lKKfCs2k2YmVg&oe=627CA700&_nc_sid=1527a3', 'scans_profile': 'e35', 'estimated_scans_sizes': [3939, 7879, 11819, 15759, 19698, 24590, 317590, 35458, 35458]}, 'thumbnail': {'width': 480, 'height': 600, 'url': 'https://instagram.fotp3-1.fna.fbcdn.net/v/t51.2885-15/269742154_133501859090294_5044417537174859494_n.jpg?stp=dst-jpg_e35_p480x480&_nc_ht=instagram.fotp3-1.fna.fbcdn.net&_nc_cat=1&_nc_ohc=To7qPHoSDkEAX9O0KmK&edm=ACWDqb8BAAAA&ccb=7-4&ig_cache_key=MjczMzIzMDE5ODg0ODY2MTI3OA%3D%3D.2-ccb7-4&oh=00_AT97h9UjB6yQMdpABNMdy9SoUsvWg_qo3lKKfCs2k2YmVg&oe=627CA700&_nc_sid=1527a3', 'scans_profile': 'e35', 'estimated_scans_sizes': [3939, 7879, 11819, 15759, 19698, 24590, 317590, 35458, 35458]}, 'standard_resolution': {'width': 1120, 'height': 1400, 'url': 'https://instagram.fotp3-1.fna.fbcdn.net/v/t51.2885-15/269742154_133501859090294_5044417537174859494_n.jpg?se=7&stp=dst-jpg_e35&_nc_ht=instagram.fotp3-1.fna.fbcdn.net&_nc_cat=1&_nc_ohc=To7qPHoSDkEAX9O0KmK&edm=ACWDqb8BAAAA&ccb=7-4&ig_cache_key=MjczMzIzMDE5ODg0ODY2MTI3OA%3D%3D.2-ccb7-4&oh=00_AT-_Iujia7AggPF_RMNbmX3qdrSeT3RubjoJylv1Fwefkg&oe=627CA700&_nc_sid=1527a3', 'scans_profile': 'e35', 'estimated_scans_sizes': [8950, 17901, 26852, 35802, 44753, 54017, 65392, 72825, 80556]}}",,,
26,1639991444,2732768763660064076_50344278754,1,False,False,0,1440.0,1440.0,12972712,https://www.instagram.com/p/CXsvrYzPdVM/,"{'low_resolution': {'width': 480, 'height': 480, 'url': 'https://instagram.fotp3-1.fna.fbcdn.net/v/t51.2885-15/269162791_591437888823044_3255356549736739589_n.jpg?stp=dst-jpg_e35_s480x480&_nc_ht=instagram.fotp3-1.fna.fbcdn.net&_nc_cat=1&_nc_ohc=8wJofR-go7sAX_OUg7Z&edm=ACWDqb8BAAAA&ccb=7-4&ig_cache_key=MjczMjc2ODc2MzY2MDA2NDA3Ng%3D%3D.2-ccb7-4&oh=00_AT8ybUU6F5at_Kn3a2tlIT9EA8kjkPBU0fff7DbykOyeGw&oe=627B895A&_nc_sid=1527a3', 'scans_profile': 'e35', 'estimated_scans_sizes': [7937, 15875, 23813, 31751, 39689, 49545, 639880, 71441, 71441]}, 'thumbnail': {'width': 480, 'height': 480, 'url': 'https://instagram.fotp3-1.fna.fbcdn.net/v/t51.2885-15/269162791_591437888823044_3255356549736739589_n.jpg?stp=dst-jpg_e35_s480x480&_nc_ht=instagram.fotp3-1.fna.fbcdn.net&_nc_cat=1&_nc_ohc=8wJofR-go7sAX_OUg7Z&edm=ACWDqb8BAAAA&ccb=7-4&ig_cache_key=MjczMjc2ODc2MzY2MDA2NDA3Ng%3D%3D.2-ccb7-4&oh=00_AT8ybUU6F5at_Kn3a2tlIT9EA8kjkPBU0fff7DbykOyeGw&oe=627B895A&_nc_sid=1527a3', 'scans_profile': 'e35', 'estimated_scans_sizes': [7937, 15875, 23813, 31751, 39689, 49545, 639880, 71441, 71441]}, 'standard_resolution': {'width': 1440, 'height': 1440, 'url': 'https://instagram.fotp3-1.fna.fbcdn.net/v/t51.2885-15/269162791_591437888823044_3255356549736739589_n.jpg?se=7&stp=dst-jpg_e35&_nc_ht=instagram.fotp3-1.fna.fbcdn.net&_nc_cat=1&_nc_ohc=8wJofR-go7sAX_OUg7Z&edm=ACWDqb8BAAAA&ccb=7-4&ig_cache_key=MjczMjc2ODc2MzY2MDA2NDA3Ng%3D%3D.2-ccb7-4&oh=00_AT8kD90vL8KKlhGOvaRWo0FJrAmtX0hWeYiFifwwLbyzTA&oe=627B895A&_nc_sid=1527a3', 'scans_profile': 'e35', 'estimated_scans_sizes': [40149, 80298, 120448, 160597, 200747, 242302, 293326, 326668, 361345]}}",you make me wanna be a better man,,
27,1639485084,2728521105982385474_50344278754,1,False,False,0,800.0,450.0,14784234,https://www.instagram.com/p/CXdp31UPG1C/,"{'low_resolution': {'width': 480, 'height': 270, 'url': 'https://instagram.fotp3-1.fna.fbcdn.net/v/t51.2885-15/266758068_384505730092688_6961009849185493757_n.jpg?stp=dst-jpg_e35_s480x480&_nc_ht=instagram.fotp3-1.fna.fbcdn.net&_nc_cat=1&_nc_ohc=xLodmvOdJu8AX-QGMft&edm=ACWDqb8BAAAA&ccb=7-4&ig_cache_key=MjcyODUyMTEwNTk4MjM4NTQ3NA%3D%3D.2-ccb7-4&oh=00_AT_a5GO3oNk-Q2_cCVISe0Ls-gQ2DCkp7lH8VrylWMTpvw&oe=627B9DFA&_nc_sid=1527a3', 'scans_profile': 'e35', 'estimated_scans_sizes': [2715, 5431, 8147, 10863, 13579, 16951, 218932, 24443, 24443]}, 'thumbnail': {'width': 480, 'height': 270, 'url': 'https://instagram.fotp3-1.fna.fbcdn.net/v/t51.2885-15/266758068_384505730092688_6961009849185493757_n.jpg?stp=dst-jpg_e35_s480x480&_nc_ht=instagram.fotp3-1.fna.fbcdn.net&_nc_cat=1&_nc_ohc=xLodmvOdJu8AX-QGMft&edm=ACWDqb8BAAAA&ccb=7-4&ig_cache_key=MjcyODUyMTEwNTk4MjM4NTQ3NA%3D%3D.2-ccb7-4&oh=00_AT_a5GO3oNk-Q2_cCVISe0Ls-gQ2DCkp7lH8VrylWMTpvw&oe=627B9DFA&_nc_sid=1527a3', 'scans_profile': 'e35', 'estimated_scans_sizes': [2715, 5431, 8147, 10863, 13579, 16951, 218932, 24443, 24443]}, 'standard_resolution': {'width': 800, 'height': 450, 'url': 'https://instagram.fotp3-1.fna.fbcdn.net/v/t51.2885-15/266758068_384505730092688_6961009849185493757_n.jpg?se=8&stp=dst-jpg_e35&_nc_ht=instagram.fotp3-1.fna.fbcdn.net&_nc_cat=1&_nc_ohc=xLodmvOdJu8AX-QGMft&edm=ACWDqb8BAAAA&ccb=7-4&ig_cache_key=MjcyODUyMTEwNTk4MjM4NTQ3NA%3D%3D.2-ccb7-4&oh=00_AT980DOaQb41yTaQWIaLjat6ToSgMPGEyppJhQSFg_0u6g&oe=627B9DFA&_nc_sid=1527a3', 'scans_profile': 'e35', 'estimated_scans_sizes': [5439, 10879, 16319, 21758, 27198, 32828, 39741, 44259, 48957]}}",,,
28,1639305048,2727010852396696950_50344278754,1,False,False,1,639.0,639.0,16588124,https://www.instagram.com/p/CXYSewDvYV2/,"{'low_resolution': {'width': 480, 'height': 480, 'url': 'https://instagram.fotp3-1.fna.fbcdn.net/v/t51.2885-15/266306608_947930372794588_233214426043212966_n.jpg?stp=dst-jpg_e35_s480x480&_nc_ht=instagram.fotp3-1.fna.fbcdn.net&_nc_cat=1&_nc_ohc=3nbYc4rqI0wAX-V79_x&edm=ACWDqb8BAAAA&ccb=7-4&ig_cache_key=MjcyNzAxMDg1MjM5NjY5Njk1MA%3D%3D.2-ccb7-4&oh=00_AT_pHqkPbCw0sODeEeeKF3aG13Xapr_Z113PRVuDBlNoow&oe=627D675A&_nc_sid=1527a3', 'scans_profile': 'e35', 'estimated_scans_sizes': [4224, 8448, 12672, 16896, 21120, 26365, 340514, 38017, 38017]}, 'thumbnail': {'width': 480, 'height': 480, 'url': 'https://instagram.fotp3-1.fna.fbcdn.net/v/t51.2885-15/266306608_947930372794588_233214426043212966_n.jpg?stp=dst-jpg_e35_s480x480&_nc_ht=instagram.fotp3-1.fna.fbcdn.net&_nc_cat=1&_nc_ohc=3nbYc4rqI0wAX-V79_x&edm=ACWDqb8BAAAA&ccb=7-4&ig_cache_key=MjcyNzAxMDg1MjM5NjY5Njk1MA%3D%3D.2-ccb7-4&oh=00_AT_pHqkPbCw0sODeEeeKF3aG13Xapr_Z113PRVuDBlNoow&oe=627D675A&_nc_sid=1527a3', 'scans_profile': 'e35', 'estimated_scans_sizes': [4224, 8448, 12672, 16896, 21120, 26365, 340514, 38017, 38017]}, 'standard_resolution': {'width': 639, 'height': 639, 'url': 'https://instagram.fotp3-1.fna.fbcdn.net/v/t51.2885-15/266306608_947930372794588_233214426043212966_n.jpg?stp=dst-jpg_e35&_nc_ht=instagram.fotp3-1.fna.fbcdn.net&_nc_cat=1&_nc_ohc=3nbYc4rqI0wAX-V79_x&edm=ACWDqb8BAAAA&ccb=7-4&ig_cache_key=MjcyNzAxMDg1MjM5NjY5Njk1MA%3D%3D.2-ccb7-4&oh=00_AT8iEYUN74fC_VpBMbanLmSvtr38QqFT_WpxyDNJifbCGA&oe=627D675A&_nc_sid=1527a3', 'scans_profile': 'e35', 'estimated_scans_sizes': [6417, 12835, 19253, 25671, 32088, 40057, 517342, 57760, 57760]}}",1921,,
29,1639302359,2726988295891289865_50344278754,8,False,False,0,,,15692532,https://www.instagram.com/p/CXYNWgrP4cJ/,"{'low_resolution': {'width': 480, 'height': 550, 'url': 'https://instagram.fotp3-1.fna.fbcdn.net/v/t51.2885-15/265763953_431641065124936_1136356157054577615_n.jpg?stp=dst-jpg_e35_p480x480&_nc_ht=instagram.fotp3-1.fna.fbcdn.net&_nc_cat=1&_nc_ohc=lipbys3bgJsAX-kct0T&edm=ACWDqb8BAAAA&ccb=7-4&ig_cache_key=MjcyNjk4ODI5MjU1MjUxMjYyNw%3D%3D.2-ccb7-4&oh=00_AT95gKoFZEfLWqZNSFEgs6Uuqr1E2FccIR4DMdXBwEdedA&oe=627BA5C4&_nc_sid=1527a3', 'scans_profile': 'e35', 'estimated_scans_sizes': [4810, 9620, 14430, 19240, 24051, 28955, 835618, 43292, 43292]}, 'thumbnail': {'width': 480, 'height': 550, 'url': 'https://instagram.fotp3-1.fna.fbcdn.net/v/t51.2885-15/265763953_431641065124936_1136356157054577615_n.jpg?stp=dst-jpg_e35_p480x480&_nc_ht=instagram.fotp3-1.fna.fbcdn.net&_nc_cat=1&_nc_ohc=lipbys3bgJsAX-kct0T&edm=ACWDqb8BAAAA&ccb=7-4&ig_cache_key=MjcyNjk4ODI5MjU1MjUxMjYyNw%3D%3D.2-ccb7-4&oh=00_AT95gKoFZEfLWqZNSFEgs6Uuqr1E2FccIR4DMdXBwEdedA&oe=627BA5C4&_nc_sid=1527a3', 'scans_profile': 'e35', 'estimated_scans_sizes': [4810, 9620, 14430, 19240, 24051, 28955, 835618, 43292, 43292]}, 'standard_resolution': {'width': 1440, 'height': 1649, 'url': 'https://instagram.fotp3-1.fna.fbcdn.net/v/t51.2885-15/265763953_431641065124936_1136356157054577615_n.jpg?se=7&stp=dst-jpg_e35&_nc_ht=instagram.fotp3-1.fna.fbcdn.net&_nc_cat=1&_nc_ohc=lipbys3bgJsAX-kct0T&edm=ACWDqb8BAAAA&ccb=7-4&ig_cache_key=MjcyNjk4ODI5MjU1MjUxMjYyNw%3D%3D.2-ccb7-4&oh=00_AT_UNqEmxae_rVLMYlIHJ8kjfzpFHctNxOq_xFKDHLUlsg&oe=627BA5C4&_nc_sid=1527a3', 'scans_profile': 'e35', 'estimated_scans_sizes': [24025, 48050, 72075, 96100, 120125, 134419, 171054, 194411, 216226]}}",üßòüèº‚Äç‚ôÇÔ∏è,,
30,1639218038,2726280966283587532_50344278754,8,False,False,0,,,16019159,https://www.instagram.com/p/CXVshgpPe_M/,"{'low_resolution': {'width': 480, 'height': 480, 'url': 'https://instagram.fotp3-3.fna.fbcdn.net/v/t51.2885-15/266681800_632864851391653_7312269298649710824_n.jpg?stp=dst-jpg_e35_s480x480&_nc_ht=instagram.fotp3-3.fna.fbcdn.net&_nc_cat=101&_nc_ohc=phEsDx67-VAAX_QLmN-&edm=ACWDqb8BAAAA&ccb=7-4&ig_cache_key=MjcyNjI4MDk2MjY1MTIyNDk0OA%3D%3D.2-ccb7-4&oh=00_AT_CWAIpVKHxvPQPUQVxdL4bkrrC23Ilsc-caWMM9Vu5Rw&oe=627C1D08&_nc_sid=1527a3', 'scans_profile': 'e35', 'estimated_scans_sizes': [3066, 6133, 9199, 12266, 15332, 19140, 247203, 27599, 27599]}, 'thumbnail': {'width': 480, 'height': 480, 'url': 'https://instagram.fotp3-3.fna.fbcdn.net/v/t51.2885-15/266681800_632864851391653_7312269298649710824_n.jpg?stp=dst-jpg_e35_s480x480&_nc_ht=instagram.fotp3-3.fna.fbcdn.net&_nc_cat=101&_nc_ohc=phEsDx67-VAAX_QLmN-&edm=ACWDqb8BAAAA&ccb=7-4&ig_cache_key=MjcyNjI4MDk2MjY1MTIyNDk0OA%3D%3D.2-ccb7-4&oh=00_AT_CWAIpVKHxvPQPUQVxdL4bkrrC23Ilsc-caWMM9Vu5Rw&oe=627C1D08&_nc_sid=1527a3', 'scans_profile': 'e35', 'estimated_scans_sizes': [3066, 6133, 9199, 12266, 15332, 19140, 247203, 27599, 27599]}, 'standard_resolution': {'width': 1084, 'height': 1084, 'url': 'https://instagram.fotp3-3.fna.fbcdn.net/v/t51.2885-15/266681800_632864851391653_7312269298649710824_n.jpg?se=7&stp=dst-jpg_e35&_nc_ht=instagram.fotp3-3.fna.fbcdn.net&_nc_cat=101&_nc_ohc=phEsDx67-VAAX_QLmN-&edm=ACWDqb8BAAAA&ccb=7-4&ig_cache_key=MjcyNjI4MDk2MjY1MTIyNDk0OA%3D%3D.2-ccb7-4&oh=00_AT8BU2pOQCBEssc8t4tb1MT8XQY2169eFV602YLG06B9Dg&oe=627C1D08&_nc_sid=1527a3', 'scans_profile': 'e35', 'estimated_scans_sizes': [6642, 13284, 19927, 26569, 33211, 40086, 48528, 54044, 59781]}}",2020,,
31,1639118272,2725443929322378128_50344278754,2,True,False,1,540.0,840.0,16366521,https://www.instagram.com/p/CXSuNBOgVOQ/,"{'low_resolution': {'width': 480, 'height': 747, 'url': 'https://instagram.fotp3-1.fna.fbcdn.net/v/t51.2885-15/265266443_4726508774035870_46647641179330092_n.jpg?stp=dst-jpg_e35_p480x480&_nc_ht=instagram.fotp3-1.fna.fbcdn.net&_nc_cat=1&_nc_ohc=dexT_WeBIQoAX9BokPK&edm=ACWDqb8BAAAA&ccb=7-4&ig_cache_key=MjcyNTQ0MzkyOTMyMjM3ODEyOA%3D%3D.2-ccb7-4&oh=00_AT-h77_togY3VEjFNIpBffK2wF_6e9I1hF7e9_QBO4qLpw&oe=627C658D&_nc_sid=1527a3', 'scans_profile': 'e35', 'estimated_scans_sizes': [5598, 11197, 16796, 22395, 27994, 34946, 451333, 50390, 50390]}, 'thumbnail': {'width': 480, 'height': 747, 'url': 'https://instagram.fotp3-1.fna.fbcdn.net/v/t51.2885-15/265266443_4726508774035870_46647641179330092_n.jpg?stp=dst-jpg_e35_p480x480&_nc_ht=instagram.fotp3-1.fna.fbcdn.net&_nc_cat=1&_nc_ohc=dexT_WeBIQoAX9BokPK&edm=ACWDqb8BAAAA&ccb=7-4&ig_cache_key=MjcyNTQ0MzkyOTMyMjM3ODEyOA%3D%3D.2-ccb7-4&oh=00_AT-h77_togY3VEjFNIpBffK2wF_6e9I1hF7e9_QBO4qLpw&oe=627C658D&_nc_sid=1527a3', 'scans_profile': 'e35', 'estimated_scans_sizes': [5598, 11197, 16796, 22395, 27994, 34946, 451333, 50390, 50390]}, 'standard_resolution': {'width': 480, 'height': 747, 'url': 'https://instagram.fotp3-1.fna.fbcdn.net/v/t51.2885-15/265266443_4726508774035870_46647641179330092_n.jpg?stp=dst-jpg_e35_p480x480&_nc_ht=instagram.fotp3-1.fna.fbcdn.net&_nc_cat=1&_nc_ohc=dexT_WeBIQoAX9BokPK&edm=ACWDqb8BAAAA&ccb=7-4&ig_cache_key=MjcyNTQ0MzkyOTMyMjM3ODEyOA%3D%3D.2-ccb7-4&oh=00_AT-h77_togY3VEjFNIpBffK2wF_6e9I1hF7e9_QBO4qLpw&oe=627C658D&_nc_sid=1527a3', 'scans_profile': 'e35', 'estimated_scans_sizes': [5598, 11197, 16796, 22395, 27994, 34946, 451333, 50390, 50390]}}",I think the mood is crazyü§† @harrystyles concertü•≥ with @abcdefghi__lmnopqrstuvwxyz @j.m @uarmyhope @lizzobeeating @sza,,
32,1639061416,2724967122080711434_50344278754,8,False,False,1,,,16375276,https://www.instagram.com/p/CXRByj4PUMK/,"{'low_resolution': {'width': 480, 'height': 320, 'url': 'https://instagram.fotp3-1.fna.fbcdn.net/v/t51.2885-15/264678574_247760914114262_4670794484185251884_n.jpg?stp=dst-jpg_e35_s480x480&_nc_ht=instagram.fotp3-1.fna.fbcdn.net&_nc_cat=1&_nc_ohc=fsC4vkxhb0MAX9rDcq4&edm=ACWDqb8BAAAA&ccb=7-4&ig_cache_key=MjcyNDk2NzExODU1NzY2ODMyOA%3D%3D.2-ccb7-4&oh=00_AT9AsU_7wh03U2egidXvg_4vYNWBVeFu0IvYnFmTway6zQ&oe=627D28B4&_nc_sid=1527a3', 'scans_profile': 'e35', 'estimated_scans_sizes': [3062, 6124, 9186, 12248, 15311, 18433, 531959, 27560, 27560]}, 'thumbnail': {'width': 480, 'height': 320, 'url': 'https://instagram.fotp3-1.fna.fbcdn.net/v/t51.2885-15/264678574_247760914114262_4670794484185251884_n.jpg?stp=dst-jpg_e35_s480x480&_nc_ht=instagram.fotp3-1.fna.fbcdn.net&_nc_cat=1&_nc_ohc=fsC4vkxhb0MAX9rDcq4&edm=ACWDqb8BAAAA&ccb=7-4&ig_cache_key=MjcyNDk2NzExODU1NzY2ODMyOA%3D%3D.2-ccb7-4&oh=00_AT9AsU_7wh03U2egidXvg_4vYNWBVeFu0IvYnFmTway6zQ&oe=627D28B4&_nc_sid=1527a3', 'scans_profile': 'e35', 'estimated_scans_sizes': [3062, 6124, 9186, 12248, 15311, 18433, 531959, 27560, 27560]}, 'standard_resolution': {'width': 1440, 'height': 960, 'url': 'https://instagram.fotp3-1.fna.fbcdn.net/v/t51.2885-15/264678574_247760914114262_4670794484185251884_n.jpg?se=7&stp=dst-jpg_e35&_nc_ht=instagram.fotp3-1.fna.fbcdn.net&_nc_cat=1&_nc_ohc=fsC4vkxhb0MAX9rDcq4&edm=ACWDqb8BAAAA&ccb=7-4&ig_cache_key=MjcyNDk2NzExODU1NzY2ODMyOA%3D%3D.2-ccb7-4&oh=00_AT-9hSpVT8oDuxUHtmNqodc7TjPO9SigfSFo6CjgBVe4fg&oe=627D28B4&_nc_sid=1527a3', 'scans_profile': 'e35', 'estimated_scans_sizes': [15134, 30268, 45402, 60536, 75671, 84675, 107753, 122466, 136208]}}",film,,
33,1639060930,2724963042004393923_50344278754,1,False,False,0,1440.0,960.0,13487865,https://www.instagram.com/p/CXRA3MAvV_D/,"{'low_resolution': {'width': 480, 'height': 320, 'url': 'https://instagram.fotp3-3.fna.fbcdn.net/v/t51.2885-15/266148801_298403338844005_1466150854333860665_n.jpg?stp=dst-jpg_e35_s480x480&_nc_ht=instagram.fotp3-3.fna.fbcdn.net&_nc_cat=101&_nc_ohc=iJPdAJGjqAIAX-juMdY&edm=ACWDqb8BAAAA&ccb=7-4&ig_cache_key=MjcyNDk2MzA0MjAwNDM5MzkyMw%3D%3D.2-ccb7-4&oh=00_AT9sUzA9eNc3mnNrA34vO-yk_yD9NaKz6HaktTKvrwGVcA&oe=627C4771&_nc_sid=1527a3', 'scans_profile': 'e35', 'estimated_scans_sizes': [3417, 6834, 10251, 13668, 17086, 20570, 593644, 30755, 30755]}, 'thumbnail': {'width': 480, 'height': 320, 'url': 'https://instagram.fotp3-3.fna.fbcdn.net/v/t51.2885-15/266148801_298403338844005_1466150854333860665_n.jpg?stp=dst-jpg_e35_s480x480&_nc_ht=instagram.fotp3-3.fna.fbcdn.net&_nc_cat=101&_nc_ohc=iJPdAJGjqAIAX-juMdY&edm=ACWDqb8BAAAA&ccb=7-4&ig_cache_key=MjcyNDk2MzA0MjAwNDM5MzkyMw%3D%3D.2-ccb7-4&oh=00_AT9sUzA9eNc3mnNrA34vO-yk_yD9NaKz6HaktTKvrwGVcA&oe=627C4771&_nc_sid=1527a3', 'scans_profile': 'e35', 'estimated_scans_sizes': [3417, 6834, 10251, 13668, 17086, 20570, 593644, 30755, 30755]}, 'standard_resolution': {'width': 1440, 'height': 960, 'url': 'https://instagram.fotp3-3.fna.fbcdn.net/v/t51.2885-15/266148801_298403338844005_1466150854333860665_n.jpg?se=7&stp=dst-jpg_e35&_nc_ht=instagram.fotp3-3.fna.fbcdn.net&_nc_cat=101&_nc_ohc=iJPdAJGjqAIAX-juMdY&edm=ACWDqb8BAAAA&ccb=7-4&ig_cache_key=MjcyNDk2MzA0MjAwNDM5MzkyMw%3D%3D.2-ccb7-4&oh=00_AT_8a7ozACZmEDK3cNYiLQU-n3nGkQH62wjbUKq8_TtWJA&oe=627C4771&_nc_sid=1527a3', 'scans_profile': 'e35', 'estimated_scans_sizes': [19688, 39376, 59065, 78753, 98442, 110156, 140178, 159319, 177196]}}",,,
34,1639060740,2724961448219366596_50344278754,1,False,False,0,1440.0,1440.0,13171238,https://www.instagram.com/p/CXRAf_rv9TE/,"{'low_resolution': {'width': 480, 'height': 480, 'url': 'https://instagram.fotp3-2.fna.fbcdn.net/v/t51.2885-15/264896755_662235748475769_773576930364928596_n.jpg?stp=dst-jpg_e35_s480x480&_nc_ht=instagram.fotp3-2.fna.fbcdn.net&_nc_cat=109&_nc_ohc=MINWPpXGUysAX9YLyi5&edm=ACWDqb8BAAAA&ccb=7-4&ig_cache_key=MjcyNDk2MTQ0ODIxOTM2NjU5Ng%3D%3D.2-ccb7-4&oh=00_AT9-xjhmYcwaZ6nXWetkJFsdwqfNC6RjTiuwZBlc-9Ljyw&oe=627D3B80&_nc_sid=1527a3', 'scans_profile': 'e35', 'estimated_scans_sizes': [3570, 7141, 10711, 14282, 17852, 21493, 620276, 32135, 32135]}, 'thumbnail': {'width': 480, 'height': 480, 'url': 'https://instagram.fotp3-2.fna.fbcdn.net/v/t51.2885-15/264896755_662235748475769_773576930364928596_n.jpg?stp=dst-jpg_e35_s480x480&_nc_ht=instagram.fotp3-2.fna.fbcdn.net&_nc_cat=109&_nc_ohc=MINWPpXGUysAX9YLyi5&edm=ACWDqb8BAAAA&ccb=7-4&ig_cache_key=MjcyNDk2MTQ0ODIxOTM2NjU5Ng%3D%3D.2-ccb7-4&oh=00_AT9-xjhmYcwaZ6nXWetkJFsdwqfNC6RjTiuwZBlc-9Ljyw&oe=627D3B80&_nc_sid=1527a3', 'scans_profile': 'e35', 'estimated_scans_sizes': [3570, 7141, 10711, 14282, 17852, 21493, 620276, 32135, 32135]}, 'standard_resolution': {'width': 1440, 'height': 1440, 'url': 'https://instagram.fotp3-2.fna.fbcdn.net/v/t51.2885-15/264896755_662235748475769_773576930364928596_n.jpg?se=7&stp=dst-jpg_e35&_nc_ht=instagram.fotp3-2.fna.fbcdn.net&_nc_cat=109&_nc_ohc=MINWPpXGUysAX9YLyi5&edm=ACWDqb8BAAAA&ccb=7-4&ig_cache_key=MjcyNDk2MTQ0ODIxOTM2NjU5Ng%3D%3D.2-ccb7-4&oh=00_AT9ZDtlcaipGrtsy-h4-7DsFQ-a7nnNUNhk7N-Ha1iaDcQ&oe=627D3B80&_nc_sid=1527a3', 'scans_profile': 'e35', 'estimated_scans_sizes': [13747, 27494, 41241, 54988, 68735, 76915, 97877, 111242, 123724]}}",üèäüèª‚Äç‚ôÇÔ∏è,,
35,1639059239,2724948861129763388_50344278754,1,False,False,2,1440.0,1800.0,14250056,https://www.instagram.com/p/CXQ9o1Cvqo8/,"{'low_resolution': {'width': 480, 'height': 600, 'url': 'https://instagram.fotp3-1.fna.fbcdn.net/v/t51.2885-15/264229534_874438736577394_9168267776858866056_n.jpg?stp=dst-jpg_e35_p480x480&_nc_ht=instagram.fotp3-1.fna.fbcdn.net&_nc_cat=110&_nc_ohc=NN8xSkklC04AX9d9V6H&edm=ACWDqb8BAAAA&ccb=7-4&ig_cache_key=MjcyNDk0ODg2MTEyOTc2MzM4OA%3D%3D.2-ccb7-4&oh=00_AT8CbyM6_Is-PWOVLjvExuMUGnEKbmYF7aOLlywxns1MOQ&oe=627C18A7&_nc_sid=1527a3', 'scans_profile': 'e35', 'estimated_scans_sizes': [5601, 11202, 16803, 22404, 28005, 34959, 451507, 50410, 50410]}, 'thumbnail': {'width': 480, 'height': 600, 'url': 'https://instagram.fotp3-1.fna.fbcdn.net/v/t51.2885-15/264229534_874438736577394_9168267776858866056_n.jpg?stp=dst-jpg_e35_p480x480&_nc_ht=instagram.fotp3-1.fna.fbcdn.net&_nc_cat=110&_nc_ohc=NN8xSkklC04AX9d9V6H&edm=ACWDqb8BAAAA&ccb=7-4&ig_cache_key=MjcyNDk0ODg2MTEyOTc2MzM4OA%3D%3D.2-ccb7-4&oh=00_AT8CbyM6_Is-PWOVLjvExuMUGnEKbmYF7aOLlywxns1MOQ&oe=627C18A7&_nc_sid=1527a3', 'scans_profile': 'e35', 'estimated_scans_sizes': [5601, 11202, 16803, 22404, 28005, 34959, 451507, 50410, 50410]}, 'standard_resolution': {'width': 1440, 'height': 1800, 'url': 'https://instagram.fotp3-1.fna.fbcdn.net/v/t51.2885-15/264229534_874438736577394_9168267776858866056_n.jpg?se=7&stp=dst-jpg_e35&_nc_ht=instagram.fotp3-1.fna.fbcdn.net&_nc_cat=110&_nc_ohc=NN8xSkklC04AX9d9V6H&edm=ACWDqb8BAAAA&ccb=7-4&ig_cache_key=MjcyNDk0ODg2MTEyOTc2MzM4OA%3D%3D.2-ccb7-4&oh=00_AT9l-5d3kQAA8CUoXpuN5Fl56iwWOyA_aQQuUHBd81A8sA&oe=627C18A7&_nc_sid=1527a3', 'scans_profile': 'e35', 'estimated_scans_sizes': [20527, 41054, 61581, 82108, 102636, 123882, 149969, 167015, 184745]}}",‚≠êxüå¥=üëè,,
36,1638943272,2723976059207760361_50344278754,8,False,False,0,,,18289430,https://www.instagram.com/p/CXNgcspvznp/,"{'low_resolution': {'width': 480, 'height': 480, 'url': 'https://instagram.fotp3-1.fna.fbcdn.net/v/t51.2885-15/264460826_233114698950578_3615739439583456006_n.jpg?stp=dst-jpg_e35_s480x480&_nc_ht=instagram.fotp3-1.fna.fbcdn.net&_nc_cat=1&_nc_ohc=SFOPGEEYlfkAX8kdFU2&edm=ACWDqb8BAAAA&ccb=7-4&ig_cache_key=MjcyMzk3NjA1NTU4Mzg5MTk2OQ%3D%3D.2-ccb7-4&oh=00_AT_Mnu9sphE6U7uHhD6YORYfcEFWnAkGXH-NznFNdtnJng&oe=627BE5B6&_nc_sid=1527a3', 'scans_profile': 'e35', 'estimated_scans_sizes': [4622, 9245, 13868, 18491, 23114, 28854, 372656, 41606, 41606]}, 'thumbnail': {'width': 480, 'height': 480, 'url': 'https://instagram.fotp3-1.fna.fbcdn.net/v/t51.2885-15/264460826_233114698950578_3615739439583456006_n.jpg?stp=dst-jpg_e35_s480x480&_nc_ht=instagram.fotp3-1.fna.fbcdn.net&_nc_cat=1&_nc_ohc=SFOPGEEYlfkAX8kdFU2&edm=ACWDqb8BAAAA&ccb=7-4&ig_cache_key=MjcyMzk3NjA1NTU4Mzg5MTk2OQ%3D%3D.2-ccb7-4&oh=00_AT_Mnu9sphE6U7uHhD6YORYfcEFWnAkGXH-NznFNdtnJng&oe=627BE5B6&_nc_sid=1527a3', 'scans_profile': 'e35', 'estimated_scans_sizes': [4622, 9245, 13868, 18491, 23114, 28854, 372656, 41606, 41606]}, 'standard_resolution': {'width': 1440, 'height': 1440, 'url': 'https://instagram.fotp3-1.fna.fbcdn.net/v/t51.2885-15/264460826_233114698950578_3615739439583456006_n.jpg?se=7&stp=dst-jpg_e35&_nc_ht=instagram.fotp3-1.fna.fbcdn.net&_nc_cat=1&_nc_ohc=SFOPGEEYlfkAX8kdFU2&edm=ACWDqb8BAAAA&ccb=7-4&ig_cache_key=MjcyMzk3NjA1NTU4Mzg5MTk2OQ%3D%3D.2-ccb7-4&oh=00_AT-NCqxIJPslSYPbK3l4-WEWaBUfceU09yNEpSH38Y14Jw&oe=627BE5B6&_nc_sid=1527a3', 'scans_profile': 'e35', 'estimated_scans_sizes': [17312, 34624, 51937, 69249, 86562, 104480, 126482, 140859, 155812]}}",Hi,,
37,1638860195,2723279160270975380_50344278754,8,False,False,1,,,19547120,https://www.instagram.com/p/CXLB_e8LPGU/,"{'low_resolution': {'width': 480, 'height': 600, 'url': 'https://instagram.fotp3-1.fna.fbcdn.net/v/t51.2885-15/263889870_588800235511066_7676064589943382292_n.jpg?stp=dst-jpg_e35_p480x480&_nc_ht=instagram.fotp3-1.fna.fbcdn.net&_nc_cat=110&_nc_ohc=cj-8BKLGbgMAX8KQ5pr&edm=ACWDqb8BAAAA&ccb=7-4&ig_cache_key=MjcyMzI3OTE1NDA2MzQ4Mjc4OA%3D%3D.2-ccb7-4&oh=00_AT-9LALCagghTEu_TkopBVf74eXM_8EVidX6YhB5iQAO2g&oe=627D0845&_nc_sid=1527a3', 'scans_profile': 'e35', 'estimated_scans_sizes': [4602, 9204, 13806, 18408, 23011, 28725, 370993, 41420, 41420]}, 'thumbnail': {'width': 480, 'height': 600, 'url': 'https://instagram.fotp3-1.fna.fbcdn.net/v/t51.2885-15/263889870_588800235511066_7676064589943382292_n.jpg?stp=dst-jpg_e35_p480x480&_nc_ht=instagram.fotp3-1.fna.fbcdn.net&_nc_cat=110&_nc_ohc=cj-8BKLGbgMAX8KQ5pr&edm=ACWDqb8BAAAA&ccb=7-4&ig_cache_key=MjcyMzI3OTE1NDA2MzQ4Mjc4OA%3D%3D.2-ccb7-4&oh=00_AT-9LALCagghTEu_TkopBVf74eXM_8EVidX6YhB5iQAO2g&oe=627D0845&_nc_sid=1527a3', 'scans_profile': 'e35', 'estimated_scans_sizes': [4602, 9204, 13806, 18408, 23011, 28725, 370993, 41420, 41420]}, 'standard_resolution': {'width': 1440, 'height': 1800, 'url': 'https://instagram.fotp3-1.fna.fbcdn.net/v/t51.2885-15/263889870_588800235511066_7676064589943382292_n.jpg?se=7&stp=dst-jpg_e35&_nc_ht=instagram.fotp3-1.fna.fbcdn.net&_nc_cat=110&_nc_ohc=cj-8BKLGbgMAX8KQ5pr&edm=ACWDqb8BAAAA&ccb=7-4&ig_cache_key=MjcyMzI3OTE1NDA2MzQ4Mjc4OA%3D%3D.2-ccb7-4&oh=00_AT9Yr6ja8Su9ppo2fh4JnQ0LzLHpCkGgH76wA_Z1CNTNmg&oe=627D0845&_nc_sid=1527a3', 'scans_profile': 'e35', 'estimated_scans_sizes': [15122, 30244, 45366, 60488, 75610, 91261, 110479, 123037, 136098]}}",tanüñ§,,
38,1638822801,2722965479055167851_50344278754,8,False,False,0,,,18325781,https://www.instagram.com/p/CXJ6q0ivBFr/,"{'low_resolution': {'width': 480, 'height': 480, 'url': 'https://instagram.fotp3-1.fna.fbcdn.net/v/t51.2885-15/263802825_206408508359602_7211013264343032955_n.jpg?stp=dst-jpg_e35_s480x480&_nc_ht=instagram.fotp3-1.fna.fbcdn.net&_nc_cat=110&_nc_ohc=gkHnCEHKga4AX8XjrCV&edm=ACWDqb8BAAAA&ccb=7-4&ig_cache_key=MjcyMjk2NTQ3NTI3MTk1NjQyMA%3D%3D.2-ccb7-4&oh=00_AT8AIUb6PZMUPA7j03OBeVdz0RPFVYH43RccWutypimldQ&oe=627C752F&_nc_sid=1527a3', 'scans_profile': 'e35', 'estimated_scans_sizes': [4095, 8191, 12287, 16383, 20479, 25565, 330175, 36863, 36863]}, 'thumbnail': {'width': 480, 'height': 480, 'url': 'https://instagram.fotp3-1.fna.fbcdn.net/v/t51.2885-15/263802825_206408508359602_7211013264343032955_n.jpg?stp=dst-jpg_e35_s480x480&_nc_ht=instagram.fotp3-1.fna.fbcdn.net&_nc_cat=110&_nc_ohc=gkHnCEHKga4AX8XjrCV&edm=ACWDqb8BAAAA&ccb=7-4&ig_cache_key=MjcyMjk2NTQ3NTI3MTk1NjQyMA%3D%3D.2-ccb7-4&oh=00_AT8AIUb6PZMUPA7j03OBeVdz0RPFVYH43RccWutypimldQ&oe=627C752F&_nc_sid=1527a3', 'scans_profile': 'e35', 'estimated_scans_sizes': [4095, 8191, 12287, 16383, 20479, 25565, 330175, 36863, 36863]}, 'standard_resolution': {'width': 1157, 'height': 1157, 'url': 'https://instagram.fotp3-1.fna.fbcdn.net/v/t51.2885-15/263802825_206408508359602_7211013264343032955_n.jpg?se=7&stp=dst-jpg_e35&_nc_ht=instagram.fotp3-1.fna.fbcdn.net&_nc_cat=110&_nc_ohc=gkHnCEHKga4AX8XjrCV&edm=ACWDqb8BAAAA&ccb=7-4&ig_cache_key=MjcyMjk2NTQ3NTI3MTk1NjQyMA%3D%3D.2-ccb7-4&oh=00_AT8D_m6yBPRB3HUPpDDf7x2ErHmDD44ivc6GTmxZ9yts6w&oe=627C752F&_nc_sid=1527a3', 'scans_profile': 'e35', 'estimated_scans_sizes': [11212, 22425, 33638, 44851, 56063, 67669, 81919, 91231, 100915]}}",üòó,,
39,1638787241,2722667179237745905_50344278754,8,False,False,0,,,18761820,https://www.instagram.com/p/CXI21_MFKTx/,"{'low_resolution': {'width': 480, 'height': 600, 'url': 'https://instagram.fotp3-1.fna.fbcdn.net/v/t51.2885-15/263618382_733421350948766_3184391981492661_n.jpg?stp=dst-jpg_e35_p480x480&_nc_ht=instagram.fotp3-1.fna.fbcdn.net&_nc_cat=1&_nc_ohc=uEJwSI3uKDMAX9BJbKh&edm=ACWDqb8BAAAA&ccb=7-4&ig_cache_key=MjcyMjY2NzE3NjM5NDE3NTA3NA%3D%3D.2-ccb7-4&oh=00_AT9EusmwQe8shQt7XEEI1U2P4loGktBJ2sdQljZey4m40g&oe=627CCCD7&_nc_sid=1527a3', 'scans_profile': 'e35', 'estimated_scans_sizes': [5402, 10804, 16206, 21608, 27010, 33717, 435461, 48618, 48618]}, 'thumbnail': {'width': 480, 'height': 600, 'url': 'https://instagram.fotp3-1.fna.fbcdn.net/v/t51.2885-15/263618382_733421350948766_3184391981492661_n.jpg?stp=dst-jpg_e35_p480x480&_nc_ht=instagram.fotp3-1.fna.fbcdn.net&_nc_cat=1&_nc_ohc=uEJwSI3uKDMAX9BJbKh&edm=ACWDqb8BAAAA&ccb=7-4&ig_cache_key=MjcyMjY2NzE3NjM5NDE3NTA3NA%3D%3D.2-ccb7-4&oh=00_AT9EusmwQe8shQt7XEEI1U2P4loGktBJ2sdQljZey4m40g&oe=627CCCD7&_nc_sid=1527a3', 'scans_profile': 'e35', 'estimated_scans_sizes': [5402, 10804, 16206, 21608, 27010, 33717, 435461, 48618, 48618]}, 'standard_resolution': {'width': 1440, 'height': 1800, 'url': 'https://instagram.fotp3-1.fna.fbcdn.net/v/t51.2885-15/263618382_733421350948766_3184391981492661_n.jpg?se=7&stp=dst-jpg_e35&_nc_ht=instagram.fotp3-1.fna.fbcdn.net&_nc_cat=1&_nc_ohc=uEJwSI3uKDMAX9BJbKh&edm=ACWDqb8BAAAA&ccb=7-4&ig_cache_key=MjcyMjY2NzE3NjM5NDE3NTA3NA%3D%3D.2-ccb7-4&oh=00_AT9WZ0kCwDv2QuBNwv8kZphfpOGwxIMVd6svxSxp4MRpBQ&oe=627CCCD7&_nc_sid=1527a3', 'scans_profile': 'e35', 'estimated_scans_sizes': [19403, 38806, 58210, 77613, 97017, 117099, 141758, 157872, 174631]}}",ü§ó,,
40,1638757410,2722416938311995849_50344278754,1,False,False,2,1440.0,1080.0,15079542,https://www.instagram.com/p/CXH98gKl9HJ/,"{'low_resolution': {'width': 480, 'height': 360, 'url': 'https://instagram.fotp3-1.fna.fbcdn.net/v/t51.2885-15/263746208_241788634716699_3862002709433054212_n.jpg?stp=dst-jpg_e35_s480x480&_nc_ht=instagram.fotp3-1.fna.fbcdn.net&_nc_cat=1&_nc_ohc=o168Z7Stgh4AX_P1ho0&edm=ACWDqb8BAAAA&ccb=7-4&ig_cache_key=MjcyMjQxNjkzODMxMTk5NTg0OQ%3D%3D.2-ccb7-4&oh=00_AT_3_KUNulcSlXHFY2-bPOF6hPqT3MKnyyF7LM4Kg-phWw&oe=627BA82B&_nc_sid=1527a3', 'scans_profile': 'e35', 'estimated_scans_sizes': [2004, 4008, 6012, 8016, 10021, 12509, 161562, 18038, 18038]}, 'thumbnail': {'width': 480, 'height': 360, 'url': 'https://instagram.fotp3-1.fna.fbcdn.net/v/t51.2885-15/263746208_241788634716699_3862002709433054212_n.jpg?stp=dst-jpg_e35_s480x480&_nc_ht=instagram.fotp3-1.fna.fbcdn.net&_nc_cat=1&_nc_ohc=o168Z7Stgh4AX_P1ho0&edm=ACWDqb8BAAAA&ccb=7-4&ig_cache_key=MjcyMjQxNjkzODMxMTk5NTg0OQ%3D%3D.2-ccb7-4&oh=00_AT_3_KUNulcSlXHFY2-bPOF6hPqT3MKnyyF7LM4Kg-phWw&oe=627BA82B&_nc_sid=1527a3', 'scans_profile': 'e35', 'estimated_scans_sizes': [2004, 4008, 6012, 8016, 10021, 12509, 161562, 18038, 18038]}, 'standard_resolution': {'width': 1440, 'height': 1080, 'url': 'https://instagram.fotp3-1.fna.fbcdn.net/v/t51.2885-15/263746208_241788634716699_3862002709433054212_n.jpg?se=7&stp=dst-jpg_e35&_nc_ht=instagram.fotp3-1.fna.fbcdn.net&_nc_cat=1&_nc_ohc=o168Z7Stgh4AX_P1ho0&edm=ACWDqb8BAAAA&ccb=7-4&ig_cache_key=MjcyMjQxNjkzODMxMTk5NTg0OQ%3D%3D.2-ccb7-4&oh=00_AT-LAR3pSpbMtPLHNheBZkz1_ayNiWLw1L8u4V8G-ERwSw&oe=627BA82B&_nc_sid=1527a3', 'scans_profile': 'e35', 'estimated_scans_sizes': [5564, 11129, 16694, 22258, 27823, 33582, 40654, 45275, 50082]}}",ÏïÑÍ∏∞Í≥µÎ£° ÎëòÎ¶¨,1.818342390715996e+16,
