,taken_at,id,media_type,is_unified_video,is_paid_partnership,next_max_id,comment_count,like_count,link,images,description,title,original_width,original_height
0,1651858206,2832314374145154349_8947681,8,False,False,1.801400694739928e+16,7257,702162,https://www.instagram.com/p/CdOZurDJ50t/,"{'low_resolution': {'width': 480, 'height': 600, 'url': 'https://instagram.fcnd1-1.fna.fbcdn.net/v/t51.2885-15/279867860_376811027735588_310487823090312166_n.jpg?stp=dst-jpg_e35_p480x480&_nc_ht=instagram.fcnd1-1.fna.fbcdn.net&_nc_cat=1&_nc_ohc=t45GhsCKHtAAX_N658X&edm=ACWDqb8BAAAA&ccb=7-4&ig_cache_key=MjgzMjMxNDM2ODk0NDIyMzQ1NQ%3D%3D.2-ccb7-4&oh=00_AT_eJFfSgPtU3WEj-KkAaox4Y5z-CMYHtJsVqffFowduYA&oe=62802A03&_nc_sid=1527a3', 'scans_profile': 'e35', 'estimated_scans_sizes': [5240, 10480, 15721, 20961, 26201, 31545, 910346, 47163, 47163]}, 'thumbnail': {'width': 480, 'height': 600, 'url': 'https://instagram.fcnd1-1.fna.fbcdn.net/v/t51.2885-15/279867860_376811027735588_310487823090312166_n.jpg?stp=dst-jpg_e35_p480x480&_nc_ht=instagram.fcnd1-1.fna.fbcdn.net&_nc_cat=1&_nc_ohc=t45GhsCKHtAAX_N658X&edm=ACWDqb8BAAAA&ccb=7-4&ig_cache_key=MjgzMjMxNDM2ODk0NDIyMzQ1NQ%3D%3D.2-ccb7-4&oh=00_AT_eJFfSgPtU3WEj-KkAaox4Y5z-CMYHtJsVqffFowduYA&oe=62802A03&_nc_sid=1527a3', 'scans_profile': 'e35', 'estimated_scans_sizes': [5240, 10480, 15721, 20961, 26201, 31545, 910346, 47163, 47163]}, 'standard_resolution': {'width': 1440, 'height': 1800, 'url': 'https://instagram.fcnd1-1.fna.fbcdn.net/v/t51.2885-15/279867860_376811027735588_310487823090312166_n.jpg?se=7&stp=dst-jpg_e35&_nc_ht=instagram.fcnd1-1.fna.fbcdn.net&_nc_cat=1&_nc_ohc=t45GhsCKHtAAX_N658X&edm=ACWDqb8BAAAA&ccb=7-4&ig_cache_key=MjgzMjMxNDM2ODk0NDIyMzQ1NQ%3D%3D.2-ccb7-4&oh=00_AT-xUQm9X7AwFmCmusC1Ag4ksfaojUaesrjN361Jz-ksHA&oe=62802A03&_nc_sid=1527a3', 'scans_profile': 'e35', 'estimated_scans_sizes': [26714, 53428, 80142, 106856, 133570, 149464, 190198, 216170, 240426]}}","You just do you, imma do me",,,
1,1651779753,2831655894345234214_8947681,2,True,False,1.7859728438733584e+16,3840,44914,https://www.instagram.com/p/CdMEAh8lrcm/,"{'low_resolution': {'width': 480, 'height': 480, 'url': 'https://instagram.fcnd1-1.fna.fbcdn.net/v/t51.2885-15/280025626_1456337538137162_5993409410637384711_n.jpg?stp=dst-jpg_e15_s480x480&_nc_ht=instagram.fcnd1-1.fna.fbcdn.net&_nc_cat=102&_nc_ohc=MxWc63hP084AX9DhD8W&edm=ACWDqb8BAAAA&ccb=7-4&ig_cache_key=MjgzMTY1NTg5NDM0NTIzNDIxNA%3D%3D.2-ccb7-4&oh=00_AT8OLPb-c8ap8xN4B3LGuoN6QcGjiPAdUH7YkbUskyMQZQ&oe=6280AF68&_nc_sid=1527a3', 'scans_profile': 'e15'}, 'thumbnail': {'width': 480, 'height': 480, 'url': 'https://instagram.fcnd1-1.fna.fbcdn.net/v/t51.2885-15/280025626_1456337538137162_5993409410637384711_n.jpg?stp=dst-jpg_e15_s480x480&_nc_ht=instagram.fcnd1-1.fna.fbcdn.net&_nc_cat=102&_nc_ohc=MxWc63hP084AX9DhD8W&edm=ACWDqb8BAAAA&ccb=7-4&ig_cache_key=MjgzMTY1NTg5NDM0NTIzNDIxNA%3D%3D.2-ccb7-4&oh=00_AT8OLPb-c8ap8xN4B3LGuoN6QcGjiPAdUH7YkbUskyMQZQ&oe=6280AF68&_nc_sid=1527a3', 'scans_profile': 'e15'}, 'standard_resolution': {'width': 480, 'height': 480, 'url': 'https://instagram.fcnd1-1.fna.fbcdn.net/v/t51.2885-15/280025626_1456337538137162_5993409410637384711_n.jpg?stp=dst-jpg_e15_s480x480&_nc_ht=instagram.fcnd1-1.fna.fbcdn.net&_nc_cat=102&_nc_ohc=MxWc63hP084AX9DhD8W&edm=ACWDqb8BAAAA&ccb=7-4&ig_cache_key=MjgzMTY1NTg5NDM0NTIzNDIxNA%3D%3D.2-ccb7-4&oh=00_AT8OLPb-c8ap8xN4B3LGuoN6QcGjiPAdUH7YkbUskyMQZQ&oe=6280AF68&_nc_sid=1527a3', 'scans_profile': 'e15'}}",Sheikh Talk drops tonight link in bio üé∂üé∂,,720.0,720.0
2,1651514452,2829430761783064275_8947681,8,False,False,1.7857472201740588e+16,7487,987233,https://www.instagram.com/p/CdEKElwpHbT/,"{'low_resolution': {'width': 480, 'height': 600, 'url': 'https://instagram.fcnd1-1.fna.fbcdn.net/v/t51.2885-15/279518644_146237224456365_5061454414162385159_n.jpg?stp=dst-jpg_e35_p480x480&_nc_ht=instagram.fcnd1-1.fna.fbcdn.net&_nc_cat=109&_nc_ohc=I3E03nrO3loAX8V27k1&edm=ACWDqb8BAAAA&ccb=7-4&ig_cache_key=MjgyOTQzMDc1NDYxMDgyMDA4Mw%3D%3D.2-ccb7-4&oh=00_AT9Z99fOJqfEC8Z0ueBohRuU-ET-VyikTbRKVhoNr04-mQ&oe=62803F8D&_nc_sid=1527a3', 'scans_profile': 'e35', 'estimated_scans_sizes': [6042, 12084, 18126, 24168, 30210, 36371, 1049613, 54378, 54378]}, 'thumbnail': {'width': 480, 'height': 600, 'url': 'https://instagram.fcnd1-1.fna.fbcdn.net/v/t51.2885-15/279518644_146237224456365_5061454414162385159_n.jpg?stp=dst-jpg_e35_p480x480&_nc_ht=instagram.fcnd1-1.fna.fbcdn.net&_nc_cat=109&_nc_ohc=I3E03nrO3loAX8V27k1&edm=ACWDqb8BAAAA&ccb=7-4&ig_cache_key=MjgyOTQzMDc1NDYxMDgyMDA4Mw%3D%3D.2-ccb7-4&oh=00_AT9Z99fOJqfEC8Z0ueBohRuU-ET-VyikTbRKVhoNr04-mQ&oe=62803F8D&_nc_sid=1527a3', 'scans_profile': 'e35', 'estimated_scans_sizes': [6042, 12084, 18126, 24168, 30210, 36371, 1049613, 54378, 54378]}, 'standard_resolution': {'width': 1440, 'height': 1800, 'url': 'https://instagram.fcnd1-1.fna.fbcdn.net/v/t51.2885-15/279518644_146237224456365_5061454414162385159_n.jpg?se=7&stp=dst-jpg_e35&_nc_ht=instagram.fcnd1-1.fna.fbcdn.net&_nc_cat=109&_nc_ohc=I3E03nrO3loAX8V27k1&edm=ACWDqb8BAAAA&ccb=7-4&ig_cache_key=MjgyOTQzMDc1NDYxMDgyMDA4Mw%3D%3D.2-ccb7-4&oh=00_AT_GndZOPLfSu8TjKuIgAkOp-Lgmo25ZUgr63-b7SRotOQ&oe=62803F8D&_nc_sid=1527a3', 'scans_profile': 'e35', 'estimated_scans_sizes': [37581, 75163, 112745, 150327, 187909, 210269, 267576, 304113, 338237]}}",Like a flintstone still make the bedrock‚Ä¶,,,
3,1650927497,2824507026745243908_8947681,8,False,False,1.7881671644607662e+16,11184,794496,https://www.instagram.com/p/Ccyqi0KvrkE/,"{'low_resolution': {'width': 480, 'height': 600, 'url': 'https://instagram.fcnd1-1.fna.fbcdn.net/v/t51.2885-15/279179862_1346808742468417_8235218936378829241_n.jpg?stp=dst-jpg_e35_p480x480&_nc_ht=instagram.fcnd1-1.fna.fbcdn.net&_nc_cat=1&_nc_ohc=CTl1yUv16ggAX-QrJGE&edm=ACWDqb8BAAAA&ccb=7-4&ig_cache_key=MjgyNDUwNzAyMTA5OTY2OTkwOA%3D%3D.2-ccb7-4&oh=00_AT9LYgbMK8GIUAZjLqbG-fnzzajq5WQIaWx-pd9ppIY_wA&oe=62802F1E&_nc_sid=1527a3', 'scans_profile': 'e35', 'estimated_scans_sizes': [5990, 11981, 17972, 23963, 29953, 36062, 1040705, 53917, 53917]}, 'thumbnail': {'width': 480, 'height': 600, 'url': 'https://instagram.fcnd1-1.fna.fbcdn.net/v/t51.2885-15/279179862_1346808742468417_8235218936378829241_n.jpg?stp=dst-jpg_e35_p480x480&_nc_ht=instagram.fcnd1-1.fna.fbcdn.net&_nc_cat=1&_nc_ohc=CTl1yUv16ggAX-QrJGE&edm=ACWDqb8BAAAA&ccb=7-4&ig_cache_key=MjgyNDUwNzAyMTA5OTY2OTkwOA%3D%3D.2-ccb7-4&oh=00_AT9LYgbMK8GIUAZjLqbG-fnzzajq5WQIaWx-pd9ppIY_wA&oe=62802F1E&_nc_sid=1527a3', 'scans_profile': 'e35', 'estimated_scans_sizes': [5990, 11981, 17972, 23963, 29953, 36062, 1040705, 53917, 53917]}, 'standard_resolution': {'width': 1440, 'height': 1800, 'url': 'https://instagram.fcnd1-1.fna.fbcdn.net/v/t51.2885-15/279179862_1346808742468417_8235218936378829241_n.jpg?se=7&stp=dst-jpg_e35&_nc_ht=instagram.fcnd1-1.fna.fbcdn.net&_nc_cat=1&_nc_ohc=CTl1yUv16ggAX-QrJGE&edm=ACWDqb8BAAAA&ccb=7-4&ig_cache_key=MjgyNDUwNzAyMTA5OTY2OTkwOA%3D%3D.2-ccb7-4&oh=00_AT8Cg3kd9_lr_MLQMAJ1AvM7xlTjay9Tb1gCR4gy4RyV1g&oe=62802F1E&_nc_sid=1527a3', 'scans_profile': 'e35', 'estimated_scans_sizes': [36821, 73643, 110464, 147286, 184107, 206015, 262163, 297961, 331394]}}",Don‚Äôt b complex it‚Äôs the simple things,,,
4,1650482512,2820774216670762080_8947681,8,False,False,1.7950371064855034e+16,15620,1209319,https://www.instagram.com/p/CclZzR4PdRg/,"{'low_resolution': {'width': 480, 'height': 597, 'url': 'https://instagram.fcnd1-1.fna.fbcdn.net/v/t51.2885-15/278750003_3054557424857010_8376982089163712611_n.jpg?stp=dst-jpg_e35_p480x480&_nc_ht=instagram.fcnd1-1.fna.fbcdn.net&_nc_cat=106&_nc_ohc=0fcrUrnYzakAX9KIwwn&edm=ACWDqb8BAAAA&ccb=7-4&ig_cache_key=MjgyMDc3NDIxMDg0MDgyMDcwNw%3D%3D.2-ccb7-4&oh=00_AT8Grq1x37BydxXAoXPfdb9vJfc1jhpVgiB-bQNasYc7Yg&oe=62809B71&_nc_sid=1527a3', 'scans_profile': 'e35', 'estimated_scans_sizes': [5797, 11595, 17393, 23191, 28988, 34900, 1007182, 52180, 52180]}, 'thumbnail': {'width': 480, 'height': 597, 'url': 'https://instagram.fcnd1-1.fna.fbcdn.net/v/t51.2885-15/278750003_3054557424857010_8376982089163712611_n.jpg?stp=dst-jpg_e35_p480x480&_nc_ht=instagram.fcnd1-1.fna.fbcdn.net&_nc_cat=106&_nc_ohc=0fcrUrnYzakAX9KIwwn&edm=ACWDqb8BAAAA&ccb=7-4&ig_cache_key=MjgyMDc3NDIxMDg0MDgyMDcwNw%3D%3D.2-ccb7-4&oh=00_AT8Grq1x37BydxXAoXPfdb9vJfc1jhpVgiB-bQNasYc7Yg&oe=62809B71&_nc_sid=1527a3', 'scans_profile': 'e35', 'estimated_scans_sizes': [5797, 11595, 17393, 23191, 28988, 34900, 1007182, 52180, 52180]}, 'standard_resolution': {'width': 1440, 'height': 1792, 'url': 'https://instagram.fcnd1-1.fna.fbcdn.net/v/t51.2885-15/278750003_3054557424857010_8376982089163712611_n.jpg?se=7&stp=dst-jpg_e35&_nc_ht=instagram.fcnd1-1.fna.fbcdn.net&_nc_cat=106&_nc_ohc=0fcrUrnYzakAX9KIwwn&edm=ACWDqb8BAAAA&ccb=7-4&ig_cache_key=MjgyMDc3NDIxMDg0MDgyMDcwNw%3D%3D.2-ccb7-4&oh=00_AT_2JIxSuyp-n5I5_heHWfMO9_iOw5l6Fz6wxbI8CUW7WA&oe=62809B71&_nc_sid=1527a3', 'scans_profile': 'e35', 'estimated_scans_sizes': [34249, 68498, 102747, 136996, 171245, 191622, 243847, 277144, 308242]}}",@galore üìó ‚ÄºÔ∏èüìàüî•,,,
5,1650300849,2819250318249185759_8947681,8,False,False,1.7936233112100788e+16,5798,1083922,https://www.instagram.com/p/Ccf_To4JlHf/,"{'low_resolution': {'width': 480, 'height': 600, 'url': 'https://instagram.fcnd1-1.fna.fbcdn.net/v/t51.2885-15/278445895_3135434290001650_6670987832931750053_n.jpg?stp=dst-jpg_e35_p480x480&_nc_ht=instagram.fcnd1-1.fna.fbcdn.net&_nc_cat=110&_nc_ohc=koyz0GJdz1EAX-jP3yd&edm=ACWDqb8BAAAA&ccb=7-4&ig_cache_key=MjgxOTI1MDMxMzQ1MDk5MjcyNQ%3D%3D.2-ccb7-4&oh=00_AT_5vHZ8OGD26v9gbta5bGImayjfH486s_SkDkYM15LcKQ&oe=6280C3E7&_nc_sid=1527a3', 'scans_profile': 'e35', 'estimated_scans_sizes': [6332, 12665, 18998, 25331, 31664, 38122, 1100144, 56996, 56996]}, 'thumbnail': {'width': 480, 'height': 600, 'url': 'https://instagram.fcnd1-1.fna.fbcdn.net/v/t51.2885-15/278445895_3135434290001650_6670987832931750053_n.jpg?stp=dst-jpg_e35_p480x480&_nc_ht=instagram.fcnd1-1.fna.fbcdn.net&_nc_cat=110&_nc_ohc=koyz0GJdz1EAX-jP3yd&edm=ACWDqb8BAAAA&ccb=7-4&ig_cache_key=MjgxOTI1MDMxMzQ1MDk5MjcyNQ%3D%3D.2-ccb7-4&oh=00_AT_5vHZ8OGD26v9gbta5bGImayjfH486s_SkDkYM15LcKQ&oe=6280C3E7&_nc_sid=1527a3', 'scans_profile': 'e35', 'estimated_scans_sizes': [6332, 12665, 18998, 25331, 31664, 38122, 1100144, 56996, 56996]}, 'standard_resolution': {'width': 1440, 'height': 1800, 'url': 'https://instagram.fcnd1-1.fna.fbcdn.net/v/t51.2885-15/278445895_3135434290001650_6670987832931750053_n.jpg?se=7&stp=dst-jpg_e35&_nc_ht=instagram.fcnd1-1.fna.fbcdn.net&_nc_cat=110&_nc_ohc=koyz0GJdz1EAX-jP3yd&edm=ACWDqb8BAAAA&ccb=7-4&ig_cache_key=MjgxOTI1MDMxMzQ1MDk5MjcyNQ%3D%3D.2-ccb7-4&oh=00_AT_yNNFiRx_75bxeYgrm5oDII77GFLe9qeejm-g8XmJ_Mw&oe=6280C3E7&_nc_sid=1527a3', 'scans_profile': 'e35', 'estimated_scans_sizes': [42067, 84134, 126201, 168268, 210335, 235364, 299510, 340407, 378604]}}",„Ä∞Ô∏è #Dochella „Ä∞Ô∏è,,,
6,1649700371,2814213145776434866_8947681,8,False,False,1.79313118580348e+16,10988,972061,https://www.instagram.com/p/CcOF_IcPS6y/,"{'low_resolution': {'width': 480, 'height': 597, 'url': 'https://instagram.fcnd1-1.fna.fbcdn.net/v/t51.2885-15/278163911_937375656927505_4754701946943698225_n.jpg?stp=dst-jpg_e35_p480x480&_nc_ht=instagram.fcnd1-1.fna.fbcdn.net&_nc_cat=101&_nc_ohc=SQeIedAkr28AX-CbwQ1&edm=ACWDqb8BAAAA&ccb=7-4&ig_cache_key=MjgxNDIxMzE0MTgyNTMzODQ1OA%3D%3D.2-ccb7-4&oh=00_AT9UtIiGl5MMVtmvs-2JFpF9FpubbgJ-8BzuGsVmMaHNHQ&oe=62807499&_nc_sid=1527a3', 'scans_profile': 'e35', 'estimated_scans_sizes': [6843, 13686, 20530, 27373, 34216, 41194, 1188806, 61590, 61590]}, 'thumbnail': {'width': 480, 'height': 597, 'url': 'https://instagram.fcnd1-1.fna.fbcdn.net/v/t51.2885-15/278163911_937375656927505_4754701946943698225_n.jpg?stp=dst-jpg_e35_p480x480&_nc_ht=instagram.fcnd1-1.fna.fbcdn.net&_nc_cat=101&_nc_ohc=SQeIedAkr28AX-CbwQ1&edm=ACWDqb8BAAAA&ccb=7-4&ig_cache_key=MjgxNDIxMzE0MTgyNTMzODQ1OA%3D%3D.2-ccb7-4&oh=00_AT9UtIiGl5MMVtmvs-2JFpF9FpubbgJ-8BzuGsVmMaHNHQ&oe=62807499&_nc_sid=1527a3', 'scans_profile': 'e35', 'estimated_scans_sizes': [6843, 13686, 20530, 27373, 34216, 41194, 1188806, 61590, 61590]}, 'standard_resolution': {'width': 1440, 'height': 1792, 'url': 'https://instagram.fcnd1-1.fna.fbcdn.net/v/t51.2885-15/278163911_937375656927505_4754701946943698225_n.jpg?se=7&stp=dst-jpg_e35&_nc_ht=instagram.fcnd1-1.fna.fbcdn.net&_nc_cat=101&_nc_ohc=SQeIedAkr28AX-CbwQ1&edm=ACWDqb8BAAAA&ccb=7-4&ig_cache_key=MjgxNDIxMzE0MTgyNTMzODQ1OA%3D%3D.2-ccb7-4&oh=00_AT-in21gSkrnqTJFyhkxhUqwBpCxcRfmw6ZWsWjgLkVpxA&oe=62807499&_nc_sid=1527a3', 'scans_profile': 'e35', 'estimated_scans_sizes': [50968, 101936, 152904, 203872, 254841, 285165, 362884, 412435, 458714]}}",1 week away „Ä∞Ô∏è wavy babies „Ä∞Ô∏è download the @mschfsneakers app to get them first April 18‚ÄºÔ∏èüçÑ tag a friend who wants them‚Ä¶,,,
7,1649536388,2812837556343773560_8947681,8,False,False,1.7930143268284254e+16,15817,958567,https://www.instagram.com/p/CcJNNq8v5l4/,"{'low_resolution': {'width': 480, 'height': 600, 'url': 'https://instagram.fcnd1-1.fna.fbcdn.net/v/t51.2885-15/278139517_684044699387260_4527337466438330687_n.jpg?stp=dst-jpg_e35_p480x480&_nc_ht=instagram.fcnd1-1.fna.fbcdn.net&_nc_cat=104&_nc_ohc=hqkGJHNauBcAX-rzbCh&edm=ACWDqb8BAAAA&ccb=7-4&ig_cache_key=MjgxMjgzNzU1MjQ1MTM1NjIyMw%3D%3D.2-ccb7-4&oh=00_AT9voAWcH_4waOXGzhFK1oBOVTkNJ1NneJIwcwfCUylRRA&oe=62809A16&_nc_sid=1527a3', 'scans_profile': 'e35', 'estimated_scans_sizes': [5527, 11054, 16582, 22109, 27636, 33272, 960195, 49746, 49746]}, 'thumbnail': {'width': 480, 'height': 600, 'url': 'https://instagram.fcnd1-1.fna.fbcdn.net/v/t51.2885-15/278139517_684044699387260_4527337466438330687_n.jpg?stp=dst-jpg_e35_p480x480&_nc_ht=instagram.fcnd1-1.fna.fbcdn.net&_nc_cat=104&_nc_ohc=hqkGJHNauBcAX-rzbCh&edm=ACWDqb8BAAAA&ccb=7-4&ig_cache_key=MjgxMjgzNzU1MjQ1MTM1NjIyMw%3D%3D.2-ccb7-4&oh=00_AT9voAWcH_4waOXGzhFK1oBOVTkNJ1NneJIwcwfCUylRRA&oe=62809A16&_nc_sid=1527a3', 'scans_profile': 'e35', 'estimated_scans_sizes': [5527, 11054, 16582, 22109, 27636, 33272, 960195, 49746, 49746]}, 'standard_resolution': {'width': 1440, 'height': 1800, 'url': 'https://instagram.fcnd1-1.fna.fbcdn.net/v/t51.2885-15/278139517_684044699387260_4527337466438330687_n.jpg?se=7&stp=dst-jpg_e35&_nc_ht=instagram.fcnd1-1.fna.fbcdn.net&_nc_cat=104&_nc_ohc=hqkGJHNauBcAX-rzbCh&edm=ACWDqb8BAAAA&ccb=7-4&ig_cache_key=MjgxMjgzNzU1MjQ1MTM1NjIyMw%3D%3D.2-ccb7-4&oh=00_AT-0dxdd_ZQv6Hr8ZhmlzORW9KC7qfkxQzO4PxRJ--6pGw&oe=62809A16&_nc_sid=1527a3', 'scans_profile': 'e35', 'estimated_scans_sizes': [30356, 60713, 91070, 121426, 151783, 169844, 216134, 245647, 273210]}}",A day for the books,,,
8,1649265940,2810568820541124934_8947681,2,True,False,1.7944434106799264e+16,5584,142938,https://www.instagram.com/p/CcBJXOFJHFG/,"{'low_resolution': {'width': 480, 'height': 480, 'url': 'https://instagram.fcnd1-1.fna.fbcdn.net/v/t51.2885-15/277898574_116994680950197_3317841426996733268_n.jpg?stp=dst-jpg_e15_s480x480&_nc_ht=instagram.fcnd1-1.fna.fbcdn.net&_nc_cat=109&_nc_ohc=SdT5mmvHzykAX-bozjw&edm=ACWDqb8BAAAA&ccb=7-4&ig_cache_key=MjgxMDU2ODgyMDU0MTEyNDkzNA%3D%3D.2-ccb7-4&oh=00_AT_SOk24LtGj45RpbnxsZqE0076CP76nDfhLKog4BRJklw&oe=62801462&_nc_sid=1527a3', 'scans_profile': 'e15'}, 'thumbnail': {'width': 480, 'height': 480, 'url': 'https://instagram.fcnd1-1.fna.fbcdn.net/v/t51.2885-15/277898574_116994680950197_3317841426996733268_n.jpg?stp=dst-jpg_e15_s480x480&_nc_ht=instagram.fcnd1-1.fna.fbcdn.net&_nc_cat=109&_nc_ohc=SdT5mmvHzykAX-bozjw&edm=ACWDqb8BAAAA&ccb=7-4&ig_cache_key=MjgxMDU2ODgyMDU0MTEyNDkzNA%3D%3D.2-ccb7-4&oh=00_AT_SOk24LtGj45RpbnxsZqE0076CP76nDfhLKog4BRJklw&oe=62801462&_nc_sid=1527a3', 'scans_profile': 'e15'}, 'standard_resolution': {'width': 480, 'height': 480, 'url': 'https://instagram.fcnd1-1.fna.fbcdn.net/v/t51.2885-15/277898574_116994680950197_3317841426996733268_n.jpg?stp=dst-jpg_e15_s480x480&_nc_ht=instagram.fcnd1-1.fna.fbcdn.net&_nc_cat=109&_nc_ohc=SdT5mmvHzykAX-bozjw&edm=ACWDqb8BAAAA&ccb=7-4&ig_cache_key=MjgxMDU2ODgyMDU0MTEyNDkzNA%3D%3D.2-ccb7-4&oh=00_AT_SOk24LtGj45RpbnxsZqE0076CP76nDfhLKog4BRJklw&oe=62801462&_nc_sid=1527a3', 'scans_profile': 'e15'}}","üëü MSCHF x Tyga ""Wavy Baby""
üí∞ $220
üìÜ April 18th at Noon
üîó WAVYBABY.COM Link in bio",,720.0,720.0
9,1649100818,2809183733033091432_8947681,8,False,False,1.8030471526354864e+16,13734,1144010,https://www.instagram.com/p/Cb8Obi0PkFo/,"{'low_resolution': {'width': 480, 'height': 480, 'url': 'https://instagram.fcnd1-1.fna.fbcdn.net/v/t51.2885-15/277837978_378221894172422_7063611345505894394_n.jpg?stp=dst-jpg_e35_s480x480&_nc_ht=instagram.fcnd1-1.fna.fbcdn.net&_nc_cat=102&_nc_ohc=wgI7-rjGXc8AX9lARnn&edm=ACWDqb8BAAAA&ccb=7-4&ig_cache_key=MjgwOTE4MzcyODQ5NDgzOTE5OQ%3D%3D.2-ccb7-4&oh=00_AT_xSEaMEPnHQiJtbACl6PK_21DP2n5oVvA9pVIOJb-DBA&oe=627F70A7&_nc_sid=1527a3', 'scans_profile': 'e35', 'estimated_scans_sizes': [3591, 7183, 10774, 14366, 17957, 21619, 623914, 32324, 32324]}, 'thumbnail': {'width': 480, 'height': 480, 'url': 'https://instagram.fcnd1-1.fna.fbcdn.net/v/t51.2885-15/277837978_378221894172422_7063611345505894394_n.jpg?stp=dst-jpg_e35_s480x480&_nc_ht=instagram.fcnd1-1.fna.fbcdn.net&_nc_cat=102&_nc_ohc=wgI7-rjGXc8AX9lARnn&edm=ACWDqb8BAAAA&ccb=7-4&ig_cache_key=MjgwOTE4MzcyODQ5NDgzOTE5OQ%3D%3D.2-ccb7-4&oh=00_AT_xSEaMEPnHQiJtbACl6PK_21DP2n5oVvA9pVIOJb-DBA&oe=627F70A7&_nc_sid=1527a3', 'scans_profile': 'e35', 'estimated_scans_sizes': [3591, 7183, 10774, 14366, 17957, 21619, 623914, 32324, 32324]}, 'standard_resolution': {'width': 1440, 'height': 1440, 'url': 'https://instagram.fcnd1-1.fna.fbcdn.net/v/t51.2885-15/277837978_378221894172422_7063611345505894394_n.jpg?se=7&stp=dst-jpg_e35&_nc_ht=instagram.fcnd1-1.fna.fbcdn.net&_nc_cat=102&_nc_ohc=wgI7-rjGXc8AX9lARnn&edm=ACWDqb8BAAAA&ccb=7-4&ig_cache_key=MjgwOTE4MzcyODQ5NDgzOTE5OQ%3D%3D.2-ccb7-4&oh=00_AT8g6sar_UbH9ZRy9Maa18msBa8LxibYFMyN6_hvYyCneg&oe=627F70A7&_nc_sid=1527a3', 'scans_profile': 'e35', 'estimated_scans_sizes': [13941, 27882, 41823, 55764, 69706, 78001, 99259, 112813, 125471]}}",-wÃ∂AÃ∂VÃ∂VÃ∂yÃ∂ Ã∂BÃ∂aÃ∂bÃ∂YÃ∂SÃ∂SÃ∂sÃ∂SÃ∂ Ã∂LÃ∂oÃ∂aÃ∂dÃ∂iÃ∂nÃ∂gÃ∂‚Ä¶Ã∂‚Ä¶Ã∂,,,
10,1647973841,2799729966676015472_8947681,8,False,False,1.827533668306839e+16,15675,1174064,https://www.instagram.com/p/Cbao5IyvXlw/,"{'low_resolution': {'width': 480, 'height': 600, 'url': 'https://instagram.fcnd1-1.fna.fbcdn.net/v/t51.2885-15/276139818_1411751739270022_3571335221476523040_n.jpg?stp=dst-jpg_e35_p480x480&_nc_ht=instagram.fcnd1-1.fna.fbcdn.net&_nc_cat=110&_nc_ohc=7GAcULjA7ZMAX-w2rt_&edm=ACWDqb8BAAAA&ccb=7-4&ig_cache_key=Mjc5OTcyOTk1OTgxNDA5MzQyMg%3D%3D.2-ccb7-4&oh=00_AT-Y9DzQNMMMaRW2aaBflVqSKlpeWREjMqOkdZNhmGr0Sg&oe=627FC4A0&_nc_sid=1527a3', 'scans_profile': 'e35', 'estimated_scans_sizes': [7394, 14788, 22182, 29576, 36970, 44510, 1284497, 66547, 66547]}, 'thumbnail': {'width': 480, 'height': 600, 'url': 'https://instagram.fcnd1-1.fna.fbcdn.net/v/t51.2885-15/276139818_1411751739270022_3571335221476523040_n.jpg?stp=dst-jpg_e35_p480x480&_nc_ht=instagram.fcnd1-1.fna.fbcdn.net&_nc_cat=110&_nc_ohc=7GAcULjA7ZMAX-w2rt_&edm=ACWDqb8BAAAA&ccb=7-4&ig_cache_key=Mjc5OTcyOTk1OTgxNDA5MzQyMg%3D%3D.2-ccb7-4&oh=00_AT-Y9DzQNMMMaRW2aaBflVqSKlpeWREjMqOkdZNhmGr0Sg&oe=627FC4A0&_nc_sid=1527a3', 'scans_profile': 'e35', 'estimated_scans_sizes': [7394, 14788, 22182, 29576, 36970, 44510, 1284497, 66547, 66547]}, 'standard_resolution': {'width': 1440, 'height': 1800, 'url': 'https://instagram.fcnd1-1.fna.fbcdn.net/v/t51.2885-15/276139818_1411751739270022_3571335221476523040_n.jpg?se=7&stp=dst-jpg_e35&_nc_ht=instagram.fcnd1-1.fna.fbcdn.net&_nc_cat=110&_nc_ohc=7GAcULjA7ZMAX-w2rt_&edm=ACWDqb8BAAAA&ccb=7-4&ig_cache_key=Mjc5OTcyOTk1OTgxNDA5MzQyMg%3D%3D.2-ccb7-4&oh=00_AT9dhAVx0TPq5ziXBcbq1r4btohkfKpg4orHOC05EVANrg&oe=627FC4A0&_nc_sid=1527a3', 'scans_profile': 'e35', 'estimated_scans_sizes': [60992, 121984, 182977, 243969, 304962, 341250, 434255, 493552, 548932]}}",It ain‚Äôt many like me I was blessed w it‚Ä¶.Got that shit by any means we finessing it,,,
11,1646947587,2791120486717105799_8947681,2,True,False,1.8152316571240456e+16,8948,163510,https://www.instagram.com/p/Ca8DUtwFqaH/,"{'low_resolution': {'width': 480, 'height': 853, 'url': 'https://instagram.fcnd1-1.fna.fbcdn.net/v/t51.2885-15/275611789_513407610167288_2989860874866495797_n.jpg?stp=dst-jpg_e15_p480x480&_nc_ht=instagram.fcnd1-1.fna.fbcdn.net&_nc_cat=108&_nc_ohc=oqa1WXDMJcoAX8SEXK7&edm=ACWDqb8BAAAA&ccb=7-4&ig_cache_key=Mjc5MTEyMDQ4NjcxNzEwNTc5OQ%3D%3D.2-ccb7-4&oh=00_AT94IQf3eJKNElYMQPHmmfptf90VqeNpvPmC4aSBHbx-xw&oe=628002B4&_nc_sid=1527a3', 'scans_profile': 'e15'}, 'thumbnail': {'width': 480, 'height': 853, 'url': 'https://instagram.fcnd1-1.fna.fbcdn.net/v/t51.2885-15/275611789_513407610167288_2989860874866495797_n.jpg?stp=dst-jpg_e15_p480x480&_nc_ht=instagram.fcnd1-1.fna.fbcdn.net&_nc_cat=108&_nc_ohc=oqa1WXDMJcoAX8SEXK7&edm=ACWDqb8BAAAA&ccb=7-4&ig_cache_key=Mjc5MTEyMDQ4NjcxNzEwNTc5OQ%3D%3D.2-ccb7-4&oh=00_AT94IQf3eJKNElYMQPHmmfptf90VqeNpvPmC4aSBHbx-xw&oe=628002B4&_nc_sid=1527a3', 'scans_profile': 'e15'}, 'standard_resolution': {'width': 480, 'height': 853, 'url': 'https://instagram.fcnd1-1.fna.fbcdn.net/v/t51.2885-15/275611789_513407610167288_2989860874866495797_n.jpg?stp=dst-jpg_e15_p480x480&_nc_ht=instagram.fcnd1-1.fna.fbcdn.net&_nc_cat=108&_nc_ohc=oqa1WXDMJcoAX8SEXK7&edm=ACWDqb8BAAAA&ccb=7-4&ig_cache_key=Mjc5MTEyMDQ4NjcxNzEwNTc5OQ%3D%3D.2-ccb7-4&oh=00_AT94IQf3eJKNElYMQPHmmfptf90VqeNpvPmC4aSBHbx-xw&oe=628002B4&_nc_sid=1527a3', 'scans_profile': 'e15'}}",,,720.0,1280.0
12,1646076388,2783812971740943204_8947681,8,False,False,1.8008709742384956e+16,10775,1119556,https://www.instagram.com/p/CaiFyYFvlNk/,"{'low_resolution': {'width': 480, 'height': 600, 'url': 'https://instagram.fcnd1-1.fna.fbcdn.net/v/t51.2885-15/274811888_437695518044686_4665841879513391726_n.jpg?stp=dst-jpg_e35_p480x480&_nc_ht=instagram.fcnd1-1.fna.fbcdn.net&_nc_cat=110&_nc_ohc=kN2B1L-MfCYAX8wP2ls&edm=ACWDqb8BAAAA&ccb=7-4&ig_cache_key=Mjc4MzgxMjk2NjEwMzY3NTEwOA%3D%3D.2-ccb7-4&oh=00_AT9066eVa5dtw341TcGkrzBOr3BAaex0X7sGGSfKBwSR5g&oe=627F38CE&_nc_sid=1527a3', 'scans_profile': 'e35', 'estimated_scans_sizes': [5907, 11814, 17721, 23628, 29536, 35559, 1026198, 53165, 53165]}, 'thumbnail': {'width': 480, 'height': 600, 'url': 'https://instagram.fcnd1-1.fna.fbcdn.net/v/t51.2885-15/274811888_437695518044686_4665841879513391726_n.jpg?stp=dst-jpg_e35_p480x480&_nc_ht=instagram.fcnd1-1.fna.fbcdn.net&_nc_cat=110&_nc_ohc=kN2B1L-MfCYAX8wP2ls&edm=ACWDqb8BAAAA&ccb=7-4&ig_cache_key=Mjc4MzgxMjk2NjEwMzY3NTEwOA%3D%3D.2-ccb7-4&oh=00_AT9066eVa5dtw341TcGkrzBOr3BAaex0X7sGGSfKBwSR5g&oe=627F38CE&_nc_sid=1527a3', 'scans_profile': 'e35', 'estimated_scans_sizes': [5907, 11814, 17721, 23628, 29536, 35559, 1026198, 53165, 53165]}, 'standard_resolution': {'width': 1440, 'height': 1800, 'url': 'https://instagram.fcnd1-1.fna.fbcdn.net/v/t51.2885-15/274811888_437695518044686_4665841879513391726_n.jpg?se=7&stp=dst-jpg_e35&_nc_ht=instagram.fcnd1-1.fna.fbcdn.net&_nc_cat=110&_nc_ohc=kN2B1L-MfCYAX8wP2ls&edm=ACWDqb8BAAAA&ccb=7-4&ig_cache_key=Mjc4MzgxMjk2NjEwMzY3NTEwOA%3D%3D.2-ccb7-4&oh=00_AT8Q5Noa6cXoTU540ReemaheGstsjWazM4qYyKpOoRFoMQ&oe=627F38CE&_nc_sid=1527a3', 'scans_profile': 'e35', 'estimated_scans_sizes': [35602, 71205, 106808, 142411, 178013, 199196, 253485, 288098, 320425]}}",Freak Deaky üëπ,,,
13,1644442086,2770103458257685627_8947681,8,False,False,1.803672628632434e+16,11135,992789,https://www.instagram.com/p/CZxYmssh8x7/,"{'low_resolution': {'width': 480, 'height': 600, 'url': 'https://instagram.fcnd1-1.fna.fbcdn.net/v/t51.2885-15/272111888_1719363311728089_915816803246937991_n.jpg?stp=dst-jpg_e35_p480x480&_nc_ht=instagram.fcnd1-1.fna.fbcdn.net&_nc_cat=109&_nc_ohc=9aFHO7kMZV0AX_xnaEH&edm=ACWDqb8BAAAA&ccb=7-4&ig_cache_key=Mjc3MDEwMzQ1MzI5OTkzNzIwMA%3D%3D.2-ccb7-4&oh=00_AT_IsDB-aM-aCMC1SEcmt87Zl8Y-CiOoGWphrfcsoFIj2w&oe=62805BAB&_nc_sid=1527a3', 'scans_profile': 'e35', 'estimated_scans_sizes': [6361, 12723, 19085, 25447, 31809, 38296, 1105166, 57257, 57257]}, 'thumbnail': {'width': 480, 'height': 600, 'url': 'https://instagram.fcnd1-1.fna.fbcdn.net/v/t51.2885-15/272111888_1719363311728089_915816803246937991_n.jpg?stp=dst-jpg_e35_p480x480&_nc_ht=instagram.fcnd1-1.fna.fbcdn.net&_nc_cat=109&_nc_ohc=9aFHO7kMZV0AX_xnaEH&edm=ACWDqb8BAAAA&ccb=7-4&ig_cache_key=Mjc3MDEwMzQ1MzI5OTkzNzIwMA%3D%3D.2-ccb7-4&oh=00_AT_IsDB-aM-aCMC1SEcmt87Zl8Y-CiOoGWphrfcsoFIj2w&oe=62805BAB&_nc_sid=1527a3', 'scans_profile': 'e35', 'estimated_scans_sizes': [6361, 12723, 19085, 25447, 31809, 38296, 1105166, 57257, 57257]}, 'standard_resolution': {'width': 1440, 'height': 1800, 'url': 'https://instagram.fcnd1-1.fna.fbcdn.net/v/t51.2885-15/272111888_1719363311728089_915816803246937991_n.jpg?se=7&stp=dst-jpg_e35&_nc_ht=instagram.fcnd1-1.fna.fbcdn.net&_nc_cat=109&_nc_ohc=9aFHO7kMZV0AX_xnaEH&edm=ACWDqb8BAAAA&ccb=7-4&ig_cache_key=Mjc3MDEwMzQ1MzI5OTkzNzIwMA%3D%3D.2-ccb7-4&oh=00_AT9lS8v2wts0eQIOyNknpZ5axVvZgZy2YcsycllFB9jqZA&oe=62805BAB&_nc_sid=1527a3', 'scans_profile': 'e35', 'estimated_scans_sizes': [42529, 85058, 127587, 170116, 212645, 237948, 302799, 344145, 382761]}}",if it‚Äôs outta my control then i ain‚Äôt stressin it,,,
14,1644181101,2767914151753125544_8947681,8,False,False,1.7908161314387072e+16,11993,997738,https://www.instagram.com/p/CZpm0GIBY6o/,"{'low_resolution': {'width': 480, 'height': 600, 'url': 'https://instagram.fcnd1-1.fna.fbcdn.net/v/t51.2885-15/273526949_1288541661613299_2300741900734563899_n.jpg?stp=dst-jpg_e35_p480x480&_nc_ht=instagram.fcnd1-1.fna.fbcdn.net&_nc_cat=103&_nc_ohc=x-wcMVzh_NAAX-cXxRN&edm=ACWDqb8BAAAA&ccb=7-4&ig_cache_key=Mjc2NzkxNDE0NzYyNTk1NDQyNQ%3D%3D.2-ccb7-4&oh=00_AT8KLvAcI-UiWAH3PK92OVgZnVuFwfQwWT0uCAz1Pv45eg&oe=62802378&_nc_sid=1527a3', 'scans_profile': 'e35', 'estimated_scans_sizes': [5269, 10539, 15809, 21079, 26349, 31722, 915467, 47429, 47429]}, 'thumbnail': {'width': 480, 'height': 600, 'url': 'https://instagram.fcnd1-1.fna.fbcdn.net/v/t51.2885-15/273526949_1288541661613299_2300741900734563899_n.jpg?stp=dst-jpg_e35_p480x480&_nc_ht=instagram.fcnd1-1.fna.fbcdn.net&_nc_cat=103&_nc_ohc=x-wcMVzh_NAAX-cXxRN&edm=ACWDqb8BAAAA&ccb=7-4&ig_cache_key=Mjc2NzkxNDE0NzYyNTk1NDQyNQ%3D%3D.2-ccb7-4&oh=00_AT8KLvAcI-UiWAH3PK92OVgZnVuFwfQwWT0uCAz1Pv45eg&oe=62802378&_nc_sid=1527a3', 'scans_profile': 'e35', 'estimated_scans_sizes': [5269, 10539, 15809, 21079, 26349, 31722, 915467, 47429, 47429]}, 'standard_resolution': {'width': 1440, 'height': 1800, 'url': 'https://instagram.fcnd1-1.fna.fbcdn.net/v/t51.2885-15/273526949_1288541661613299_2300741900734563899_n.jpg?se=7&stp=dst-jpg_e35&_nc_ht=instagram.fcnd1-1.fna.fbcdn.net&_nc_cat=103&_nc_ohc=x-wcMVzh_NAAX-cXxRN&edm=ACWDqb8BAAAA&ccb=7-4&ig_cache_key=Mjc2NzkxNDE0NzYyNTk1NDQyNQ%3D%3D.2-ccb7-4&oh=00_AT_GivEXg__5NunT4FeET8D7pTSP7s7z1vD6RaemtrOTPA&oe=62802378&_nc_sid=1527a3', 'scans_profile': 'e35', 'estimated_scans_sizes': [27075, 54151, 81227, 108303, 135378, 151488, 192774, 219097, 243682]}}","She took a trip out west fell in love with the hills‚Ä¶..way too many snakes, seen the love wasn‚Äôt real",,,
15,1642964897,2757711891995084658_8947681,8,False,False,1.7937835429767192e+16,8222,1011587,https://www.instagram.com/p/CZFXFrTPMdy/,"{'low_resolution': {'width': 480, 'height': 600, 'url': 'https://instagram.fcnd1-1.fna.fbcdn.net/v/t51.2885-15/272640545_1335493500247862_1760394093001646320_n.jpg?stp=dst-jpg_e35_p480x480&_nc_ht=instagram.fcnd1-1.fna.fbcdn.net&_nc_cat=102&_nc_ohc=p-8oTLuWgocAX-WDCUn&edm=ACWDqb8BAAAA&ccb=7-4&ig_cache_key=Mjc1NzcxMTg4NzIzMDUyMjUzNg%3D%3D.2-ccb7-4&oh=00_AT_BkVwr3W-u3V0-nrf6Gh9UyQ8lanUG045A26CRKV1Dvw&oe=62806694&_nc_sid=1527a3', 'scans_profile': 'e35', 'estimated_scans_sizes': [6338, 12676, 19014, 25352, 31690, 38152, 1101024, 57042, 57042]}, 'thumbnail': {'width': 480, 'height': 600, 'url': 'https://instagram.fcnd1-1.fna.fbcdn.net/v/t51.2885-15/272640545_1335493500247862_1760394093001646320_n.jpg?stp=dst-jpg_e35_p480x480&_nc_ht=instagram.fcnd1-1.fna.fbcdn.net&_nc_cat=102&_nc_ohc=p-8oTLuWgocAX-WDCUn&edm=ACWDqb8BAAAA&ccb=7-4&ig_cache_key=Mjc1NzcxMTg4NzIzMDUyMjUzNg%3D%3D.2-ccb7-4&oh=00_AT_BkVwr3W-u3V0-nrf6Gh9UyQ8lanUG045A26CRKV1Dvw&oe=62806694&_nc_sid=1527a3', 'scans_profile': 'e35', 'estimated_scans_sizes': [6338, 12676, 19014, 25352, 31690, 38152, 1101024, 57042, 57042]}, 'standard_resolution': {'width': 1440, 'height': 1800, 'url': 'https://instagram.fcnd1-1.fna.fbcdn.net/v/t51.2885-15/272640545_1335493500247862_1760394093001646320_n.jpg?se=7&stp=dst-jpg_e35&_nc_ht=instagram.fcnd1-1.fna.fbcdn.net&_nc_cat=102&_nc_ohc=p-8oTLuWgocAX-WDCUn&edm=ACWDqb8BAAAA&ccb=7-4&ig_cache_key=Mjc1NzcxMTg4NzIzMDUyMjUzNg%3D%3D.2-ccb7-4&oh=00_AT_3UFpqlg3WqsKGwP2UPDlYTsllNJl-533UW0KXZuBo5Q&oe=62806694&_nc_sid=1527a3', 'scans_profile': 'e35', 'estimated_scans_sizes': [42147, 84295, 126443, 168591, 210738, 235815, 300084, 341061, 379330]}}",AüÖøÔ∏èERTA,,,
16,1642443854,2753341069738146741_8947681,8,False,False,1.7940814099819282e+16,10740,842617,https://www.instagram.com/p/CY11R13PHu1/,"{'low_resolution': {'width': 480, 'height': 600, 'url': 'https://instagram.fcnd1-1.fna.fbcdn.net/v/t51.2885-15/271927454_462134328685327_8944427939615268402_n.jpg?stp=dst-jpg_e35_p480x480&_nc_ht=instagram.fcnd1-1.fna.fbcdn.net&_nc_cat=107&_nc_ohc=UnXiVdubRXcAX-bR4hy&edm=ACWDqb8BAAAA&ccb=7-4&ig_cache_key=Mjc1MzM0MTA2NTgzNzQ4MzgzMQ%3D%3D.2-ccb7-4&oh=00_AT_djVx8XW0CC-jKznZM2ZA34SXyhxFnwfQ55u5lCZzI9w&oe=6280A7AE&_nc_sid=1527a3', 'scans_profile': 'e35', 'estimated_scans_sizes': [6717, 13434, 20151, 26868, 33585, 60454, 60454, 60454, 60454]}, 'thumbnail': {'width': 480, 'height': 600, 'url': 'https://instagram.fcnd1-1.fna.fbcdn.net/v/t51.2885-15/271927454_462134328685327_8944427939615268402_n.jpg?stp=dst-jpg_e35_p480x480&_nc_ht=instagram.fcnd1-1.fna.fbcdn.net&_nc_cat=107&_nc_ohc=UnXiVdubRXcAX-bR4hy&edm=ACWDqb8BAAAA&ccb=7-4&ig_cache_key=Mjc1MzM0MTA2NTgzNzQ4MzgzMQ%3D%3D.2-ccb7-4&oh=00_AT_djVx8XW0CC-jKznZM2ZA34SXyhxFnwfQ55u5lCZzI9w&oe=6280A7AE&_nc_sid=1527a3', 'scans_profile': 'e35', 'estimated_scans_sizes': [6717, 13434, 20151, 26868, 33585, 60454, 60454, 60454, 60454]}, 'standard_resolution': {'width': 1440, 'height': 1800, 'url': 'https://instagram.fcnd1-1.fna.fbcdn.net/v/t51.2885-15/271927454_462134328685327_8944427939615268402_n.jpg?se=7&stp=dst-jpg_e35&_nc_ht=instagram.fcnd1-1.fna.fbcdn.net&_nc_cat=107&_nc_ohc=UnXiVdubRXcAX-bR4hy&edm=ACWDqb8BAAAA&ccb=7-4&ig_cache_key=Mjc1MzM0MTA2NTgzNzQ4MzgzMQ%3D%3D.2-ccb7-4&oh=00_AT_WysOckg9STrEuAJVSW8TyXR4w41WgX-McnseswCRL7A&oe=6280A7AE&_nc_sid=1527a3', 'scans_profile': 'e35', 'estimated_scans_sizes': [46279, 92559, 138838, 185118, 231397, 416516, 416516, 416516, 416516]}}",It can all be so simple üîãüîãüîã,,,
17,1641417681,2744732907419981145_8947681,8,False,False,1.7905389119382812e+16,6685,791454,https://www.instagram.com/p/CYXQAl-F9VZ/,"{'low_resolution': {'width': 480, 'height': 600, 'url': 'https://instagram.fcnd1-1.fna.fbcdn.net/v/t51.2885-15/271315719_4922369714449818_8838907953526117726_n.jpg?stp=dst-jpg_e35_p480x480&_nc_ht=instagram.fcnd1-1.fna.fbcdn.net&_nc_cat=106&_nc_ohc=T1oonduQ8QYAX9zGqDN&edm=ACWDqb8BAAAA&ccb=7-4&ig_cache_key=Mjc0NDczMjg5OTI0MDg2ODkxNQ%3D%3D.2-ccb7-4&oh=00_AT8SBkQh8TUAEWzafRWqz6HubXgkQvT1xZVJYcrFeYejzQ&oe=627EDAD3&_nc_sid=1527a3', 'scans_profile': 'e35', 'estimated_scans_sizes': [6685, 13371, 20056, 26742, 33427, 40244, 1161403, 60170, 60170]}, 'thumbnail': {'width': 480, 'height': 600, 'url': 'https://instagram.fcnd1-1.fna.fbcdn.net/v/t51.2885-15/271315719_4922369714449818_8838907953526117726_n.jpg?stp=dst-jpg_e35_p480x480&_nc_ht=instagram.fcnd1-1.fna.fbcdn.net&_nc_cat=106&_nc_ohc=T1oonduQ8QYAX9zGqDN&edm=ACWDqb8BAAAA&ccb=7-4&ig_cache_key=Mjc0NDczMjg5OTI0MDg2ODkxNQ%3D%3D.2-ccb7-4&oh=00_AT8SBkQh8TUAEWzafRWqz6HubXgkQvT1xZVJYcrFeYejzQ&oe=627EDAD3&_nc_sid=1527a3', 'scans_profile': 'e35', 'estimated_scans_sizes': [6685, 13371, 20056, 26742, 33427, 40244, 1161403, 60170, 60170]}, 'standard_resolution': {'width': 1440, 'height': 1800, 'url': 'https://instagram.fcnd1-1.fna.fbcdn.net/v/t51.2885-15/271315719_4922369714449818_8838907953526117726_n.jpg?se=7&stp=dst-jpg_e35&_nc_ht=instagram.fcnd1-1.fna.fbcdn.net&_nc_cat=106&_nc_ohc=T1oonduQ8QYAX9zGqDN&edm=ACWDqb8BAAAA&ccb=7-4&ig_cache_key=Mjc0NDczMjg5OTI0MDg2ODkxNQ%3D%3D.2-ccb7-4&oh=00_AT-qXEHwSwH6uANMlWBhtuzLZjzDMrav1HUgyQE4QUkAZg&oe=627EDAD3&_nc_sid=1527a3', 'scans_profile': 'e35', 'estimated_scans_sizes': [47903, 95807, 143711, 191615, 239519, 268021, 341067, 387639, 431135]}}","Millizzz on the schedule‚Ä¶
Everyday I flex it's hard to keep my schedule flexible",,,
18,1640553903,2737487012587513315_8947681,8,False,False,1.7953901734605058e+16,4340,675375,https://www.instagram.com/p/CX9ge8ihiXj/,"{'low_resolution': {'width': 480, 'height': 600, 'url': 'https://instagram.fcnd1-1.fna.fbcdn.net/v/t51.2885-15/270101275_993765104686696_5029439281348113973_n.jpg?stp=dst-jpg_e35_p480x480&_nc_ht=instagram.fcnd1-1.fna.fbcdn.net&_nc_cat=104&_nc_ohc=-rjM1OnUu50AX-xT5At&edm=ACWDqb8BAAAA&ccb=7-4&ig_cache_key=MjczNzQ4NzAwNzk2NTM3NTUxMg%3D%3D.2-ccb7-4&oh=00_AT9lIEW0x5jNNNvM_QXqYqVelokPeSxNUuSnf-my-1lQEA&oe=627FD01E&_nc_sid=1527a3', 'scans_profile': 'e35', 'estimated_scans_sizes': [5423, 10846, 16270, 21693, 27117, 32647, 942155, 48811, 48811]}, 'thumbnail': {'width': 480, 'height': 600, 'url': 'https://instagram.fcnd1-1.fna.fbcdn.net/v/t51.2885-15/270101275_993765104686696_5029439281348113973_n.jpg?stp=dst-jpg_e35_p480x480&_nc_ht=instagram.fcnd1-1.fna.fbcdn.net&_nc_cat=104&_nc_ohc=-rjM1OnUu50AX-xT5At&edm=ACWDqb8BAAAA&ccb=7-4&ig_cache_key=MjczNzQ4NzAwNzk2NTM3NTUxMg%3D%3D.2-ccb7-4&oh=00_AT9lIEW0x5jNNNvM_QXqYqVelokPeSxNUuSnf-my-1lQEA&oe=627FD01E&_nc_sid=1527a3', 'scans_profile': 'e35', 'estimated_scans_sizes': [5423, 10846, 16270, 21693, 27117, 32647, 942155, 48811, 48811]}, 'standard_resolution': {'width': 1440, 'height': 1800, 'url': 'https://instagram.fcnd1-1.fna.fbcdn.net/v/t51.2885-15/270101275_993765104686696_5029439281348113973_n.jpg?se=7&stp=dst-jpg_e35&_nc_ht=instagram.fcnd1-1.fna.fbcdn.net&_nc_cat=104&_nc_ohc=-rjM1OnUu50AX-xT5At&edm=ACWDqb8BAAAA&ccb=7-4&ig_cache_key=MjczNzQ4NzAwNzk2NTM3NTUxMg%3D%3D.2-ccb7-4&oh=00_AT8bbNM9JilCQ4pOaZxWBUSPUXhSCbT_BLm5phF3fQwESw&oe=627FD01E&_nc_sid=1527a3', 'scans_profile': 'e35', 'estimated_scans_sizes': [29007, 58014, 87021, 116028, 145035, 162294, 206525, 234726, 261064]}}",,,,
19,1639581757,2729332057033746432_8947681,8,False,False,1.7964209512507512e+16,4181,753253,https://www.instagram.com/p/CXgiQuVlSgA/,"{'low_resolution': {'width': 480, 'height': 600, 'url': 'https://instagram.fcnd1-1.fna.fbcdn.net/v/t51.2885-15/267409020_189471250050464_6700981422541376412_n.jpg?stp=dst-jpg_e35_p480x480&_nc_ht=instagram.fcnd1-1.fna.fbcdn.net&_nc_cat=108&_nc_ohc=KyC7vT6-sE0AX_Zbf0z&edm=ACWDqb8BAAAA&ccb=7-4&ig_cache_key=MjcyOTMzMjA1Mjg2NDc2MTIxNQ%3D%3D.2-ccb7-4&oh=00_AT8FmhJmbW-hMf5gDxkJF7qBKZkXwTDNhGN8DzFeACTZFA&oe=627F4C0B&_nc_sid=1527a3', 'scans_profile': 'e35', 'estimated_scans_sizes': [6735, 13471, 20207, 26943, 33678, 40547, 1170131, 60622, 60622]}, 'thumbnail': {'width': 480, 'height': 600, 'url': 'https://instagram.fcnd1-1.fna.fbcdn.net/v/t51.2885-15/267409020_189471250050464_6700981422541376412_n.jpg?stp=dst-jpg_e35_p480x480&_nc_ht=instagram.fcnd1-1.fna.fbcdn.net&_nc_cat=108&_nc_ohc=KyC7vT6-sE0AX_Zbf0z&edm=ACWDqb8BAAAA&ccb=7-4&ig_cache_key=MjcyOTMzMjA1Mjg2NDc2MTIxNQ%3D%3D.2-ccb7-4&oh=00_AT8FmhJmbW-hMf5gDxkJF7qBKZkXwTDNhGN8DzFeACTZFA&oe=627F4C0B&_nc_sid=1527a3', 'scans_profile': 'e35', 'estimated_scans_sizes': [6735, 13471, 20207, 26943, 33678, 40547, 1170131, 60622, 60622]}, 'standard_resolution': {'width': 1440, 'height': 1800, 'url': 'https://instagram.fcnd1-1.fna.fbcdn.net/v/t51.2885-15/267409020_189471250050464_6700981422541376412_n.jpg?se=7&stp=dst-jpg_e35&_nc_ht=instagram.fcnd1-1.fna.fbcdn.net&_nc_cat=108&_nc_ohc=KyC7vT6-sE0AX_Zbf0z&edm=ACWDqb8BAAAA&ccb=7-4&ig_cache_key=MjcyOTMzMjA1Mjg2NDc2MTIxNQ%3D%3D.2-ccb7-4&oh=00_AT_r3f4u22vePTH8PkY2mMgBZWZDXhqgR1bs5j9xcqHBdQ&oe=627F4C0B&_nc_sid=1527a3', 'scans_profile': 'e35', 'estimated_scans_sizes': [48771, 97543, 146315, 195086, 243858, 272876, 347245, 394661, 438945]}}",Clonesüëæüëæ,,,
20,1639336616,2727275665240667040_8947681,8,False,False,1.8274834741029652e+16,5530,582929,https://www.instagram.com/p/CXZOsSPPLOg/,"{'low_resolution': {'width': 480, 'height': 600, 'url': 'https://instagram.fcnd1-1.fna.fbcdn.net/v/t51.2885-15/266330493_1015406115704511_664093117154037002_n.jpg?stp=dst-jpg_e35_p480x480&_nc_ht=instagram.fcnd1-1.fna.fbcdn.net&_nc_cat=103&_nc_ohc=e6anruFgtq0AX-1Ruks&edm=ACWDqb8BAAAA&ccb=7-4&ig_cache_key=MjcyNzI3NTY2MTM2NTI1ODQ1MQ%3D%3D.2-ccb7-4&oh=00_AT_R4DM_kDvvf54_PEvQbr1I2p1qD2EyGwePPAt7ziPQBw&oe=62809A26&_nc_sid=1527a3', 'scans_profile': 'e35', 'estimated_scans_sizes': [6222, 12445, 18668, 24891, 31113, 37459, 1081018, 56005, 56005]}, 'thumbnail': {'width': 480, 'height': 600, 'url': 'https://instagram.fcnd1-1.fna.fbcdn.net/v/t51.2885-15/266330493_1015406115704511_664093117154037002_n.jpg?stp=dst-jpg_e35_p480x480&_nc_ht=instagram.fcnd1-1.fna.fbcdn.net&_nc_cat=103&_nc_ohc=e6anruFgtq0AX-1Ruks&edm=ACWDqb8BAAAA&ccb=7-4&ig_cache_key=MjcyNzI3NTY2MTM2NTI1ODQ1MQ%3D%3D.2-ccb7-4&oh=00_AT_R4DM_kDvvf54_PEvQbr1I2p1qD2EyGwePPAt7ziPQBw&oe=62809A26&_nc_sid=1527a3', 'scans_profile': 'e35', 'estimated_scans_sizes': [6222, 12445, 18668, 24891, 31113, 37459, 1081018, 56005, 56005]}, 'standard_resolution': {'width': 1440, 'height': 1799, 'url': 'https://instagram.fcnd1-1.fna.fbcdn.net/v/t51.2885-15/266330493_1015406115704511_664093117154037002_n.jpg?se=7&stp=dst-jpg_e35&_nc_ht=instagram.fcnd1-1.fna.fbcdn.net&_nc_cat=103&_nc_ohc=e6anruFgtq0AX-1Ruks&edm=ACWDqb8BAAAA&ccb=7-4&ig_cache_key=MjcyNzI3NTY2MTM2NTI1ODQ1MQ%3D%3D.2-ccb7-4&oh=00_AT-IbMkvWkjz59FeYvE0TW18Au2B7MbHiR2B8QB1tpI0SQ&oe=62809A26&_nc_sid=1527a3', 'scans_profile': 'e35', 'estimated_scans_sizes': [40320, 80641, 120962, 161283, 201604, 225594, 287077, 326277, 362888]}}",Straight to the point  @rollingloud üôèüèæüî•üé°üìç‚ú®,,,
21,1638125901,2717119452528012921_8947681,1,False,False,1.7996844556380396e+16,4547,629893,https://www.instagram.com/p/CW1Jb8EPG55/,"{'low_resolution': {'width': 480, 'height': 600, 'url': 'https://instagram.fcnd1-1.fna.fbcdn.net/v/t51.2885-15/261229151_233890648776451_2815566926726967828_n.jpg?stp=dst-jpg_e35_p480x480&_nc_ht=instagram.fcnd1-1.fna.fbcdn.net&_nc_cat=107&_nc_ohc=SfcBAXvx6RUAX8pQixC&edm=ACWDqb8BAAAA&ccb=7-4&ig_cache_key=MjcxNzExOTQ1MjUyODAxMjkyMQ%3D%3D.2-ccb7-4&oh=00_AT9unG_2SP3cZvcljT4zL1DCJB7gbrxFZLF4IVDusjs3aA&oe=628036D9&_nc_sid=1527a3', 'scans_profile': 'e35', 'estimated_scans_sizes': [6043, 12086, 18129, 24172, 30215, 36377, 1049804, 54388, 54388]}, 'thumbnail': {'width': 480, 'height': 600, 'url': 'https://instagram.fcnd1-1.fna.fbcdn.net/v/t51.2885-15/261229151_233890648776451_2815566926726967828_n.jpg?stp=dst-jpg_e35_p480x480&_nc_ht=instagram.fcnd1-1.fna.fbcdn.net&_nc_cat=107&_nc_ohc=SfcBAXvx6RUAX8pQixC&edm=ACWDqb8BAAAA&ccb=7-4&ig_cache_key=MjcxNzExOTQ1MjUyODAxMjkyMQ%3D%3D.2-ccb7-4&oh=00_AT9unG_2SP3cZvcljT4zL1DCJB7gbrxFZLF4IVDusjs3aA&oe=628036D9&_nc_sid=1527a3', 'scans_profile': 'e35', 'estimated_scans_sizes': [6043, 12086, 18129, 24172, 30215, 36377, 1049804, 54388, 54388]}, 'standard_resolution': {'width': 1440, 'height': 1800, 'url': 'https://instagram.fcnd1-1.fna.fbcdn.net/v/t51.2885-15/261229151_233890648776451_2815566926726967828_n.jpg?se=7&stp=dst-jpg_e35&_nc_ht=instagram.fcnd1-1.fna.fbcdn.net&_nc_cat=107&_nc_ohc=SfcBAXvx6RUAX8pQixC&edm=ACWDqb8BAAAA&ccb=7-4&ig_cache_key=MjcxNzExOTQ1MjUyODAxMjkyMQ%3D%3D.2-ccb7-4&oh=00_AT_m_WfXokxfATE_4jCicDBVeO7tFbqtxs5Of1QOD9E0cw&oe=628036D9&_nc_sid=1527a3', 'scans_profile': 'e35', 'estimated_scans_sizes': [37598, 75196, 112794, 150392, 187991, 210361, 267692, 304245, 338384]}}",Rest in paradise broüïäüïäüïä you had so much more to give and left to do on this earth. Your vision and influence will live forever üôèüèæü§ç,,1440.0,1800.0
22,1636309267,2701880426980410946_8947681,8,False,False,1.7963002492491488e+16,5351,695990,https://www.instagram.com/p/CV_Ae7jv4ZC/,"{'low_resolution': {'width': 480, 'height': 600, 'url': 'https://instagram.fcnd1-1.fna.fbcdn.net/v/t51.2885-15/253593857_590227385433353_1696320924911680440_n.jpg?stp=dst-jpg_e35_p480x480&_nc_ht=instagram.fcnd1-1.fna.fbcdn.net&_nc_cat=105&_nc_ohc=ICA8Ks7fHV4AX_dfz29&edm=ACWDqb8BAAAA&ccb=7-4&ig_cache_key=MjcwMTg4MDQyMzMxNDM2NzU2Mw%3D%3D.2-ccb7-4&oh=00_AT_TcHMpXnjhVEvXrvteczoCuwUIyM3oeuaY2YxWPjQZbg&oe=627FCA8B&_nc_sid=1527a3', 'scans_profile': 'e35', 'estimated_scans_sizes': [6201, 12403, 18605, 24807, 31009, 37333, 1077377, 55817, 55817]}, 'thumbnail': {'width': 480, 'height': 600, 'url': 'https://instagram.fcnd1-1.fna.fbcdn.net/v/t51.2885-15/253593857_590227385433353_1696320924911680440_n.jpg?stp=dst-jpg_e35_p480x480&_nc_ht=instagram.fcnd1-1.fna.fbcdn.net&_nc_cat=105&_nc_ohc=ICA8Ks7fHV4AX_dfz29&edm=ACWDqb8BAAAA&ccb=7-4&ig_cache_key=MjcwMTg4MDQyMzMxNDM2NzU2Mw%3D%3D.2-ccb7-4&oh=00_AT_TcHMpXnjhVEvXrvteczoCuwUIyM3oeuaY2YxWPjQZbg&oe=627FCA8B&_nc_sid=1527a3', 'scans_profile': 'e35', 'estimated_scans_sizes': [6201, 12403, 18605, 24807, 31009, 37333, 1077377, 55817, 55817]}, 'standard_resolution': {'width': 1440, 'height': 1800, 'url': 'https://instagram.fcnd1-1.fna.fbcdn.net/v/t51.2885-15/253593857_590227385433353_1696320924911680440_n.jpg?se=7&stp=dst-jpg_e35&_nc_ht=instagram.fcnd1-1.fna.fbcdn.net&_nc_cat=105&_nc_ohc=ICA8Ks7fHV4AX_dfz29&edm=ACWDqb8BAAAA&ccb=7-4&ig_cache_key=MjcwMTg4MDQyMzMxNDM2NzU2Mw%3D%3D.2-ccb7-4&oh=00_AT89UiBF84R0KPDx5VSgtc9JRuA1lUKYhiZ-8eHddqDERg&oe=627FCA8B&_nc_sid=1527a3', 'scans_profile': 'e35', 'estimated_scans_sizes': [40009, 80019, 120029, 160039, 200048, 223853, 284862, 323759, 360088]}}",,,,
23,1633631895,2679421003024912631_8947681,8,False,False,1.789217417639501e+16,3184,512741,https://www.instagram.com/p/CUvNzTBBVD3/,"{'low_resolution': {'width': 480, 'height': 600, 'url': 'https://instagram.fcnd1-1.fna.fbcdn.net/v/t51.2885-15/244704325_385199109950972_7440349549909545807_n.jpg?stp=dst-jpg_e35_p480x480&_nc_ht=instagram.fcnd1-1.fna.fbcdn.net&_nc_cat=108&_nc_ohc=KBYErIB8PboAX_RVHFv&edm=ACWDqb8BAAAA&ccb=7-4&ig_cache_key=MjY3OTQyMDk5ODM2OTI4ODQ2NA%3D%3D.2-ccb7-4&oh=00_AT94RUGIoC3xb52Yw_i6rxdB7OAzq7nkNOmPHPykmuKpPg&oe=627F2E9E&_nc_sid=1527a3', 'scans_profile': 'e35', 'estimated_scans_sizes': [6252, 12504, 18757, 25009, 31261, 37636, 1086136, 56271, 56271]}, 'thumbnail': {'width': 480, 'height': 600, 'url': 'https://instagram.fcnd1-1.fna.fbcdn.net/v/t51.2885-15/244704325_385199109950972_7440349549909545807_n.jpg?stp=dst-jpg_e35_p480x480&_nc_ht=instagram.fcnd1-1.fna.fbcdn.net&_nc_cat=108&_nc_ohc=KBYErIB8PboAX_RVHFv&edm=ACWDqb8BAAAA&ccb=7-4&ig_cache_key=MjY3OTQyMDk5ODM2OTI4ODQ2NA%3D%3D.2-ccb7-4&oh=00_AT94RUGIoC3xb52Yw_i6rxdB7OAzq7nkNOmPHPykmuKpPg&oe=627F2E9E&_nc_sid=1527a3', 'scans_profile': 'e35', 'estimated_scans_sizes': [6252, 12504, 18757, 25009, 31261, 37636, 1086136, 56271, 56271]}, 'standard_resolution': {'width': 1440, 'height': 1799, 'url': 'https://instagram.fcnd1-1.fna.fbcdn.net/v/t51.2885-15/244704325_385199109950972_7440349549909545807_n.jpg?se=7&stp=dst-jpg_e35&_nc_ht=instagram.fcnd1-1.fna.fbcdn.net&_nc_cat=108&_nc_ohc=KBYErIB8PboAX_RVHFv&edm=ACWDqb8BAAAA&ccb=7-4&ig_cache_key=MjY3OTQyMDk5ODM2OTI4ODQ2NA%3D%3D.2-ccb7-4&oh=00_AT8zTXVTZUAHhu3zN_XkXEaV8w70cX-K4LzREzimUoPcTw&oe=627F2E9E&_nc_sid=1527a3', 'scans_profile': 'e35', 'estimated_scans_sizes': [40780, 81560, 122340, 163120, 203901, 228164, 290347, 329994, 367022]}}",Imma don like sean need a black Madonna,,,
24,1633455008,2677937162055344299_8947681,8,False,False,1.7948879914556432e+16,2823,615127,https://www.instagram.com/p/CUp8akbIGCr/,"{'low_resolution': {'width': 480, 'height': 600, 'url': 'https://instagram.fcnd1-1.fna.fbcdn.net/v/t51.2885-15/244675508_396863698555201_3981686391961910927_n.jpg?stp=dst-jpg_e35_p480x480&_nc_ht=instagram.fcnd1-1.fna.fbcdn.net&_nc_cat=101&_nc_ohc=dL_A8BU2EusAX_FOjai&edm=ACWDqb8BAAAA&ccb=7-4&ig_cache_key=MjY3NzkzNzE1Mzg5MzI0NDM0OQ%3D%3D.2-ccb7-4&oh=00_AT9_CC_u1DpjH9OVJKZgWVpOzuP8UxzRD_5rtLXACced2w&oe=627F8313&_nc_sid=1527a3', 'scans_profile': 'e35', 'estimated_scans_sizes': [6785, 13570, 20356, 27141, 33926, 40845, 1178731, 61068, 61068]}, 'thumbnail': {'width': 480, 'height': 600, 'url': 'https://instagram.fcnd1-1.fna.fbcdn.net/v/t51.2885-15/244675508_396863698555201_3981686391961910927_n.jpg?stp=dst-jpg_e35_p480x480&_nc_ht=instagram.fcnd1-1.fna.fbcdn.net&_nc_cat=101&_nc_ohc=dL_A8BU2EusAX_FOjai&edm=ACWDqb8BAAAA&ccb=7-4&ig_cache_key=MjY3NzkzNzE1Mzg5MzI0NDM0OQ%3D%3D.2-ccb7-4&oh=00_AT9_CC_u1DpjH9OVJKZgWVpOzuP8UxzRD_5rtLXACced2w&oe=627F8313&_nc_sid=1527a3', 'scans_profile': 'e35', 'estimated_scans_sizes': [6785, 13570, 20356, 27141, 33926, 40845, 1178731, 61068, 61068]}, 'standard_resolution': {'width': 1440, 'height': 1800, 'url': 'https://instagram.fcnd1-1.fna.fbcdn.net/v/t51.2885-15/244675508_396863698555201_3981686391961910927_n.jpg?se=7&stp=dst-jpg_e35&_nc_ht=instagram.fcnd1-1.fna.fbcdn.net&_nc_cat=101&_nc_ohc=dL_A8BU2EusAX_FOjai&edm=ACWDqb8BAAAA&ccb=7-4&ig_cache_key=MjY3NzkzNzE1Mzg5MzI0NDM0OQ%3D%3D.2-ccb7-4&oh=00_AT9kKACHQbv9VA0whm78Tj2KPXw0HvNgEsh-FEGQPuBHgw&oe=627F8313&_nc_sid=1527a3', 'scans_profile': 'e35', 'estimated_scans_sizes': [49635, 99271, 148906, 198542, 248177, 277709, 353396, 401652, 446720]}}",I got the codes n it‚Äôs workin ‚ôæ‚ôæ‚ôæ,,,
25,1633293194,2676579767463090001_8947681,1,False,False,,2402,347978,https://www.instagram.com/p/CUlHx4MopdR/,"{'low_resolution': {'width': 480, 'height': 600, 'url': 'https://instagram.fcnd1-1.fna.fbcdn.net/v/t51.2885-15/244344276_604862810875409_6575223453019480319_n.jpg?stp=dst-jpg_e35_p480x480&_nc_ht=instagram.fcnd1-1.fna.fbcdn.net&_nc_cat=105&_nc_ohc=rIm8-qEiaLgAX9iw0SJ&edm=ACWDqb8BAAAA&ccb=7-4&ig_cache_key=MjY3NjU3OTc2NzQ2MzA5MDAwMQ%3D%3D.2-ccb7-4&oh=00_AT_tBKAEJk3hQFs0WokX2YZy3O5UOJC3EpL-9ueBSpGdMg&oe=627FE456&_nc_sid=1527a3', 'scans_profile': 'e35', 'estimated_scans_sizes': [6065, 12130, 18196, 24261, 30326, 36511, 1053662, 54588, 54588]}, 'thumbnail': {'width': 480, 'height': 600, 'url': 'https://instagram.fcnd1-1.fna.fbcdn.net/v/t51.2885-15/244344276_604862810875409_6575223453019480319_n.jpg?stp=dst-jpg_e35_p480x480&_nc_ht=instagram.fcnd1-1.fna.fbcdn.net&_nc_cat=105&_nc_ohc=rIm8-qEiaLgAX9iw0SJ&edm=ACWDqb8BAAAA&ccb=7-4&ig_cache_key=MjY3NjU3OTc2NzQ2MzA5MDAwMQ%3D%3D.2-ccb7-4&oh=00_AT_tBKAEJk3hQFs0WokX2YZy3O5UOJC3EpL-9ueBSpGdMg&oe=627FE456&_nc_sid=1527a3', 'scans_profile': 'e35', 'estimated_scans_sizes': [6065, 12130, 18196, 24261, 30326, 36511, 1053662, 54588, 54588]}, 'standard_resolution': {'width': 1440, 'height': 1800, 'url': 'https://instagram.fcnd1-1.fna.fbcdn.net/v/t51.2885-15/244344276_604862810875409_6575223453019480319_n.jpg?se=7&stp=dst-jpg_e35&_nc_ht=instagram.fcnd1-1.fna.fbcdn.net&_nc_cat=105&_nc_ohc=rIm8-qEiaLgAX9iw0SJ&edm=ACWDqb8BAAAA&ccb=7-4&ig_cache_key=MjY3NjU3OTc2NzQ2MzA5MDAwMQ%3D%3D.2-ccb7-4&oh=00_AT_YEGaN1PqTVfk3RavGPomcoxY_Txw-j9ULAkythhoTEQ&oe=627FE456&_nc_sid=1527a3', 'scans_profile': 'e35', 'estimated_scans_sizes': [37930, 75860, 113791, 151721, 189652, 212219, 270057, 306933, 341374]}}",Gettin spooky tonite..,,1440.0,1800.0
26,1633189841,2675712780959841807_8947681,8,False,False,1.82550704350414e+16,3504,749542,https://www.instagram.com/p/CUiCpkGFX4P/,"{'low_resolution': {'width': 480, 'height': 528, 'url': 'https://instagram.fcnd1-1.fna.fbcdn.net/v/t51.2885-15/244179257_5318493451510735_8702456049904076703_n.jpg?stp=dst-jpg_e35_p480x480&_nc_ht=instagram.fcnd1-1.fna.fbcdn.net&_nc_cat=107&_nc_ohc=XpqZOdwm65oAX-YTo19&edm=ACWDqb8BAAAA&ccb=7-4&ig_cache_key=MjY3NTcxMjc3Nzg0NzgxNTIyNA%3D%3D.2-ccb7-4&oh=00_AT-Pk4pNHKEqVi2PAcdsq50UrcJS7H5X1JygBHDY9vC1RA&oe=628007C4&_nc_sid=1527a3', 'scans_profile': 'e35', 'estimated_scans_sizes': [5984, 11968, 17952, 23936, 29921, 36022, 1039562, 53858, 53858]}, 'thumbnail': {'width': 480, 'height': 528, 'url': 'https://instagram.fcnd1-1.fna.fbcdn.net/v/t51.2885-15/244179257_5318493451510735_8702456049904076703_n.jpg?stp=dst-jpg_e35_p480x480&_nc_ht=instagram.fcnd1-1.fna.fbcdn.net&_nc_cat=107&_nc_ohc=XpqZOdwm65oAX-YTo19&edm=ACWDqb8BAAAA&ccb=7-4&ig_cache_key=MjY3NTcxMjc3Nzg0NzgxNTIyNA%3D%3D.2-ccb7-4&oh=00_AT-Pk4pNHKEqVi2PAcdsq50UrcJS7H5X1JygBHDY9vC1RA&oe=628007C4&_nc_sid=1527a3', 'scans_profile': 'e35', 'estimated_scans_sizes': [5984, 11968, 17952, 23936, 29921, 36022, 1039562, 53858, 53858]}, 'standard_resolution': {'width': 1440, 'height': 1585, 'url': 'https://instagram.fcnd1-1.fna.fbcdn.net/v/t51.2885-15/244179257_5318493451510735_8702456049904076703_n.jpg?se=7&stp=dst-jpg_e35&_nc_ht=instagram.fcnd1-1.fna.fbcdn.net&_nc_cat=107&_nc_ohc=XpqZOdwm65oAX-YTo19&edm=ACWDqb8BAAAA&ccb=7-4&ig_cache_key=MjY3NTcxMjc3Nzg0NzgxNTIyNA%3D%3D.2-ccb7-4&oh=00_AT9YgKq6fWw7gnis_Es3TQD89W3IFzAGpmHLpFu4GACwvQ&oe=628007C4&_nc_sid=1527a3', 'scans_profile': 'e35', 'estimated_scans_sizes': [42532, 85064, 127596, 170128, 212660, 237966, 302821, 344171, 382789]}}",,,,
27,1632699681,2671601024311425471_8947681,8,False,False,1.7961821929470236e+16,4562,816810,https://www.instagram.com/p/CUTbvoTpvm_/,"{'low_resolution': {'width': 480, 'height': 600, 'url': 'https://instagram.fcnd1-1.fna.fbcdn.net/v/t51.2885-15/242777319_640364136930979_2313151514999811469_n.jpg?stp=dst-jpg_e35_p480x480&_nc_ht=instagram.fcnd1-1.fna.fbcdn.net&_nc_cat=107&_nc_ohc=5xDZ2yEzHDcAX8WF2Vr&edm=ACWDqb8BAAAA&ccb=7-4&ig_cache_key=MjY3MTYwMTAyMDE2NzM5OTc5MQ%3D%3D.2-ccb7-4&oh=00_AT_dwjweO7SEYzIj4gbu0eFFqsL0RefP1yzfHuDM-qkD_g&oe=627F9DAB&_nc_sid=1527a3', 'scans_profile': 'e35', 'estimated_scans_sizes': [5993, 11987, 17980, 23974, 29967, 36079, 1041191, 53942, 53942]}, 'thumbnail': {'width': 480, 'height': 600, 'url': 'https://instagram.fcnd1-1.fna.fbcdn.net/v/t51.2885-15/242777319_640364136930979_2313151514999811469_n.jpg?stp=dst-jpg_e35_p480x480&_nc_ht=instagram.fcnd1-1.fna.fbcdn.net&_nc_cat=107&_nc_ohc=5xDZ2yEzHDcAX8WF2Vr&edm=ACWDqb8BAAAA&ccb=7-4&ig_cache_key=MjY3MTYwMTAyMDE2NzM5OTc5MQ%3D%3D.2-ccb7-4&oh=00_AT_dwjweO7SEYzIj4gbu0eFFqsL0RefP1yzfHuDM-qkD_g&oe=627F9DAB&_nc_sid=1527a3', 'scans_profile': 'e35', 'estimated_scans_sizes': [5993, 11987, 17980, 23974, 29967, 36079, 1041191, 53942, 53942]}, 'standard_resolution': {'width': 1440, 'height': 1800, 'url': 'https://instagram.fcnd1-1.fna.fbcdn.net/v/t51.2885-15/242777319_640364136930979_2313151514999811469_n.jpg?se=7&stp=dst-jpg_e35&_nc_ht=instagram.fcnd1-1.fna.fbcdn.net&_nc_cat=107&_nc_ohc=5xDZ2yEzHDcAX8WF2Vr&edm=ACWDqb8BAAAA&ccb=7-4&ig_cache_key=MjY3MTYwMTAyMDE2NzM5OTc5MQ%3D%3D.2-ccb7-4&oh=00_AT-57cdmSO4-0EfJ7_P5ooUrYgY7BI5hgq0VJ2zGoEgXMw&oe=627F9DAB&_nc_sid=1527a3', 'scans_profile': 'e35', 'estimated_scans_sizes': [36862, 73725, 110588, 147451, 184314, 206246, 262456, 298295, 331766]}}",T-Raww‚Ä¶..üå¥‚òÄÔ∏èüê≤üåäü§ë‚úÖüß©üíõüîí,,,
28,1631192452,2658957466726213292_8947681,1,False,False,1.816281729116362e+16,5289,556600,https://www.instagram.com/p/CTmg7ptFqas/,"{'low_resolution': {'width': 480, 'height': 600, 'url': 'https://instagram.fcnd1-1.fna.fbcdn.net/v/t51.2885-15/241502487_218609570144244_5810403668234651941_n.jpg?stp=dst-jpg_e35_p480x480&_nc_ht=instagram.fcnd1-1.fna.fbcdn.net&_nc_cat=100&_nc_ohc=KMBk43VBcCYAX94OHWg&edm=ACWDqb8BAAAA&ccb=7-4&ig_cache_key=MjY1ODk1NzQ2NjcyNjIxMzI5Mg%3D%3D.2-ccb7-4&oh=00_AT9TvGueyCWc_iQcDacxRACW9LWPaUPvVaQuz_GaPQ75zg&oe=627F25AE&_nc_sid=1527a3', 'scans_profile': 'e35', 'estimated_scans_sizes': [6294, 12589, 18884, 25178, 31473, 37892, 1093501, 56652, 56652]}, 'thumbnail': {'width': 480, 'height': 600, 'url': 'https://instagram.fcnd1-1.fna.fbcdn.net/v/t51.2885-15/241502487_218609570144244_5810403668234651941_n.jpg?stp=dst-jpg_e35_p480x480&_nc_ht=instagram.fcnd1-1.fna.fbcdn.net&_nc_cat=100&_nc_ohc=KMBk43VBcCYAX94OHWg&edm=ACWDqb8BAAAA&ccb=7-4&ig_cache_key=MjY1ODk1NzQ2NjcyNjIxMzI5Mg%3D%3D.2-ccb7-4&oh=00_AT9TvGueyCWc_iQcDacxRACW9LWPaUPvVaQuz_GaPQ75zg&oe=627F25AE&_nc_sid=1527a3', 'scans_profile': 'e35', 'estimated_scans_sizes': [6294, 12589, 18884, 25178, 31473, 37892, 1093501, 56652, 56652]}, 'standard_resolution': {'width': 1440, 'height': 1799, 'url': 'https://instagram.fcnd1-1.fna.fbcdn.net/v/t51.2885-15/241502487_218609570144244_5810403668234651941_n.jpg?se=7&stp=dst-jpg_e35&_nc_ht=instagram.fcnd1-1.fna.fbcdn.net&_nc_cat=100&_nc_ohc=KMBk43VBcCYAX94OHWg&edm=ACWDqb8BAAAA&ccb=7-4&ig_cache_key=MjY1ODk1NzQ2NjcyNjIxMzI5Mg%3D%3D.2-ccb7-4&oh=00_AT-P9dzFtuG4b_FO3yNhPG0zhZn1V0zhUNJIDaGeuPvxfQ&oe=627F25AE&_nc_sid=1527a3', 'scans_profile': 'e35', 'estimated_scans_sizes': [41446, 82892, 124339, 165785, 207232, 231891, 295091, 335385, 373018]}}",New again,,1440.0,1799.0
29,1631121210,2658359850741231207_8947681,8,False,False,1.7911994485915712e+16,5625,602050,https://www.instagram.com/p/CTkZDMcl25n/,"{'low_resolution': {'width': 480, 'height': 600, 'url': 'https://instagram.fcnd1-1.fna.fbcdn.net/v/t51.2885-15/241325025_409733223820129_5284472715406216834_n.jpg?stp=dst-jpg_e35_p480x480&_nc_ht=instagram.fcnd1-1.fna.fbcdn.net&_nc_cat=101&_nc_ohc=S1EoPJI_7bQAX_VDI9h&edm=ACWDqb8BAAAA&ccb=7-4&ig_cache_key=MjY1ODM1OTg0NzcyOTcwNzgyNA%3D%3D.2-ccb7-4&oh=00_AT9RAOTigc_6ljO__5TxBIe28VDgiJR_izAOLQ4gKALKDg&oe=627F0760&_nc_sid=1527a3', 'scans_profile': 'e35', 'estimated_scans_sizes': [6090, 12180, 18270, 24360, 30451, 36660, 1057974, 54812, 54812]}, 'thumbnail': {'width': 480, 'height': 600, 'url': 'https://instagram.fcnd1-1.fna.fbcdn.net/v/t51.2885-15/241325025_409733223820129_5284472715406216834_n.jpg?stp=dst-jpg_e35_p480x480&_nc_ht=instagram.fcnd1-1.fna.fbcdn.net&_nc_cat=101&_nc_ohc=S1EoPJI_7bQAX_VDI9h&edm=ACWDqb8BAAAA&ccb=7-4&ig_cache_key=MjY1ODM1OTg0NzcyOTcwNzgyNA%3D%3D.2-ccb7-4&oh=00_AT9RAOTigc_6ljO__5TxBIe28VDgiJR_izAOLQ4gKALKDg&oe=627F0760&_nc_sid=1527a3', 'scans_profile': 'e35', 'estimated_scans_sizes': [6090, 12180, 18270, 24360, 30451, 36660, 1057974, 54812, 54812]}, 'standard_resolution': {'width': 1440, 'height': 1800, 'url': 'https://instagram.fcnd1-1.fna.fbcdn.net/v/t51.2885-15/241325025_409733223820129_5284472715406216834_n.jpg?se=7&stp=dst-jpg_e35&_nc_ht=instagram.fcnd1-1.fna.fbcdn.net&_nc_cat=101&_nc_ohc=S1EoPJI_7bQAX_VDI9h&edm=ACWDqb8BAAAA&ccb=7-4&ig_cache_key=MjY1ODM1OTg0NzcyOTcwNzgyNA%3D%3D.2-ccb7-4&oh=00_AT8zOt2jIxE6S676MT-pkDy8T_C9BTzGxLXPC4mYtHKCVA&oe=627F0760&_nc_sid=1527a3', 'scans_profile': 'e35', 'estimated_scans_sizes': [38303, 76607, 114911, 153214, 191518, 214308, 272715, 309954, 344733]}}",@myystar Loading‚Ä¶‚Ä¶.‚öôÔ∏è‚öôÔ∏è‚öôÔ∏è,,,
30,1630529783,2653398598439709081_8947681,8,False,False,1.7899696409213216e+16,2495,582118,https://www.instagram.com/p/CTSw_eLhKmZ/,"{'low_resolution': {'width': 480, 'height': 600, 'url': 'https://instagram.fcnd1-1.fna.fbcdn.net/v/t51.2885-15/240951220_1683541365367995_8510471395823165429_n.jpg?stp=dst-jpg_e35_p480x480&_nc_ht=instagram.fcnd1-1.fna.fbcdn.net&_nc_cat=103&_nc_ohc=iVN_Pny4zFMAX-yL2_6&edm=ACWDqb8BAAAA&ccb=7-4&ig_cache_key=MjY1MzM5ODU5NDYwNjMwMDE0Mw%3D%3D.2-ccb7-4&oh=00_AT-waf2VwmQPop1z6DZlQr6ZqRCZd2d6m8_oWgT52fXbxg&oe=627F9A15&_nc_sid=1527a3', 'scans_profile': 'e35', 'estimated_scans_sizes': [6121, 12243, 18365, 24487, 30608, 36851, 1063465, 55096, 55096]}, 'thumbnail': {'width': 480, 'height': 600, 'url': 'https://instagram.fcnd1-1.fna.fbcdn.net/v/t51.2885-15/240951220_1683541365367995_8510471395823165429_n.jpg?stp=dst-jpg_e35_p480x480&_nc_ht=instagram.fcnd1-1.fna.fbcdn.net&_nc_cat=103&_nc_ohc=iVN_Pny4zFMAX-yL2_6&edm=ACWDqb8BAAAA&ccb=7-4&ig_cache_key=MjY1MzM5ODU5NDYwNjMwMDE0Mw%3D%3D.2-ccb7-4&oh=00_AT-waf2VwmQPop1z6DZlQr6ZqRCZd2d6m8_oWgT52fXbxg&oe=627F9A15&_nc_sid=1527a3', 'scans_profile': 'e35', 'estimated_scans_sizes': [6121, 12243, 18365, 24487, 30608, 36851, 1063465, 55096, 55096]}, 'standard_resolution': {'width': 1440, 'height': 1800, 'url': 'https://instagram.fcnd1-1.fna.fbcdn.net/v/t51.2885-15/240951220_1683541365367995_8510471395823165429_n.jpg?se=7&stp=dst-jpg_e35&_nc_ht=instagram.fcnd1-1.fna.fbcdn.net&_nc_cat=103&_nc_ohc=iVN_Pny4zFMAX-yL2_6&edm=ACWDqb8BAAAA&ccb=7-4&ig_cache_key=MjY1MzM5ODU5NDYwNjMwMDE0Mw%3D%3D.2-ccb7-4&oh=00_AT-cWdbL4YaflC2pXlEcZ4446U2iZCKKknkjWi53YozDrw&oe=627F9A15&_nc_sid=1527a3', 'scans_profile': 'e35', 'estimated_scans_sizes': [38782, 77564, 116346, 155128, 193910, 216984, 276121, 313825, 349038]}}",Quiet on set ü§´,,,
31,1629312574,2643187909460849092_8947681,8,False,False,1.7926850521699472e+16,2990,740123,https://www.instagram.com/p/CSufWZCBXHE/,"{'low_resolution': {'width': 480, 'height': 600, 'url': 'https://instagram.fcnd1-1.fna.fbcdn.net/v/t51.2885-15/238760411_4344914525574581_539694198289532938_n.jpg?stp=dst-jpg_e35_p480x480&_nc_ht=instagram.fcnd1-1.fna.fbcdn.net&_nc_cat=105&_nc_ohc=6OPbKrW5gUIAX9iXC0g&edm=ACWDqb8BAAAA&ccb=7-4&ig_cache_key=MjY0MzE4NzkwNTAzMTc2MjQ2NA%3D%3D.2-ccb7-4&oh=00_AT9FVwysU1g5bsHF5soVTorS-WK47wexU1ofZwzpkVbVog&oe=62802F3E&_nc_sid=1527a3', 'scans_profile': 'e35', 'estimated_scans_sizes': [5473, 10947, 16421, 21894, 27368, 32950, 950885, 49263, 49263]}, 'thumbnail': {'width': 480, 'height': 600, 'url': 'https://instagram.fcnd1-1.fna.fbcdn.net/v/t51.2885-15/238760411_4344914525574581_539694198289532938_n.jpg?stp=dst-jpg_e35_p480x480&_nc_ht=instagram.fcnd1-1.fna.fbcdn.net&_nc_cat=105&_nc_ohc=6OPbKrW5gUIAX9iXC0g&edm=ACWDqb8BAAAA&ccb=7-4&ig_cache_key=MjY0MzE4NzkwNTAzMTc2MjQ2NA%3D%3D.2-ccb7-4&oh=00_AT9FVwysU1g5bsHF5soVTorS-WK47wexU1ofZwzpkVbVog&oe=62802F3E&_nc_sid=1527a3', 'scans_profile': 'e35', 'estimated_scans_sizes': [5473, 10947, 16421, 21894, 27368, 32950, 950885, 49263, 49263]}, 'standard_resolution': {'width': 1440, 'height': 1800, 'url': 'https://instagram.fcnd1-1.fna.fbcdn.net/v/t51.2885-15/238760411_4344914525574581_539694198289532938_n.jpg?se=7&stp=dst-jpg_e35&_nc_ht=instagram.fcnd1-1.fna.fbcdn.net&_nc_cat=105&_nc_ohc=6OPbKrW5gUIAX9iXC0g&edm=ACWDqb8BAAAA&ccb=7-4&ig_cache_key=MjY0MzE4NzkwNTAzMTc2MjQ2NA%3D%3D.2-ccb7-4&oh=00_AT_89A0_VVsxzQ18zxyIBTTS39faGV1EZjtGF0hDS3hBKg&oe=62802F3E&_nc_sid=1527a3', 'scans_profile': 'e35', 'estimated_scans_sizes': [29655, 59311, 88967, 118623, 148278, 165923, 211143, 239974, 266902]}}",I usually do this,,,
32,1628639312,2637540178529857811_8947681,8,False,False,1.7918849152846802e+16,3213,978442,https://www.instagram.com/p/CSabNFuF7ET/,"{'low_resolution': {'width': 480, 'height': 600, 'url': 'https://instagram.fcnd1-1.fna.fbcdn.net/v/t51.2885-15/234866203_231516385644599_4161428972719959614_n.jpg?stp=dst-jpg_e35_p480x480&_nc_ht=instagram.fcnd1-1.fna.fbcdn.net&_nc_cat=111&_nc_ohc=eKjGwERwzH0AX8Vqs_s&edm=ACWDqb8BAAAA&ccb=7-4&ig_cache_key=MjYzNzU0MDE3NTc2MTM4MDEyMg%3D%3D.2-ccb7-4&oh=00_AT_bAmE166DuniB1An-w7FsfNu_bdvRNtfeXbxNkBfj8qQ&oe=627FDCF7&_nc_sid=1527a3', 'scans_profile': 'e35', 'estimated_scans_sizes': [5575, 11151, 16727, 22302, 27878, 33563, 968588, 50181, 50181]}, 'thumbnail': {'width': 480, 'height': 600, 'url': 'https://instagram.fcnd1-1.fna.fbcdn.net/v/t51.2885-15/234866203_231516385644599_4161428972719959614_n.jpg?stp=dst-jpg_e35_p480x480&_nc_ht=instagram.fcnd1-1.fna.fbcdn.net&_nc_cat=111&_nc_ohc=eKjGwERwzH0AX8Vqs_s&edm=ACWDqb8BAAAA&ccb=7-4&ig_cache_key=MjYzNzU0MDE3NTc2MTM4MDEyMg%3D%3D.2-ccb7-4&oh=00_AT_bAmE166DuniB1An-w7FsfNu_bdvRNtfeXbxNkBfj8qQ&oe=627FDCF7&_nc_sid=1527a3', 'scans_profile': 'e35', 'estimated_scans_sizes': [5575, 11151, 16727, 22302, 27878, 33563, 968588, 50181, 50181]}, 'standard_resolution': {'width': 1440, 'height': 1800, 'url': 'https://instagram.fcnd1-1.fna.fbcdn.net/v/t51.2885-15/234866203_231516385644599_4161428972719959614_n.jpg?se=7&stp=dst-jpg_e35&_nc_ht=instagram.fcnd1-1.fna.fbcdn.net&_nc_cat=111&_nc_ohc=eKjGwERwzH0AX8Vqs_s&edm=ACWDqb8BAAAA&ccb=7-4&ig_cache_key=MjYzNzU0MDE3NTc2MTM4MDEyMg%3D%3D.2-ccb7-4&oh=00_AT9sJcW4CMDSCdO5dM0hNO6253I5gN9iAm0uYWWHQoFy1A&oe=627FDCF7&_nc_sid=1527a3', 'scans_profile': 'e35', 'estimated_scans_sizes': [30996, 61993, 92990, 123987, 154984, 173426, 220692, 250827, 278972]}}",i cant out run you but i can out fun you,,,
33,1571356308,2157015510930666657_8947681,1,False,False,1.8033280567219548e+16,13748,993724,https://www.instagram.com/p/B3vQi3IB7Sh/,"{'low_resolution': {'width': 480, 'height': 480, 'url': 'https://instagram.fcnd1-1.fna.fbcdn.net/v/t51.2885-15/74601586_2794568790567787_1599013587326156383_n.jpg?stp=dst-jpg_e35_s480x480&_nc_ht=instagram.fcnd1-1.fna.fbcdn.net&_nc_cat=107&_nc_ohc=PEZb4UAAv4sAX_vlv_F&edm=ACWDqb8BAAAA&ccb=7-4&ig_cache_key=MjE1NzAxNTUxMDkzMDY2NjY1Nw%3D%3D.2-ccb7-4&oh=00_AT8tEXCuMm3Zdx3s7H3gTtArUuIo_znIKnX8O4whlfVSEw&oe=62802982&_nc_sid=1527a3', 'scans_profile': 'e35', 'estimated_scans_sizes': [5130, 10261, 15392, 20523, 25653, 30885, 891313, 46177, 46177]}, 'thumbnail': {'width': 480, 'height': 480, 'url': 'https://instagram.fcnd1-1.fna.fbcdn.net/v/t51.2885-15/74601586_2794568790567787_1599013587326156383_n.jpg?stp=dst-jpg_e35_s480x480&_nc_ht=instagram.fcnd1-1.fna.fbcdn.net&_nc_cat=107&_nc_ohc=PEZb4UAAv4sAX_vlv_F&edm=ACWDqb8BAAAA&ccb=7-4&ig_cache_key=MjE1NzAxNTUxMDkzMDY2NjY1Nw%3D%3D.2-ccb7-4&oh=00_AT8tEXCuMm3Zdx3s7H3gTtArUuIo_znIKnX8O4whlfVSEw&oe=62802982&_nc_sid=1527a3', 'scans_profile': 'e35', 'estimated_scans_sizes': [5130, 10261, 15392, 20523, 25653, 30885, 891313, 46177, 46177]}, 'standard_resolution': {'width': 1440, 'height': 1440, 'url': 'https://instagram.fcnd1-1.fna.fbcdn.net/v/t51.2885-15/74601586_2794568790567787_1599013587326156383_n.jpg?se=7&stp=dst-jpg_e35&_nc_ht=instagram.fcnd1-1.fna.fbcdn.net&_nc_cat=107&_nc_ohc=PEZb4UAAv4sAX_vlv_F&edm=ACWDqb8BAAAA&ccb=7-4&ig_cache_key=MjE1NzAxNTUxMDkzMDY2NjY1Nw%3D%3D.2-ccb7-4&oh=00_AT_-jQD6nTJgSK9RwQvQp9Xk-SAK6I0TqaV6MphSXgvVJw&oe=62802982&_nc_sid=1527a3', 'scans_profile': 'e35', 'estimated_scans_sizes': [32789, 65579, 98369, 131159, 163948, 183457, 233457, 265335, 295108]}}",Rise n shine,,1440.0,1440.0
34,1570480106,2149665395882337950_8947681,1,False,False,1.7852063902612056e+16,15814,1014301,https://www.instagram.com/p/B3VJUnDhCae/,"{'low_resolution': {'width': 480, 'height': 480, 'url': 'https://instagram.fcnd1-1.fna.fbcdn.net/v/t51.2885-15/72288977_2420571908026886_5125053117854542628_n.jpg?stp=dst-jpg_e35_s480x480&_nc_ht=instagram.fcnd1-1.fna.fbcdn.net&_nc_cat=102&_nc_ohc=vWc1PYTLVboAX_xaMBT&edm=ACWDqb8BAAAA&ccb=7-4&ig_cache_key=MjE0OTY2NTM5NTg4MjMzNzk1MA%3D%3D.2-ccb7-4&oh=00_AT_hQ0ffsA4oj8SxsSdT4iPpdRNL7Rkr26GiZTAWIDpmyg&oe=627F2BEF&_nc_sid=1527a3', 'scans_profile': 'e35', 'estimated_scans_sizes': [5326, 10652, 15978, 21304, 26630, 32060, 925227, 47934, 47934]}, 'thumbnail': {'width': 480, 'height': 480, 'url': 'https://instagram.fcnd1-1.fna.fbcdn.net/v/t51.2885-15/72288977_2420571908026886_5125053117854542628_n.jpg?stp=dst-jpg_e35_s480x480&_nc_ht=instagram.fcnd1-1.fna.fbcdn.net&_nc_cat=102&_nc_ohc=vWc1PYTLVboAX_xaMBT&edm=ACWDqb8BAAAA&ccb=7-4&ig_cache_key=MjE0OTY2NTM5NTg4MjMzNzk1MA%3D%3D.2-ccb7-4&oh=00_AT_hQ0ffsA4oj8SxsSdT4iPpdRNL7Rkr26GiZTAWIDpmyg&oe=627F2BEF&_nc_sid=1527a3', 'scans_profile': 'e35', 'estimated_scans_sizes': [5326, 10652, 15978, 21304, 26630, 32060, 925227, 47934, 47934]}, 'standard_resolution': {'width': 1440, 'height': 1440, 'url': 'https://instagram.fcnd1-1.fna.fbcdn.net/v/t51.2885-15/72288977_2420571908026886_5125053117854542628_n.jpg?se=7&stp=dst-jpg_e35&_nc_ht=instagram.fcnd1-1.fna.fbcdn.net&_nc_cat=102&_nc_ohc=vWc1PYTLVboAX_xaMBT&edm=ACWDqb8BAAAA&ccb=7-4&ig_cache_key=MjE0OTY2NTM5NTg4MjMzNzk1MA%3D%3D.2-ccb7-4&oh=00_AT-m8Ai_LuhFwNfiDzk2RJQ2w4jlM_rJ27WPH6AaAJKJkA&oe=627F2BEF&_nc_sid=1527a3', 'scans_profile': 'e35', 'estimated_scans_sizes': [35861, 71722, 107584, 143445, 179306, 200643, 255326, 290190, 322752]}}",,,1440.0,1440.0
